user_id,product_id,event_type,event_weight,day
416,200,click,2,0
211,48,click,2,0
40,54,cart,3,0
326,43,view,1,0
442,92,cart,3,0
148,8,view,1,0
6,134,view,1,0
472,43,view,1,0
151,134,cart,3,0
286,81,click,2,0
288,160,cart,3,0
288,45,view,1,0
145,45,click,2,0
155,164,view,1,0
390,81,view,1,0
425,100,view,1,0
163,105,view,1,0
268,34,click,2,0
378,35,view,1,0
108,126,cart,3,0
301,89,click,2,0
301,160,click,2,0
80,15,purchase,5,0
450,155,view,1,0
74,50,view,1,0
435,81,click,2,0
74,160,view,1,0
298,198,purchase,5,0
300,150,click,2,0
141,4,cart,3,0
111,134,view,1,0
111,125,click,2,0
349,152,cart,3,0
78,120,view,1,0
258,168,click,2,0
464,105,cart,3,0
464,105,view,1,0
405,34,click,2,0
324,160,view,1,0
321,108,view,1,0
356,111,view,1,0
136,23,view,1,0
59,129,view,1,0
303,81,cart,3,0
460,181,cart,3,0
381,70,click,2,0
380,7,click,2,0
336,81,click,2,0
79,9,view,1,0
254,156,view,1,0
461,134,view,1,0
46,143,click,2,0
423,152,click,2,0
422,150,view,1,0
255,62,view,1,0
459,126,cart,3,0
231,29,view,1,0
418,43,view,1,0
491,35,purchase,5,0
490,190,cart,3,0
228,105,view,1,0
191,143,click,2,0
265,67,view,1,0
477,143,click,2,0
9,134,click,2,0
405,129,view,1,0
316,18,cart,3,0
406,107,view,1,0
358,86,cart,3,0
237,150,purchase,5,0
98,51,view,1,0
187,152,view,1,0
243,30,click,2,0
246,74,view,1,0
115,152,cart,3,0
333,164,click,2,0
94,105,view,1,0
289,86,purchase,5,0
495,67,click,2,0
495,70,click,2,0
222,43,view,1,0
336,81,view,1,0
9,189,cart,3,0
453,86,view,1,0
312,22,cart,3,0
40,67,cart,3,0
487,34,view,1,0
244,157,view,1,0
82,45,click,2,1
158,124,cart,3,1
112,67,view,1,1
431,200,cart,3,1
302,13,cart,3,1
268,174,cart,3,1
270,105,view,1,1
452,45,view,1,1
399,134,click,2,1
167,125,click,2,1
254,164,view,1,1
230,29,cart,3,1
166,180,cart,3,1
388,81,view,1,1
388,13,purchase,5,1
302,81,view,1,1
49,95,view,1,1
434,105,click,2,1
378,70,click,2,1
260,171,view,1,1
20,105,click,2,1
381,67,view,1,1
38,109,view,1,1
83,178,view,1,1
147,43,view,1,1
442,77,cart,3,1
227,177,view,1,1
192,34,view,1,1
332,18,click,2,1
213,134,view,1,1
218,94,view,1,1
121,134,view,1,1
413,54,click,2,1
152,88,cart,3,1
155,138,click,2,1
280,96,click,2,1
74,150,view,1,1
154,81,cart,3,1
283,129,view,1,1
18,81,click,2,1
244,22,click,2,1
457,16,cart,3,1
79,180,purchase,5,1
386,185,click,2,1
384,123,cart,3,1
113,129,click,2,1
399,106,cart,3,1
383,143,view,1,1
355,92,view,1,1
254,132,view,1,1
453,81,view,1,1
252,9,view,1,1
47,181,view,1,1
354,105,view,1,1
403,166,click,2,1
477,73,cart,3,1
192,134,view,1,1
228,105,click,2,1
7,107,click,2,1
192,134,click,2,1
448,95,view,1,1
334,5,view,1,1
487,174,view,1,1
454,121,view,1,1
187,84,view,1,1
436,164,view,1,1
98,7,view,1,1
243,30,view,1,1
35,134,view,1,1
131,22,view,1,1
307,9,click,2,1
13,149,purchase,5,1
369,134,view,1,1
94,29,purchase,5,1
369,152,click,2,1
209,51,view,1,1
94,105,purchase,5,1
441,200,click,2,1
220,5,click,2,1
49,67,cart,3,1
416,189,view,1,1
288,86,cart,3,1
148,164,view,1,1
62,3,cart,3,1
218,43,view,1,1
217,84,cart,3,1
217,167,purchase,5,2
213,29,view,1,2
424,4,view,1,2
286,88,click,2,2
225,180,view,1,2
197,105,click,2,2
333,90,view,1,2
447,88,purchase,5,2
448,67,cart,3,2
333,164,cart,3,2
236,166,view,1,2
235,70,view,1,2
35,134,click,2,2
131,81,click,2,2
293,99,click,2,2
138,43,cart,3,2
138,134,view,1,2
303,81,cart,3,2
302,20,view,1,2
302,143,click,2,2
302,81,cart,3,2
397,47,click,2,2
390,164,view,1,2
232,9,view,1,2
230,34,view,1,2
229,134,click,2,2
7,180,view,1,2
20,134,cart,3,2
476,160,view,1,2
165,85,view,1,2
260,126,view,1,2
354,61,view,1,2
100,157,view,1,2
46,180,view,1,2
255,81,click,2,2
19,45,purchase,5,2
476,160,click,2,2
46,81,click,2,2
104,164,view,1,2
350,86,cart,3,2
141,180,view,1,2
302,13,cart,3,2
377,84,view,1,2
394,134,view,1,2
167,118,click,2,2
167,134,click,2,2
279,107,click,2,2
277,43,click,2,2
281,195,cart,3,2
25,152,cart,3,2
312,160,view,1,2
133,70,view,1,2
309,180,click,2,2
80,81,cart,3,2
79,85,view,1,2
420,164,view,1,2
458,148,view,1,2
177,43,view,1,2
373,151,click,2,2
271,45,purchase,5,2
46,5,view,1,2
108,126,view,1,2
266,172,click,2,2
435,112,click,2,2
363,34,view,1,2
364,35,click,2,2
250,105,view,1,2
47,34,view,1,2
442,77,view,1,2
466,81,view,1,2
429,64,cart,3,2
294,34,click,2,2
428,95,cart,3,2
85,200,purchase,5,2
336,180,click,2,2
356,134,view,1,2
60,146,cart,3,2
404,72,click,2,2
453,152,click,2,2
82,45,click,2,2
380,166,view,1,2
123,67,view,1,2
428,95,view,1,2
423,129,click,2,2
73,18,view,1,2
475,152,view,1,2
26,22,view,1,2
27,143,view,1,2
299,10,purchase,5,2
319,105,cart,3,2
123,166,view,1,2
127,190,view,1,2
15,104,cart,3,2
482,67,click,2,2
172,119,view,1,2
174,142,click,2,2
252,180,view,1,2
410,129,purchase,5,2
408,16,cart,3,2
412,161,view,1,2
415,148,view,1,2
435,40,view,1,2
239,29,cart,3,2
238,105,view,1,2
453,160,view,1,2
188,164,view,1,2
9,134,purchase,5,2
57,167,click,2,2
345,134,view,1,2
92,143,click,2,2
199,134,click,2,2
496,48,cart,3,2
95,134,purchase,5,3
3,121,view,1,3
2,167,cart,3,3
497,132,click,2,3
369,164,view,1,3
289,24,cart,3,3
220,7,view,1,3
200,134,purchase,5,3
109,34,cart,3,3
344,165,view,1,3
109,34,view,1,3
236,166,click,2,3
187,43,click,2,3
237,22,view,1,3
186,77,view,1,3
431,34,cart,3,3
173,63,click,2,3
488,43,view,1,3
495,51,cart,3,3
173,164,click,2,3
74,77,view,1,3
48,80,click,2,3
317,35,cart,3,3
82,35,click,2,3
200,125,view,1,3
293,82,view,1,3
25,144,view,1,3
292,7,click,2,3
84,148,click,2,3
157,105,view,1,3
82,85,purchase,5,3
489,134,view,1,3
87,166,click,2,3
108,85,view,1,3
475,88,view,1,3
15,7,click,2,3
459,10,view,1,3
135,167,view,1,3
71,10,cart,3,3
27,180,view,1,3
282,19,click,2,3
283,62,cart,3,3
281,112,cart,3,3
277,54,cart,3,3
377,2,cart,3,3
340,45,cart,3,3
136,67,purchase,5,3
241,129,click,2,3
145,45,view,1,3
137,70,click,2,3
96,134,purchase,5,3
145,185,purchase,5,3
380,160,click,2,3
400,57,view,1,3
191,167,view,1,3
265,90,view,1,3
164,67,view,1,3
477,81,cart,3,3
263,134,view,1,3
439,23,click,2,3
167,134,purchase,5,3
299,132,view,1,3
78,43,view,1,3
77,9,cart,3,3
277,132,view,1,3
56,109,view,1,3
41,16,purchase,5,3
197,44,view,1,3
242,67,click,2,3
447,170,click,2,3
289,105,cart,3,3
206,81,view,1,3
173,152,view,1,4
24,105,purchase,5,4
57,134,cart,3,4
239,10,view,1,4
211,34,purchase,5,4
362,150,view,1,4
317,148,view,1,4
128,86,cart,3,4
406,164,click,2,4
54,13,click,2,4
54,189,view,1,4
318,131,view,1,4
423,120,purchase,5,4
454,16,click,2,4
3,126,view,1,4
209,81,view,1,4
148,67,view,1,4
4,129,view,1,4
495,19,view,1,4
199,134,view,1,4
441,43,view,1,4
428,67,view,1,4
305,4,view,1,4
305,29,click,2,4
86,81,click,2,4
380,200,click,2,4
366,89,view,1,4
365,166,view,1,4
71,43,click,2,4
249,134,purchase,5,4
137,35,purchase,5,4
73,110,click,2,4
83,54,purchase,5,4
429,94,cart,3,4
466,13,view,1,4
9,134,view,1,4
292,200,view,1,4
294,53,view,1,4
416,134,view,1,4
4,152,view,1,4
392,134,view,1,4
238,105,click,2,4
469,120,click,2,4
332,143,view,1,4
120,134,click,2,4
369,152,click,2,4
344,34,purchase,5,4
109,34,view,1,4
390,81,cart,3,4
200,81,purchase,5,4
331,67,view,1,4
221,84,view,1,4
215,88,click,2,4
408,160,click,2,4
367,167,view,1,4
122,63,click,2,4
279,35,view,1,4
24,105,view,1,4
178,125,view,1,4
35,132,view,1,4
401,43,cart,3,4
55,132,cart,3,4
22,134,view,1,4
162,54,cart,3,4
176,34,view,1,4
15,34,cart,3,4
15,34,view,1,4
249,96,click,2,4
137,85,click,2,4
144,105,click,2,4
158,29,view,1,4
447,70,cart,3,4
112,29,click,2,4
74,168,view,1,4
86,81,view,1,4
100,67,click,2,4
18,5,purchase,5,4
479,173,view,1,4
300,81,purchase,5,4
260,118,cart,3,4
461,113,click,2,4
85,74,purchase,5,4
350,31,view,1,4
427,138,cart,3,4
302,165,view,1,4
256,51,click,2,4
78,45,view,1,4
113,34,click,2,4
492,133,view,1,4
138,191,click,2,4
234,1,click,2,4
235,40,view,1,4
459,180,purchase,5,4
192,134,view,1,4
131,81,view,1,4
36,34,purchase,5,4
227,134,click,2,4
180,105,view,1,4
449,16,view,1,4
235,134,view,1,4
450,165,view,1,4
205,159,purchase,5,4
425,88,view,1,4
157,13,click,2,4
425,57,click,2,4
74,162,click,2,4
211,200,click,2,4
493,143,cart,3,4
64,180,view,1,4
415,108,view,1,4
414,54,click,2,4
214,105,cart,3,5
408,160,click,2,5
221,2,view,1,5
450,160,click,2,5
213,105,view,1,5
121,134,view,1,5
85,152,view,1,5
209,81,cart,3,5
441,22,view,1,5
200,134,view,1,5
441,45,view,1,5
164,90,click,2,5
164,131,view,1,5
85,200,click,2,5
265,2,purchase,5,5
265,67,click,2,5
447,62,view,1,5
139,67,view,1,5
256,67,click,2,5
255,81,view,1,5
465,35,click,2,5
139,88,purchase,5,5
300,149,click,2,5
352,57,view,1,5
69,45,view,1,5
434,22,view,1,5
192,134,cart,3,5
419,160,cart,3,5
481,105,view,1,5
101,166,click,2,5
429,89,cart,3,5
66,13,cart,3,5
46,164,purchase,5,5
252,121,click,2,5
318,67,view,1,5
174,77,view,1,5
320,67,click,2,5
464,105,view,1,5
423,190,view,1,5
126,180,cart,3,5
82,150,purchase,5,5
403,34,click,2,5
403,94,click,2,5
382,67,view,1,5
428,164,cart,3,5
38,107,view,1,5
143,155,cart,3,5
397,22,view,1,5
436,181,view,1,5
437,12,purchase,5,5
476,160,view,1,5
431,34,view,1,5
348,134,view,1,5
20,44,click,2,5
431,200,view,1,5
276,93,view,1,5
372,194,view,1,5
353,55,view,1,5
99,87,view,1,5
102,3,view,1,5
257,81,click,2,5
84,134,click,2,5
85,152,view,1,5
100,39,cart,3,5
333,166,view,1,5
41,45,cart,3,5
115,53,click,2,5
336,180,click,2,5
286,167,click,2,5
442,67,view,1,5
227,43,view,1,5
225,62,view,1,5
487,91,cart,3,5
312,72,view,1,5
340,22,cart,3,5
153,22,cart,3,5
153,160,view,1,5
25,200,click,2,5
180,105,view,1,5
180,67,purchase,5,5
129,18,click,2,5
153,45,click,2,5
145,117,click,2,5
380,22,view,1,5
242,98,click,2,5
182,48,view,1,5
200,178,cart,3,5
200,134,click,2,5
187,66,view,1,5
186,150,view,1,5
52,9,cart,3,5
48,60,purchase,5,5
390,181,click,2,5
195,152,view,1,5
11,105,view,1,5
238,105,cart,3,5
80,81,view,1,5
145,84,view,1,5
445,88,view,1,5
292,87,purchase,5,5
30,164,view,1,5
33,35,view,1,5
460,54,view,1,5
399,81,view,1,5
246,75,view,1,5
56,29,click,2,6
102,3,purchase,5,6
300,94,view,1,6
258,166,view,1,6
68,160,view,1,6
462,161,view,1,6
18,143,purchase,5,6
20,84,click,2,6
230,5,purchase,5,6
121,118,view,1,6
122,168,click,2,6
377,30,view,1,6
113,77,view,1,6
480,35,view,1,6
386,160,purchase,5,6
231,29,view,1,6
7,4,view,1,6
387,34,click,2,6
231,39,cart,3,6
490,130,view,1,6
65,105,click,2,6
4,174,purchase,5,6
118,105,purchase,5,6
437,131,purchase,5,6
324,86,view,1,6
123,18,click,2,6
123,166,view,1,6
144,105,click,2,6
317,34,view,1,6
340,81,view,1,6
21,43,view,1,6
174,105,cart,3,6
252,102,view,1,6
14,134,view,1,6
124,113,purchase,5,6
159,134,cart,3,6
378,108,view,1,6
397,81,cart,3,6
438,117,click,2,6
71,43,click,2,6
71,43,click,2,6
371,44,view,1,6
88,18,cart,3,6
354,5,view,1,6
438,195,cart,3,6
438,81,click,2,6
88,164,view,1,6
161,95,click,2,6
266,143,cart,3,6
348,22,purchase,5,6
96,99,view,1,6
357,48,view,1,6
441,22,cart,3,6
347,190,view,1,6
212,164,view,1,6
476,22,view,1,6
369,67,click,2,6
413,84,click,2,6
51,23,view,1,6
497,158,purchase,5,6
497,43,click,2,6
496,84,cart,3,6
496,54,cart,3,6
325,79,view,1,6
407,36,purchase,5,6
212,18,view,1,6
366,166,cart,3,6
113,152,cart,3,6
113,5,view,1,6
79,4,cart,3,6
178,66,click,2,6
56,81,purchase,5,6
306,160,view,1,6
304,69,click,2,6
144,134,view,1,6
296,79,cart,3,6
294,152,view,1,6
159,99,view,1,6
379,5,click,2,6
21,70,click,2,6
468,105,cart,3,6
145,168,cart,3,6
430,112,cart,3,6
360,78,view,1,6
99,152,click,2,6
59,200,view,1,6
356,134,purchase,5,6
243,16,cart,3,6
180,105,click,2,6
313,129,view,1,6
448,34,click,2,6
286,81,view,1,6
284,81,view,1,6
288,13,cart,3,6
288,150,view,1,6
276,67,view,1,6
280,134,click,2,6
151,81,cart,3,6
151,81,purchase,5,6
59,160,cart,3,6
345,134,click,2,6
282,67,purchase,5,6
472,134,click,2,6
59,22,click,2,6
178,123,cart,3,6
384,143,purchase,5,6
25,53,click,2,6
343,126,view,1,6
36,152,cart,3,6
75,88,cart,3,6
361,180,view,1,6
238,105,click,2,6
425,157,cart,3,6
331,67,view,1,6
496,9,click,2,6
188,129,cart,3,6
489,125,view,1,6
235,34,view,1,6
333,54,view,1,6
431,34,cart,3,6
52,62,click,2,6
431,134,click,2,6
488,54,view,1,6
373,81,click,2,6
88,93,view,1,6
469,132,purchase,5,6
1,48,view,1,6
497,67,view,1,7
415,14,cart,3,7
496,70,click,2,7
203,29,view,1,7
289,150,view,1,7
442,46,purchase,5,7
191,36,cart,3,7
25,134,click,2,7
472,96,view,1,7
472,148,click,2,7
278,35,view,1,7
153,168,cart,3,7
151,29,view,1,7
24,105,view,1,7
151,81,view,1,7
286,192,view,1,7
278,34,cart,3,7
394,134,click,2,7
141,121,click,2,7
299,132,cart,3,7
444,45,view,1,7
489,152,view,1,7
235,157,view,1,7
48,84,click,2,7
359,45,click,2,7
381,97,view,1,7
25,129,view,1,7
362,160,purchase,5,7
192,129,view,1,7
228,105,view,1,7
97,134,cart,3,7
490,81,view,1,7
68,45,view,1,7
68,28,view,1,7
406,48,click,2,7
446,23,click,2,7
73,32,view,1,7
140,34,click,2,7
427,171,cart,3,7
426,105,cart,3,7
256,22,purchase,5,7
459,35,click,2,7
258,152,view,1,7
255,13,view,1,7
261,9,cart,3,7
262,134,cart,3,7
476,168,view,1,7
265,95,cart,3,7
88,7,click,2,7
435,81,click,2,7
185,90,view,1,7
186,112,view,1,7
334,105,click,2,7
379,5,view,1,7
161,157,click,2,7
334,77,view,1,7
9,189,cart,3,7
488,45,purchase,5,7
488,22,view,1,7
488,43,view,1,7
436,181,view,1,7
453,86,view,1,7
321,200,view,1,7
321,34,purchase,5,7
245,30,view,1,7
399,152,view,1,7
461,16,view,1,7
461,175,cart,3,7
161,167,click,2,7
46,110,cart,3,7
105,42,view,1,7
20,112,cart,3,7
390,5,click,2,7
392,189,purchase,5,7
193,134,view,1,7
435,167,cart,3,7
146,67,click,2,7
147,177,click,2,7
441,22,click,2,7
227,8,cart,3,7
245,132,click,2,7
172,67,view,1,7
380,29,view,1,7
167,134,view,1,7
173,105,cart,3,7
459,62,purchase,5,7
249,134,cart,3,7
114,81,click,2,7
457,125,click,2,7
305,105,view,1,7
395,164,view,1,7
240,5,cart,3,7
72,2,view,1,7
118,29,click,2,7
323,132,click,2,7
205,8,view,1,7
227,134,click,2,7
332,164,cart,3,7
332,59,view,1,7
65,29,click,2,7
217,124,purchase,5,7
442,13,click,2,7
433,47,view,1,7
366,149,cart,3,7
130,36,click,2,7
420,100,view,1,7
96,152,view,1,8
235,4,view,1,8
298,2,cart,3,8
323,45,click,2,8
192,14,view,1,8
112,193,view,1,8
4,92,click,2,8
56,40,view,1,8
24,48,cart,3,8
495,107,view,1,8
366,160,cart,3,8
497,166,click,2,8
417,190,cart,3,8
365,57,click,2,8
204,132,view,1,8
209,29,cart,3,8
149,88,view,1,8
191,77,view,1,8
24,77,click,2,8
470,180,purchase,5,8
146,45,purchase,5,8
276,45,view,1,8
178,66,view,1,8
70,5,view,1,8
76,93,cart,3,8
166,35,view,1,8
476,185,click,2,8
86,129,purchase,5,8
378,35,view,1,8
263,134,view,1,8
351,57,click,2,8
348,45,click,2,8
474,134,cart,3,8
475,43,cart,3,8
427,181,view,1,8
41,103,click,2,8
187,70,view,1,8
108,48,view,1,8
98,22,view,1,8
241,200,view,1,8
128,134,cart,3,8
68,94,click,2,8
38,35,view,1,8
37,54,cart,3,8
125,43,view,1,8
321,152,cart,3,8
372,32,view,1,8
239,132,view,1,8
48,120,view,1,8
48,43,view,1,8
334,5,view,1,8
143,114,view,1,8
189,134,click,2,8
404,84,view,1,8
473,34,view,1,8
153,45,purchase,5,8
252,180,view,1,8
168,34,purchase,5,8
484,43,view,1,8
352,67,purchase,5,8
423,34,view,1,8
252,48,view,1,8
73,67,view,1,8
455,34,cart,3,8
179,48,cart,3,8
352,181,view,1,8
394,167,cart,3,8
309,70,purchase,5,8
456,152,click,2,8
59,34,view,1,8
410,99,click,2,8
408,89,cart,3,8
199,134,purchase,5,8
433,105,view,1,8
385,134,purchase,5,8
137,67,view,1,8
34,160,view,1,8
79,48,view,1,8
457,84,purchase,5,8
110,44,view,1,8
43,105,cart,3,8
179,126,click,2,8
242,134,cart,3,8
305,180,cart,3,8
241,132,click,2,8
316,29,view,1,8
227,152,view,1,8
424,107,cart,3,8
146,67,cart,3,8
25,7,cart,3,8
288,86,click,2,8
327,125,click,2,8
325,67,view,1,8
325,67,view,1,8
323,43,view,1,8
199,34,click,2,8
450,86,view,1,9
199,134,view,1,9
205,134,view,1,9
214,48,view,1,9
328,54,view,1,9
197,43,click,2,9
434,165,cart,3,9
223,134,view,1,9
223,160,cart,3,9
78,70,view,1,9
217,84,view,1,9
49,129,purchase,5,9
75,35,purchase,5,9
24,105,view,1,9
229,75,view,1,9
193,96,purchase,5,9
109,75,click,2,9
100,67,click,2,9
90,168,cart,3,9
89,16,view,1,9
422,45,cart,3,9
17,168,purchase,5,9
252,70,view,1,9
83,134,cart,3,9
100,68,cart,3,9
30,193,view,1,9
402,89,click,2,9
247,105,view,1,9
56,13,click,2,9
99,190,view,1,9
59,7,click,2,9
386,22,click,2,9
338,105,view,1,9
163,171,click,2,9
163,56,click,2,9
300,22,view,1,9
465,4,view,1,9
141,180,view,1,9
27,108,view,1,9
56,34,view,1,9
161,166,view,1,9
161,19,click,2,9
162,152,click,2,9
436,131,purchase,5,9
333,79,view,1,9
117,34,view,1,9
348,134,view,1,9
345,138,cart,3,9
237,2,purchase,5,9
488,150,click,2,9
88,34,view,1,9
245,84,click,2,9
165,126,view,1,9
165,118,cart,3,9
337,97,cart,3,9
477,103,cart,3,9
378,134,click,2,9
302,13,view,1,9
166,197,view,1,9
479,67,cart,3,9
242,134,view,1,9
486,67,click,2,9
400,138,view,1,9
456,190,click,2,9
475,48,view,1,9
288,45,view,1,9
220,13,click,2,9
94,105,cart,3,9
491,70,cart,3,9
491,107,view,1,9
381,134,view,1,9
435,159,view,1,9
490,5,cart,3,9
144,164,view,1,9
339,67,view,1,9
473,63,view,1,9
189,134,click,2,9
281,24,view,1,9
322,134,view,1,9
7,88,cart,3,9
276,160,click,2,9
80,134,view,1,9
299,77,view,1,9
423,34,view,1,9
393,133,cart,3,9
57,81,view,1,9
74,81,view,1,9
394,113,click,2,9
41,77,cart,3,9
405,129,view,1,9
112,164,purchase,5,9
124,66,click,2,9
368,193,purchase,5,9
63,190,view,1,9
2,20,view,1,9
408,132,view,1,9
443,134,click,2,9
68,150,click,2,9
317,67,view,1,9
127,67,view,1,9
69,45,click,2,9
17,105,view,1,10
481,105,view,1,10
252,107,click,2,10
360,67,cart,3,10
457,134,click,2,10
428,126,cart,3,10
402,41,cart,3,10
255,77,view,1,10
114,81,click,2,10
174,105,click,2,10
438,134,click,2,10
441,160,click,2,10
48,16,click,2,10
493,81,view,1,10
493,81,purchase,5,10
328,167,purchase,5,10
327,45,view,1,10
492,143,click,2,10
223,45,click,2,10
94,143,cart,3,10
345,134,click,2,10
468,105,view,1,10
392,134,view,1,10
78,161,purchase,5,10
437,79,cart,3,10
246,26,view,1,10
459,141,click,2,10
88,84,click,2,10
488,150,cart,3,10
237,34,click,2,10
187,67,cart,3,10
41,132,view,1,10
52,48,view,1,10
334,167,cart,3,10
115,34,view,1,10
43,105,view,1,10
350,34,click,2,10
378,77,view,1,10
164,43,click,2,10
276,22,view,1,10
399,166,purchase,5,10
397,13,click,2,10
477,29,click,2,10
400,62,purchase,5,10
316,134,cart,3,10
310,107,click,2,10
13,152,view,1,10
131,2,cart,3,10
308,155,purchase,5,10
240,105,click,2,10
40,67,view,1,10
400,19,cart,3,10
390,157,view,1,10
28,54,view,1,10
113,152,view,1,10
178,118,view,1,10
76,189,view,1,10
260,106,click,2,10
460,16,cart,3,10
246,34,view,1,10
78,159,view,1,10
291,45,click,2,10
65,156,purchase,5,10
275,167,cart,3,10
339,192,view,1,10
297,54,cart,3,10
300,45,view,1,10
467,67,view,1,10
159,67,click,2,10
394,14,view,1,10
74,15,cart,3,10
449,23,view,1,10
448,63,click,2,10
324,45,click,2,10
277,16,click,2,10
49,138,view,1,10
6,150,click,2,10
435,81,view,1,10
38,70,view,1,10
73,39,view,1,10
55,132,view,1,10
82,35,view,1,10
230,58,view,1,10
338,105,view,1,10
319,84,click,2,10
189,134,purchase,5,10
405,152,view,1,10
59,200,click,2,10
489,113,view,1,10
321,129,view,1,10
317,180,click,2,10
286,81,click,2,10
473,96,view,1,10
153,45,view,1,10
154,76,click,2,10
429,45,click,2,10
191,82,view,1,10
278,70,click,2,10
83,108,purchase,5,10
215,190,view,1,10
203,134,cart,3,10
368,10,click,2,10
91,72,purchase,5,10
417,152,cart,3,10
414,4,view,1,10
211,34,click,2,10
211,152,view,1,10
207,44,view,1,10
412,70,view,1,11
1,48,click,2,11
62,105,click,2,11
55,54,click,2,11
126,105,click,2,11
129,81,click,2,11
35,189,view,1,11
312,160,click,2,11
134,134,view,1,11
308,78,view,1,11
491,70,cart,3,11
230,45,purchase,5,11
48,5,view,1,11
194,84,purchase,5,11
229,35,purchase,5,11
228,29,click,2,11
194,43,click,2,11
195,34,click,2,11
197,16,click,2,11
47,59,view,1,11
437,166,view,1,11
373,77,purchase,5,11
488,160,view,1,11
236,57,view,1,11
9,118,click,2,11
235,180,view,1,11
7,107,purchase,5,11
356,134,click,2,11
360,67,purchase,5,11
246,152,view,1,11
246,152,view,1,11
14,148,click,2,11
400,4,click,2,11
178,125,click,2,11
245,57,click,2,11
420,67,view,1,11
383,164,purchase,5,11
304,149,view,1,11
306,22,view,1,11
337,45,click,2,11
459,70,view,1,11
76,152,view,1,11
390,67,cart,3,11
387,95,cart,3,11
302,77,view,1,11
27,120,cart,3,11
396,84,click,2,11
353,61,view,1,11
102,105,view,1,11
46,72,view,1,11
252,88,view,1,11
249,134,view,1,11
14,134,view,1,11
176,139,view,1,11
371,80,view,1,11
440,180,cart,3,11
106,35,view,1,11
379,55,click,2,11
476,160,click,2,11
164,43,click,2,11
165,180,purchase,5,11
16,29,view,1,11
72,84,view,1,11
74,134,click,2,11
44,84,click,2,11
474,67,view,1,11
271,97,click,2,11
270,105,view,1,11
270,105,purchase,5,11
299,84,view,1,11
464,29,cart,3,11
111,134,view,1,11
112,81,view,1,11
337,152,click,2,11
53,70,purchase,5,11
26,126,purchase,5,11
145,116,purchase,5,11
146,67,cart,3,11
291,89,click,2,11
57,129,view,1,11
148,95,click,2,11
441,22,cart,3,11
282,67,cart,3,11
153,22,view,1,11
472,132,view,1,11
279,166,view,1,11
474,67,view,1,11
206,70,cart,3,11
66,9,click,2,11
215,184,view,1,11
202,191,view,1,11
333,164,view,1,11
328,76,view,1,11
200,157,cart,3,11
494,67,view,1,11
220,20,view,1,11
217,105,cart,3,11
5,132,view,1,11
202,166,view,1,11
416,134,view,1,11
62,194,view,1,11
1,104,view,1,11
500,134,click,2,11
1,121,cart,3,11
415,75,click,2,12
324,168,purchase,5,12
126,134,cart,3,12
38,121,click,2,12
319,86,click,2,12
35,176,cart,3,12
129,180,view,1,12
204,84,cart,3,12
499,35,cart,3,12
206,68,click,2,12
279,180,cart,3,12
22,123,click,2,12
470,152,view,1,12
151,168,cart,3,12
42,4,purchase,5,12
424,180,purchase,5,12
289,81,click,2,12
484,34,view,1,12
484,152,view,1,12
100,193,view,1,12
357,107,purchase,5,12
191,35,click,2,12
373,5,view,1,12
88,34,click,2,12
181,134,click,2,12
10,165,view,1,12
303,143,cart,3,12
301,81,click,2,12
27,77,view,1,12
29,84,view,1,12
380,45,cart,3,12
113,81,cart,3,12
305,48,view,1,12
397,77,click,2,12
180,34,click,2,12
402,41,cart,3,12
263,62,click,2,12
265,166,view,1,12
351,78,cart,3,12
480,85,purchase,5,12
250,47,view,1,12
369,18,cart,3,12
73,38,click,2,12
47,51,click,2,12
296,67,purchase,5,12
293,134,click,2,12
112,90,view,1,12
111,113,view,1,12
475,129,view,1,12
162,34,click,2,12
270,9,click,2,12
273,35,click,2,12
161,129,cart,3,12
440,88,view,1,12
348,134,view,1,12
74,81,click,2,12
477,29,click,2,12
480,180,view,1,12
265,5,view,1,12
476,134,cart,3,12
477,24,purchase,5,12
351,57,view,1,12
79,2,view,1,12
415,125,view,1,12
496,36,view,1,12
95,125,purchase,5,12
49,67,cart,3,12
198,34,view,1,12
496,35,click,2,12
122,129,view,1,12
55,43,click,2,12
383,167,purchase,5,12
428,19,view,1,12
450,94,view,1,12
214,81,click,2,12
10,150,click,2,12
436,67,cart,3,12
227,166,cart,3,12
227,76,view,1,12
223,155,cart,3,12
493,35,click,2,12
494,81,click,2,12
96,165,view,1,12
98,67,view,1,12
227,118,view,1,12
7,70,view,1,12
455,7,view,1,12
456,7,click,2,12
134,189,purchase,5,12
491,70,view,1,13
360,59,view,1,13
197,132,click,2,13
7,35,view,1,13
6,45,purchase,5,13
197,132,click,2,13
217,73,view,1,13
451,114,view,1,13
331,57,click,2,13
331,95,cart,3,13
218,105,view,1,13
215,200,view,1,13
203,176,cart,3,13
370,22,view,1,13
415,134,view,1,13
324,45,click,2,13
73,124,view,1,13
424,110,view,1,13
423,53,purchase,5,13
475,126,view,1,13
273,180,view,1,13
108,70,click,2,13
348,22,click,2,13
275,188,view,1,13
108,62,click,2,13
347,152,cart,3,13
162,129,click,2,13
265,81,purchase,5,13
496,22,view,1,13
292,87,click,2,13
466,20,cart,3,13
144,134,click,2,13
379,81,view,1,13
268,54,click,2,13
255,81,view,1,13
167,134,cart,3,13
484,190,view,1,13
350,97,view,1,13
350,129,click,2,13
104,81,purchase,5,13
245,84,cart,3,13
178,16,cart,3,13
460,182,view,1,13
300,45,view,1,13
379,81,click,2,13
383,167,purchase,5,13
386,105,click,2,13
420,67,click,2,13
57,13,purchase,5,13
76,134,view,1,13
466,5,view,1,13
437,67,cart,3,13
178,134,view,1,13
47,164,click,2,13
353,143,view,1,13
102,145,view,1,13
337,160,view,1,13
51,2,view,1,13
238,3,view,1,13
184,34,cart,3,13
241,132,cart,3,13
235,180,purchase,5,13
240,38,cart,3,13
390,81,cart,3,13
1,34,click,2,13
499,88,cart,3,13
473,74,cart,3,13
127,5,view,1,13
347,129,click,2,13
472,6,view,1,13
318,5,click,2,13
35,134,click,2,13
497,95,view,1,13
55,132,click,2,13
123,67,view,1,13
123,22,click,2,13
66,126,view,1,13
4,200,purchase,5,13
24,105,view,1,13
282,67,view,1,13
232,34,view,1,13
191,13,cart,3,13
420,166,cart,3,13
358,81,cart,3,13
148,57,view,1,13
147,99,click,2,13
425,173,view,1,13
56,87,view,1,13
356,96,view,1,13
497,42,view,1,13
227,134,click,2,14
493,95,view,1,14
141,29,view,1,14
27,77,click,2,14
462,163,cart,3,14
452,45,cart,3,14
163,184,click,2,14
163,105,purchase,5,14
268,128,view,1,14
159,67,cart,3,14
159,194,cart,3,14
394,134,click,2,14
165,134,click,2,14
325,57,view,1,14
85,174,view,1,14
263,113,click,2,14
260,7,view,1,14
258,200,view,1,14
480,34,purchase,5,14
72,16,click,2,14
265,105,view,1,14
393,67,view,1,14
98,67,cart,3,14
10,149,view,1,14
194,43,cart,3,14
490,67,click,2,14
310,70,click,2,14
79,108,view,1,14
363,160,cart,3,14
332,95,view,1,14
204,60,view,1,14
200,134,click,2,14
219,180,click,2,14
452,168,purchase,5,14
93,48,view,1,14
361,134,click,2,14
49,181,view,1,14
96,200,view,1,14
463,180,view,1,14
138,191,view,1,14
30,166,click,2,14
115,121,cart,3,14
137,5,cart,3,14
58,114,view,1,14
243,132,purchase,5,14
76,34,cart,3,14
384,193,click,2,14
352,166,cart,3,14
58,45,view,1,14
167,134,cart,3,14
163,184,click,2,14
244,149,view,1,14
487,192,view,1,14
20,156,purchase,5,14
390,164,view,1,14
291,94,view,1,14
146,46,view,1,14
429,105,purchase,5,14
145,45,click,2,14
41,43,view,1,14
340,150,purchase,5,14
423,53,purchase,5,14
395,79,view,1,14
355,200,click,2,14
77,39,view,1,14
252,9,view,1,14
170,112,view,1,14
254,171,click,2,14
353,103,click,2,14
438,185,view,1,14
294,152,purchase,5,14
291,130,purchase,5,14
486,81,click,2,14
486,77,view,1,14
59,150,click,2,14
151,105,click,2,14
48,43,cart,3,14
356,134,view,1,14
240,134,view,1,14
181,189,click,2,14
238,13,click,2,14
490,81,click,2,14
394,77,view,1,14
13,45,purchase,5,14
442,67,view,1,14
469,42,view,1,14
65,110,view,1,14
417,104,view,1,14
206,180,click,2,14
212,157,view,1,14
206,166,view,1,14
469,67,purchase,5,14
155,59,view,1,14
116,43,view,1,14
416,134,click,2,14
38,35,click,2,14
62,105,view,1,14
321,48,click,2,14
82,4,purchase,5,14
341,113,view,1,14
9,36,purchase,5,14
235,67,cart,3,14
123,59,click,2,14
4,7,click,2,14
127,95,view,1,14
322,108,cart,3,14
499,35,cart,3,14
499,163,view,1,15
217,105,click,2,15
417,34,purchase,5,15
412,126,view,1,15
220,36,cart,3,15
5,49,cart,3,15
223,69,click,2,15
239,16,click,2,15
9,134,click,2,15
188,192,cart,3,15
189,102,view,1,15
489,5,click,2,15
402,67,view,1,15
419,29,click,2,15
441,43,view,1,15
110,43,cart,3,15
344,74,view,1,15
111,134,view,1,15
112,51,purchase,5,15
112,67,click,2,15
41,44,view,1,15
21,35,purchase,5,15
161,166,view,1,15
162,200,click,2,15
263,29,view,1,15
261,35,click,2,15
258,34,cart,3,15
256,94,view,1,15
17,73,view,1,15
72,132,cart,3,15
422,22,cart,3,15
211,34,click,2,15
211,34,view,1,15
497,160,click,2,15
290,34,view,1,15
151,167,view,1,15
24,47,click,2,15
276,45,view,1,15
74,13,view,1,15
429,86,view,1,15
381,4,purchase,5,15
83,134,view,1,15
380,22,click,2,15
113,86,view,1,15
448,174,purchase,5,15
115,134,view,1,15
41,67,click,2,15
118,105,view,1,15
121,118,view,1,15
325,67,view,1,15
452,86,cart,3,15
80,81,click,2,15
461,81,click,2,15
387,70,cart,3,15
387,67,click,2,15
77,105,view,1,15
302,195,view,1,15
300,45,view,1,15
28,45,cart,3,15
143,45,view,1,15
293,123,click,2,15
292,67,cart,3,15
318,81,view,1,15
131,105,view,1,15
456,147,click,2,15
309,70,view,1,15
457,120,cart,3,15
79,181,view,1,15
386,150,view,1,15
31,104,cart,3,15
303,81,cart,3,15
382,195,click,2,15
252,35,view,1,15
252,180,click,2,15
15,34,cart,3,15
246,129,cart,3,15
214,103,click,2,15
356,134,view,1,15
101,67,view,1,15
438,81,cart,3,15
104,53,click,2,15
431,190,view,1,15
86,63,cart,3,15
243,44,click,2,15
48,43,view,1,15
47,67,click,2,15
372,184,view,1,15
432,4,view,1,15
8,85,click,2,15
235,134,click,2,15
7,4,view,1,15
492,81,view,1,15
493,67,view,1,15
233,67,click,2,16
490,35,view,1,16
6,89,click,2,16
89,10,cart,3,16
433,167,view,1,16
52,160,view,1,16
87,22,cart,3,16
49,67,view,1,16
441,84,view,1,16
363,89,view,1,16
53,34,cart,3,16
180,29,view,1,16
215,184,view,1,16
360,95,purchase,5,16
46,105,view,1,16
429,160,view,1,16
173,77,click,2,16
244,67,cart,3,16
123,67,cart,3,16
180,105,purchase,5,16
319,150,view,1,16
400,57,purchase,5,16
399,77,cart,3,16
59,150,click,2,16
126,29,view,1,16
305,67,click,2,16
460,132,click,2,16
137,161,view,1,16
486,13,purchase,5,16
170,164,click,2,16
300,150,view,1,16
55,128,view,1,16
455,5,view,1,16
293,189,view,1,16
145,45,cart,3,16
302,45,view,1,16
290,34,cart,3,16
390,81,cart,3,16
300,45,cart,3,16
141,119,cart,3,16
466,77,view,1,16
387,151,cart,3,16
121,113,click,2,16
120,113,click,2,16
135,81,click,2,16
308,168,view,1,16
127,81,view,1,16
127,59,view,1,16
310,200,click,2,16
309,48,view,1,16
309,180,click,2,16
385,118,cart,3,16
319,22,view,1,16
319,164,purchase,5,16
303,167,click,2,16
29,23,click,2,16
484,174,cart,3,16
174,29,view,1,16
245,16,view,1,16
429,105,view,1,16
447,105,view,1,16
448,19,purchase,5,16
41,43,view,1,16
335,105,click,2,16
468,105,view,1,16
211,200,purchase,5,16
369,18,view,1,16
93,105,purchase,5,16
481,29,cart,3,16
423,129,cart,3,16
257,81,view,1,16
68,22,click,2,16
42,25,view,1,16
112,41,view,1,16
108,126,view,1,16
268,29,view,1,16
272,9,click,2,16
271,57,cart,3,16
271,45,click,2,16
146,189,view,1,16
425,166,click,2,16
148,67,click,2,16
24,97,click,2,16
235,84,view,1,16
206,67,view,1,16
59,152,click,2,16
239,10,view,1,16
182,170,view,1,16
407,169,view,1,16
66,36,view,1,16
212,49,cart,3,16
499,23,purchase,5,16
407,34,purchase,5,16
203,105,view,1,16
201,39,click,2,16
224,105,click,2,16
113,24,click,2,16
157,126,view,1,16
429,45,view,1,16
148,67,view,1,16
286,81,click,2,16
157,59,view,1,16
74,22,view,1,16
423,7,view,1,16
59,160,click,2,17
58,160,cart,3,17
399,118,cart,3,17
356,96,purchase,5,17
357,43,view,1,17
437,166,view,1,17
437,67,view,1,17
178,60,cart,3,17
438,45,click,2,17
374,160,click,2,17
355,33,click,2,17
399,134,click,2,17
324,168,purchase,5,17
123,59,purchase,5,17
13,45,cart,3,17
85,34,purchase,5,17
102,105,view,1,17
101,67,view,1,17
104,5,view,1,17
368,54,view,1,17
371,60,purchase,5,17
490,195,view,1,17
358,45,cart,3,17
88,160,view,1,17
450,165,click,2,17
120,134,click,2,17
449,54,view,1,17
53,108,click,2,17
428,164,purchase,5,17
82,160,click,2,17
461,134,view,1,17
28,168,cart,3,17
301,172,purchase,5,17
303,167,click,2,17
302,45,click,2,17
291,22,purchase,5,17
27,81,view,1,17
27,81,click,2,17
77,29,click,2,17
386,28,view,1,17
144,134,view,1,17
144,105,click,2,17
135,81,view,1,17
56,81,click,2,17
176,67,view,1,17
251,143,view,1,17
486,77,cart,3,17
254,7,view,1,17
482,181,purchase,5,17
137,174,view,1,17
318,67,view,1,17
312,97,cart,3,17
456,81,cart,3,17
309,70,view,1,17
89,13,click,2,17
230,112,click,2,17
102,105,view,1,17
487,200,view,1,17
13,28,view,1,17
181,134,view,1,17
441,98,click,2,17
362,160,cart,3,17
49,138,click,2,17
361,70,view,1,17
367,13,click,2,17
365,57,view,1,17
359,5,purchase,5,17
8,74,view,1,17
98,79,cart,3,17
146,117,cart,3,17
148,138,click,2,17
292,147,cart,3,17
263,29,purchase,5,17
164,54,click,2,17
399,81,view,1,17
469,43,click,2,17
281,81,view,1,17
153,86,cart,3,17
279,85,click,2,17
280,34,click,2,17
282,191,purchase,5,17
286,5,view,1,17
394,99,purchase,5,17
113,55,click,2,17
336,105,purchase,5,17
379,67,view,1,17
272,105,view,1,17
392,134,purchase,5,17
440,48,view,1,17
347,63,click,2,17
42,48,view,1,17
42,9,view,1,17
165,125,click,2,17
261,180,click,2,17
21,35,view,1,17
25,152,view,1,17
208,67,purchase,5,17
392,134,view,1,17
468,29,view,1,17
167,113,view,1,17
17,105,click,2,17
12,130,view,1,17
68,180,click,2,17
241,134,purchase,5,17
218,54,purchase,5,17
238,3,click,2,17
186,2,click,2,17
198,34,view,1,17
403,129,click,2,17
495,180,view,1,17
2,112,click,2,17
410,174,view,1,17
498,189,view,1,17
408,45,click,2,18
495,157,purchase,5,18
492,50,click,2,18
197,2,view,1,18
231,180,click,2,18
191,46,cart,3,18
432,180,view,1,18
98,67,cart,3,18
94,124,purchase,5,18
206,57,click,2,18
17,124,view,1,18
73,105,view,1,18
18,143,click,2,18
167,134,view,1,18
19,89,view,1,18
165,176,click,2,18
166,70,cart,3,18
160,74,cart,3,18
393,164,view,1,18
159,138,cart,3,18
273,9,view,1,18
281,81,view,1,18
23,160,view,1,18
283,85,view,1,18
470,7,click,2,18
288,94,click,2,18
146,45,click,2,18
425,181,click,2,18
296,67,view,1,18
296,57,cart,3,18
294,200,view,1,18
27,81,view,1,18
301,106,view,1,18
141,157,view,1,18
459,69,purchase,5,18
387,129,view,1,18
138,134,purchase,5,18
427,166,view,1,18
137,180,click,2,18
305,105,cart,3,18
386,168,view,1,18
38,70,click,2,18
320,67,view,1,18
322,167,click,2,18
58,9,view,1,18
486,81,click,2,18
251,86,click,2,18
174,143,purchase,5,18
245,132,purchase,5,18
252,62,view,1,18
38,121,click,2,18
121,43,cart,3,18
327,134,click,2,18
121,125,view,1,18
334,103,view,1,18
118,29,view,1,18
40,164,click,2,18
446,34,click,2,18
337,13,cart,3,18
115,129,view,1,18
380,160,view,1,18
447,29,view,1,18
113,7,view,1,18
42,62,view,1,18
442,81,cart,3,18
108,180,cart,3,18
340,150,click,2,18
235,34,view,1,18
238,184,click,2,18
9,189,view,1,18
189,22,purchase,5,18
189,118,cart,3,18
240,105,view,1,18
238,194,view,1,18
13,89,purchase,5,18
181,123,click,2,18
102,22,cart,3,18
352,67,cart,3,18
440,88,click,2,18
356,134,view,1,18
357,121,purchase,5,18
356,134,cart,3,18
356,113,view,1,18
497,67,purchase,5,18
206,57,click,2,18
64,134,click,2,18
1,126,view,1,18
498,105,click,2,18
1,126,cart,3,18
333,109,view,1,19
499,35,view,1,19
4,129,view,1,19
216,84,view,1,19
447,67,view,1,19
128,105,view,1,19
447,4,click,2,19
319,159,view,1,19
62,47,click,2,19
410,129,purchase,5,19
215,34,cart,3,19
46,143,view,1,19
141,34,purchase,5,19
365,67,view,1,19
172,3,view,1,19
429,22,view,1,19
27,32,purchase,5,19
466,52,view,1,19
368,2,click,2,19
472,125,click,2,19
155,67,cart,3,19
167,125,purchase,5,19
97,45,cart,3,19
302,167,view,1,19
238,88,view,1,19
461,118,view,1,19
459,123,view,1,19
302,134,click,2,19
80,81,cart,3,19
251,81,cart,3,19
251,77,view,1,19
24,105,view,1,19
469,132,view,1,19
76,48,view,1,19
387,129,purchase,5,19
472,1,view,1,19
278,129,view,1,19
277,16,cart,3,19
188,74,click,2,19
137,180,click,2,19
377,29,click,2,19
145,86,view,1,19
420,157,view,1,19
110,174,view,1,19
430,5,view,1,19
263,105,view,1,19
263,134,view,1,19
88,152,view,1,19
112,181,click,2,19
229,160,view,1,19
226,67,cart,3,19
224,105,cart,3,19
82,86,view,1,19
382,13,click,2,19
493,57,view,1,19
318,81,view,1,19
50,81,click,2,19
270,156,view,1,19
402,175,click,2,19
181,134,click,2,19
46,2,view,1,19
237,114,view,1,19
9,189,view,1,19
472,134,click,2,19
352,133,view,1,19
230,13,view,1,19
110,34,view,1,19
371,43,click,2,19
331,67,view,1,19
450,34,view,1,19
449,134,view,1,19
372,34,click,2,19
100,134,view,1,19
289,81,view,1,19
321,174,click,2,19
369,63,click,2,19
268,63,view,1,19
217,194,view,1,19
321,152,purchase,5,19
66,81,cart,3,19
229,65,cart,3,19
243,2,cart,3,19
473,34,view,1,19
110,84,cart,3,19
4,7,purchase,5,19
64,196,view,1,19
180,105,view,1,19
291,22,view,1,19
260,122,click,2,19
440,35,view,1,19
72,84,click,2,19
473,91,purchase,5,19
441,22,click,2,19
231,105,view,1,19
189,134,view,1,20
364,105,click,2,20
144,189,view,1,20
466,167,view,1,20
254,103,click,2,20
285,134,view,1,20
93,105,view,1,20
386,22,click,2,20
384,134,cart,3,20
280,134,view,1,20
466,13,cart,3,20
25,81,purchase,5,20
265,81,click,2,20
55,43,purchase,5,20
15,200,click,2,20
359,43,purchase,5,20
286,129,cart,3,20
264,52,click,2,20
336,126,view,1,20
5,149,cart,3,20
338,95,view,1,20
319,86,view,1,20
328,2,click,2,20
499,105,view,1,20
499,43,view,1,20
498,118,cart,3,20
186,160,view,1,20
10,89,view,1,20
362,160,click,2,20
53,96,click,2,20
487,152,click,2,20
214,99,view,1,20
27,49,click,2,20
149,4,cart,3,20
231,48,click,2,20
398,2,cart,3,20
310,34,click,2,20
69,22,view,1,20
419,118,view,1,20
431,34,cart,3,20
88,7,purchase,5,20
419,134,click,2,20
18,13,click,2,20
367,134,view,1,20
165,48,view,1,20
180,171,view,1,20
307,70,cart,3,20
303,5,click,2,20
443,34,click,2,20
155,147,cart,3,20
404,132,cart,3,20
318,164,view,1,20
182,85,view,1,20
271,160,view,1,20
351,51,view,1,20
96,134,cart,3,20
141,88,view,1,20
226,67,view,1,20
223,81,click,2,20
337,165,click,2,20
35,134,view,1,20
493,166,cart,3,20
442,81,view,1,20
155,51,view,1,20
233,105,cart,3,20
144,134,cart,3,20
322,180,cart,3,20
21,167,click,2,20
475,126,cart,3,20
437,134,cart,3,20
307,13,purchase,5,20
260,200,click,2,20
484,63,click,2,20
289,77,cart,3,20
334,149,view,1,20
323,2,click,2,20
218,29,cart,3,20
292,104,view,1,20
267,110,view,1,20
267,105,click,2,20
450,22,purchase,5,20
451,160,purchase,5,20
21,88,click,2,20
161,152,click,2,20
497,67,purchase,5,20
496,132,cart,3,20
161,147,view,1,21
415,82,view,1,21
206,164,view,1,21
115,200,click,2,21
160,147,view,1,21
450,45,cart,3,21
203,113,click,2,21
161,45,view,1,21
334,39,cart,3,21
201,105,cart,3,21
63,145,click,2,21
20,105,cart,3,21
80,171,cart,3,21
484,5,view,1,21
25,84,cart,3,21
25,200,cart,3,21
162,84,cart,3,21
178,13,view,1,21
429,172,view,1,21
426,29,view,1,21
441,16,click,2,21
457,118,click,2,21
135,77,view,1,21
486,121,click,2,21
135,167,purchase,5,21
14,31,view,1,21
56,45,view,1,21
343,134,view,1,21
110,34,view,1,21
111,177,click,2,21
307,25,click,2,21
475,48,cart,3,21
136,35,click,2,21
231,29,click,2,21
397,45,click,2,21
53,8,view,1,21
244,67,view,1,21
289,5,view,1,21
455,81,cart,3,21
312,160,view,1,21
406,85,view,1,21
490,46,view,1,21
143,168,click,2,21
237,129,view,1,21
258,86,cart,3,21
242,134,purchase,5,21
244,67,view,1,21
243,97,click,2,21
476,113,view,1,21
441,134,cart,3,21
278,190,cart,3,21
188,129,view,1,21
372,29,view,1,21
87,134,click,2,21
131,13,cart,3,21
111,134,click,2,21
144,103,view,1,21
295,164,view,1,21
373,81,click,2,21
355,7,view,1,21
490,55,view,1,21
230,105,cart,3,21
403,152,click,2,21
491,168,click,2,21
394,81,purchase,5,21
254,166,view,1,21
143,43,view,1,21
493,67,view,1,21
80,143,click,2,21
261,134,view,1,21
76,50,click,2,21
361,48,click,2,21
128,105,click,2,21
167,134,click,2,21
300,180,view,1,21
434,32,click,2,21
155,132,view,1,21
17,29,view,1,21
38,180,view,1,21
203,81,purchase,5,21
168,152,cart,3,21
416,16,view,1,21
486,143,purchase,5,21
5,18,view,1,21
5,84,view,1,21
440,126,view,1,21
105,152,purchase,5,21
187,132,view,1,21
187,43,view,1,21
148,152,view,1,21
99,81,view,1,21
121,164,purchase,5,21
80,81,cart,3,21
176,18,view,1,21
80,143,view,1,21
338,59,cart,3,21
447,61,view,1,21
319,159,view,1,21
288,86,view,1,21
147,54,click,2,21
352,134,view,1,21
182,107,view,1,21
20,6,view,1,21
19,150,click,2,21
434,155,cart,3,21
74,160,click,2,21
360,95,purchase,5,21
348,134,purchase,5,21
283,118,click,2,21
79,121,click,2,21
302,148,view,1,21
363,45,view,1,21
199,164,view,1,22
218,105,view,1,22
334,3,click,2,22
217,105,view,1,22
206,67,view,1,22
40,84,view,1,22
203,134,click,2,22
201,137,click,2,22
468,134,click,2,22
192,134,view,1,22
47,67,click,2,22
344,5,purchase,5,22
244,45,cart,3,22
144,134,view,1,22
353,29,click,2,22
468,61,click,2,22
57,200,view,1,22
9,134,view,1,22
49,67,purchase,5,22
432,134,purchase,5,22
368,193,purchase,5,22
276,45,click,2,22
348,134,click,2,22
297,1,purchase,5,22
112,13,cart,3,22
172,105,view,1,22
252,107,cart,3,22
252,34,view,1,22
455,167,purchase,5,22
129,185,cart,3,22
127,59,view,1,22
446,34,click,2,22
9,134,view,1,22
155,67,cart,3,22
433,105,purchase,5,22
178,96,view,1,22
101,68,click,2,22
310,48,click,2,22
71,43,view,1,22
476,22,purchase,5,22
181,105,cart,3,22
235,180,click,2,22
180,105,purchase,5,22
442,77,view,1,22
281,81,cart,3,22
180,35,view,1,22
43,5,view,1,22
395,78,click,2,22
414,105,click,2,22
21,88,view,1,22
268,118,purchase,5,22
162,72,view,1,22
340,45,cart,3,22
163,105,click,2,22
100,67,view,1,22
350,97,view,1,22
238,39,purchase,5,22
186,160,view,1,22
138,162,cart,3,22
139,150,view,1,22
384,134,view,1,22
384,164,purchase,5,22
286,152,click,2,22
285,134,view,1,22
347,152,click,2,22
285,134,purchase,5,22
46,81,view,1,22
46,180,view,1,22
38,85,view,1,22
265,18,click,2,22
469,1,view,1,22
54,134,view,1,22
151,17,cart,3,22
427,75,click,2,22
24,105,cart,3,22
277,144,view,1,22
345,134,click,2,22
458,105,click,2,22
385,118,purchase,5,22
157,35,view,1,22
317,48,view,1,22
167,75,purchase,5,22
141,103,view,1,22
141,29,cart,3,22
416,14,view,1,22
327,88,view,1,22
394,189,view,1,22
24,67,view,1,22
354,5,click,2,22
487,34,purchase,5,22
487,152,view,1,22
288,89,view,1,22
454,168,purchase,5,22
416,124,view,1,22
319,43,view,1,22
454,89,click,2,22
249,134,view,1,22
384,5,view,1,22
114,132,view,1,22
435,88,click,2,22
498,189,view,1,22
120,126,view,1,22
120,189,view,1,22
414,84,cart,3,23
433,81,click,2,23
333,83,click,2,23
452,4,cart,3,23
40,177,click,2,23
480,35,cart,3,23
105,169,click,2,23
470,81,click,2,23
24,103,click,2,23
282,67,cart,3,23
483,29,view,1,23
83,45,view,1,23
107,18,view,1,23
186,2,view,1,23
238,105,view,1,23
166,180,view,1,23
394,105,click,2,23
239,132,view,1,23
104,34,click,2,23
440,13,click,2,23
73,105,cart,3,23
152,43,view,1,23
81,35,click,2,23
27,114,view,1,23
348,123,cart,3,23
301,86,view,1,23
74,81,cart,3,23
392,134,click,2,23
461,14,click,2,23
460,132,view,1,23
298,2,view,1,23
57,200,click,2,23
49,67,view,1,23
472,72,view,1,23
489,7,view,1,23
71,2,view,1,23
361,121,click,2,23
227,113,click,2,23
229,105,purchase,5,23
227,134,click,2,23
192,49,cart,3,23
265,157,view,1,23
19,168,cart,3,23
52,44,view,1,23
263,184,cart,3,23
293,134,cart,3,23
265,164,view,1,23
340,129,cart,3,23
191,5,cart,3,23
110,10,cart,3,23
305,48,click,2,23
490,152,click,2,23
18,167,view,1,23
279,48,cart,3,23
82,9,click,2,23
153,22,view,1,23
367,5,view,1,23
489,134,view,1,23
477,105,click,2,23
232,85,click,2,23
188,152,purchase,5,23
459,34,purchase,5,23
226,59,view,1,23
339,129,click,2,23
499,180,view,1,23
337,69,view,1,23
336,195,click,2,23
339,34,purchase,5,23
172,39,view,1,23
176,7,cart,3,23
484,105,view,1,23
163,110,view,1,23
409,4,click,2,23
407,67,view,1,23
200,108,click,2,23
200,57,click,2,23
200,134,click,2,23
66,121,click,2,23
408,43,view,1,23
80,23,click,2,23
453,45,view,1,23
129,70,purchase,5,23
276,34,click,2,23
263,134,purchase,5,23
15,152,click,2,23
466,2,click,2,23
286,8,view,1,23
406,67,view,1,23
131,77,click,2,23
406,97,view,1,23
405,34,click,2,23
226,89,view,1,23
69,168,click,2,23
446,77,view,1,23
211,91,click,2,23
347,34,view,1,24
380,34,purchase,5,24
472,162,view,1,24
457,111,view,1,24
300,45,click,2,24
73,81,click,2,24
183,45,view,1,24
74,13,purchase,5,24
297,2,view,1,24
138,134,click,2,24
186,84,view,1,24
422,117,view,1,24
299,98,view,1,24
10,150,purchase,5,24
300,45,view,1,24
97,134,view,1,24
211,152,view,1,24
326,44,click,2,24
215,134,view,1,24
215,73,view,1,24
201,29,cart,3,24
92,55,view,1,24
321,34,view,1,24
449,84,view,1,24
40,54,view,1,24
20,5,click,2,24
322,105,view,1,24
141,107,click,2,24
477,180,click,2,24
422,45,purchase,5,24
347,129,cart,3,24
325,51,view,1,24
350,130,view,1,24
373,5,purchase,5,24
280,43,view,1,24
155,132,view,1,24
477,31,cart,3,24
337,129,cart,3,24
246,122,cart,3,24
102,105,view,1,24
243,120,view,1,24
55,72,view,1,24
486,77,click,2,24
58,178,cart,3,24
459,70,click,2,24
307,5,click,2,24
308,4,click,2,24
192,22,click,2,24
250,184,view,1,24
400,166,click,2,24
345,176,view,1,24
346,107,view,1,24
166,9,view,1,24
97,134,cart,3,24
479,18,view,1,24
263,67,view,1,24
245,16,click,2,24
172,29,click,2,24
172,137,view,1,24
295,168,cart,3,24
172,79,purchase,5,24
80,77,cart,3,24
252,11,cart,3,24
165,120,view,1,24
473,34,purchase,5,24
108,126,purchase,5,24
289,81,cart,3,24
481,171,click,2,24
474,105,click,2,24
474,164,view,1,24
157,13,click,2,24
384,96,view,1,24
384,134,click,2,24
406,67,view,1,24
51,43,click,2,24
135,81,view,1,24
403,132,view,1,24
67,77,view,1,24
36,7,click,2,24
386,45,view,1,24
220,34,view,1,24
362,185,click,2,24
288,150,purchase,5,24
214,35,click,2,24
176,191,view,1,24
436,67,view,1,24
129,45,view,1,24
5,133,click,2,24
417,34,click,2,24
416,43,click,2,24
484,143,cart,3,24
113,34,view,1,24
65,137,view,1,24
407,164,click,2,24
162,148,cart,3,24
36,34,cart,3,24
310,129,view,1,24
163,152,click,2,24
371,159,cart,3,24
497,70,cart,3,24
2,167,view,1,24
483,48,view,1,25
79,9,click,2,25
292,192,purchase,5,25
356,134,view,1,25
100,181,cart,3,25
384,134,cart,3,25
149,35,view,1,25
174,129,click,2,25
427,164,cart,3,25
383,85,click,2,25
484,5,cart,3,25
487,200,view,1,25
493,45,view,1,25
69,45,click,2,25
68,89,view,1,25
68,134,cart,3,25
221,128,view,1,25
66,180,cart,3,25
318,78,view,1,25
49,67,view,1,25
275,5,view,1,25
113,127,view,1,25
405,48,view,1,25
493,5,purchase,5,25
400,43,view,1,25
311,13,click,2,25
111,125,cart,3,25
59,152,cart,3,25
309,48,cart,3,25
87,191,view,1,25
277,43,click,2,25
42,180,click,2,25
455,87,view,1,25
457,123,cart,3,25
56,40,purchase,5,25
246,198,cart,3,25
484,81,cart,3,25
486,81,view,1,25
153,94,view,1,25
172,124,view,1,25
252,4,click,2,25
240,81,cart,3,25
424,105,view,1,25
260,134,click,2,25
261,177,cart,3,25
440,180,purchase,5,25
137,134,view,1,25
72,54,click,2,25
422,117,click,2,25
192,93,view,1,25
456,34,click,2,25
9,189,purchase,5,25
236,164,view,1,25
29,134,click,2,25
9,189,purchase,5,25
433,5,cart,3,25
434,29,view,1,25
152,48,purchase,5,25
236,166,view,1,25
28,185,view,1,25
425,134,click,2,25
183,185,view,1,25
300,160,view,1,25
297,152,click,2,25
242,134,view,1,25
46,105,view,1,25
57,34,view,1,25
10,165,purchase,5,25
363,74,purchase,5,25
255,81,purchase,5,25
469,95,purchase,5,25
24,105,click,2,25
422,94,cart,3,25
186,84,view,1,25
1,180,click,2,25
4,152,purchase,5,25
211,157,click,2,25
205,160,cart,3,25
63,152,cart,3,25
63,14,purchase,5,25
334,81,view,1,25
331,67,view,1,25
448,200,cart,3,25
449,150,view,1,25
215,7,view,1,25
358,150,view,1,25
99,174,cart,3,25
360,115,cart,3,25
249,123,cart,3,25
61,86,purchase,5,25
37,33,click,2,25
319,22,view,1,25
453,165,purchase,5,25
453,45,view,1,25
324,81,purchase,5,25
89,84,purchase,5,25
475,34,view,1,25
268,129,click,2,25
475,48,view,1,25
218,43,cart,3,25
408,45,view,1,25
453,45,purchase,5,25
325,67,view,1,25
122,89,purchase,5,25
217,105,cart,3,26
124,134,cart,3,26
88,34,click,2,26
372,119,cart,3,26
475,180,cart,3,26
202,133,view,1,26
124,134,view,1,26
201,29,view,1,26
269,190,view,1,26
450,149,view,1,26
148,59,view,1,26
118,105,view,1,26
204,132,view,1,26
250,105,cart,3,26
209,81,view,1,26
412,4,click,2,26
167,134,click,2,26
27,81,cart,3,26
490,13,cart,3,26
141,180,click,2,26
83,67,view,1,26
236,192,cart,3,26
481,160,view,1,26
490,152,purchase,5,26
423,192,cart,3,26
167,134,view,1,26
54,166,cart,3,26
97,134,purchase,5,26
24,105,cart,3,26
468,3,view,1,26
363,22,click,2,26
76,134,cart,3,26
86,34,click,2,26
351,59,view,1,26
13,109,click,2,26
424,126,view,1,26
287,67,view,1,26
46,81,click,2,26
363,34,view,1,26
400,132,click,2,26
298,34,click,2,26
155,95,purchase,5,26
59,94,view,1,26
263,184,click,2,26
489,129,view,1,26
396,36,view,1,26
137,62,click,2,26
236,67,view,1,26
279,170,purchase,5,26
440,107,cart,3,26
261,125,view,1,26
420,49,click,2,26
235,113,click,2,26
166,134,view,1,26
260,8,view,1,26
305,4,click,2,26
140,192,view,1,26
139,180,view,1,26
231,61,click,2,26
32,81,click,2,26
187,134,click,2,26
73,171,cart,3,26
157,5,view,1,26
394,134,click,2,26
102,105,view,1,26
493,57,view,1,26
315,4,click,2,26
289,160,cart,3,26
437,90,cart,3,26
15,152,click,2,26
151,143,click,2,26
289,51,view,1,26
484,6,click,2,26
151,81,view,1,26
251,81,cart,3,26
246,134,click,2,26
173,34,cart,3,26
19,106,view,1,26
220,143,cart,3,26
276,149,view,1,26
316,67,click,2,26
494,13,view,1,26
276,22,view,1,26
21,2,view,1,26
403,43,click,2,26
228,194,view,1,26
71,132,cart,3,26
8,180,click,2,26
229,134,click,2,26
418,43,cart,3,26
32,81,purchase,5,26
172,105,view,1,26
151,180,purchase,5,26
250,29,click,2,26
468,61,click,2,26
331,79,view,1,26
226,94,click,2,26
312,114,click,2,26
227,134,view,1,26
345,134,view,1,26
492,5,view,1,26
377,134,click,2,26
340,85,click,2,26
433,76,view,1,27
300,185,purchase,5,27
237,103,click,2,27
423,152,view,1,27
381,134,cart,3,27
166,47,view,1,27
280,63,cart,3,27
280,122,purchase,5,27
463,70,view,1,27
363,45,cart,3,27
201,160,click,2,27
495,85,view,1,27
218,84,cart,3,27
371,30,view,1,27
451,117,click,2,27
66,88,click,2,27
216,23,view,1,27
214,124,click,2,27
40,67,view,1,27
475,35,view,1,27
351,134,cart,3,27
57,132,view,1,27
141,85,view,1,27
278,48,click,2,27
365,48,purchase,5,27
340,86,view,1,27
131,149,purchase,5,27
102,105,view,1,27
353,105,purchase,5,27
466,167,click,2,27
181,134,click,2,27
387,67,view,1,27
261,134,click,2,27
76,134,view,1,27
13,84,view,1,27
27,81,cart,3,27
369,164,purchase,5,27
254,105,purchase,5,27
172,105,click,2,27
46,13,view,1,27
244,117,click,2,27
305,61,click,2,27
305,48,view,1,27
139,2,cart,3,27
393,67,cart,3,27
95,81,cart,3,27
472,166,cart,3,27
238,105,click,2,27
472,134,view,1,27
441,160,view,1,27
366,89,view,1,27
233,47,view,1,27
297,43,view,1,27
49,93,view,1,27
65,39,view,1,27
498,134,purchase,5,27
91,44,view,1,27
412,70,view,1,27
331,18,click,2,27
497,132,view,1,27
325,19,click,2,27
214,48,view,1,27
447,70,view,1,27
472,143,view,1,27
164,81,view,1,27
59,200,view,1,27
110,44,cart,3,27
495,164,view,1,27
192,152,cart,3,27
307,180,purchase,5,27
447,126,view,1,27
416,132,view,1,27
272,107,click,2,27
404,43,cart,3,27
225,148,view,1,27
25,152,click,2,27
250,142,view,1,27
343,153,click,2,27
24,137,view,1,27
436,126,view,1,27
176,67,view,1,27
26,89,view,1,27
1,152,view,1,28
209,81,view,1,28
325,67,cart,3,28
332,166,cart,3,28
451,45,click,2,28
108,35,view,1,28
157,125,view,1,28
368,67,view,1,28
108,107,cart,3,28
422,94,click,2,28
191,13,click,2,28
344,55,view,1,28
120,134,view,1,28
349,29,click,2,28
236,67,view,1,28
138,43,view,1,28
368,10,view,1,28
300,45,cart,3,28
488,45,cart,3,28
141,35,purchase,5,28
230,105,cart,3,28
491,180,view,1,28
308,86,click,2,28
350,168,view,1,28
18,143,view,1,28
94,142,view,1,28
263,47,click,2,28
431,200,cart,3,28
237,190,cart,3,28
473,34,cart,3,28
143,200,view,1,28
69,160,view,1,28
492,184,click,2,28
76,134,cart,3,28
111,125,cart,3,28
307,112,click,2,28
157,195,cart,3,28
167,125,view,1,28
363,34,click,2,28
340,134,view,1,28
443,152,purchase,5,28
403,92,click,2,28
47,57,view,1,28
339,5,cart,3,28
353,29,cart,3,28
220,77,view,1,28
339,81,purchase,5,28
379,81,click,2,28
201,32,purchase,5,28
94,137,cart,3,28
477,110,view,1,28
165,134,view,1,28
388,81,click,2,28
354,103,view,1,28
102,105,view,1,28
227,45,view,1,28
378,134,view,1,28
495,48,click,2,28
85,152,purchase,5,28
62,18,click,2,28
368,67,cart,3,28
155,67,click,2,28
146,175,view,1,28
437,181,cart,3,28
174,105,cart,3,28
382,6,click,2,28
495,131,view,1,28
112,79,view,1,28
454,165,cart,3,28
129,67,click,2,28
316,164,click,2,28
446,174,view,1,28
405,5,click,2,28
270,25,view,1,28
268,34,cart,3,28
122,22,click,2,28
90,29,click,2,28
437,67,view,1,28
436,88,view,1,28
176,192,view,1,28
25,132,click,2,28
356,134,view,1,28
455,34,view,1,28
15,152,purchase,5,28
42,88,cart,3,28
251,81,view,1,28
173,160,view,1,28
145,189,purchase,5,28
153,155,purchase,5,28
363,22,click,2,28
480,35,view,1,28
318,67,view,1,28
63,34,cart,3,28
214,5,view,1,28
65,33,purchase,5,28
172,105,click,2,28
66,81,view,1,28
7,88,view,1,29
109,174,click,2,29
306,22,click,2,29
108,4,click,2,29
182,48,cart,3,29
488,168,view,1,29
184,118,click,2,29
453,45,view,1,29
139,180,view,1,29
189,134,click,2,29
138,134,view,1,29
238,148,view,1,29
94,29,cart,3,29
321,192,view,1,29
124,134,view,1,29
237,121,cart,3,29
394,134,view,1,29
92,90,view,1,29
423,104,click,2,29
325,166,view,1,29
415,134,click,2,29
348,45,purchase,5,29
235,75,view,1,29
303,13,view,1,29
396,159,purchase,5,29
9,134,cart,3,29
9,134,purchase,5,29
236,150,purchase,5,29
344,22,view,1,29
301,45,click,2,29
40,132,cart,3,29
466,195,click,2,29
224,29,click,2,29
223,45,view,1,29
430,86,view,1,29
447,126,cart,3,29
448,166,click,2,29
319,132,click,2,29
200,134,click,2,29
131,13,view,1,29
492,179,cart,3,29
486,81,click,2,29
356,134,cart,3,29
49,57,cart,3,29
96,75,view,1,29
255,112,view,1,29
260,93,click,2,29
218,82,view,1,29
496,85,view,1,29
27,81,view,1,29
401,54,click,2,29
299,132,view,1,29
141,48,click,2,29
239,43,click,2,29
366,31,view,1,29
400,38,click,2,29
492,151,view,1,29
492,8,view,1,29
27,46,cart,3,29
182,180,cart,3,29
240,47,view,1,29
136,43,view,1,29
293,9,cart,3,29
408,43,purchase,5,29
499,70,view,1,29
331,59,view,1,29
304,165,click,2,29
483,107,purchase,5,29
221,16,click,2,29
406,62,cart,3,29
339,66,view,1,29
281,81,click,2,29
242,157,click,2,29
427,45,click,2,29
384,81,view,1,29
246,134,view,1,29
317,123,view,1,29
293,189,cart,3,29
291,113,view,1,29
494,167,view,1,29
82,180,click,2,29
484,81,click,2,29
249,81,view,1,29
470,74,cart,3,29
82,105,cart,3,29
432,188,view,1,29
434,45,view,1,29
266,189,purchase,5,29
88,200,view,1,29
161,67,view,1,29
370,86,view,1,29
331,133,view,1,29
146,164,click,2,29
442,13,view,1,29
15,34,cart,3,29
212,164,click,2,29
331,157,view,1,29
118,43,view,1,29
122,34,click,2,29
203,48,cart,3,29
449,43,cart,3,29
203,29,view,1,29
414,16,view,1,29
268,10,view,1,30
162,14,click,2,30
268,43,view,1,30
371,132,view,1,30
361,48,cart,3,30
48,43,cart,3,30
54,36,purchase,5,30
82,97,click,2,30
495,181,cart,3,30
399,134,cart,3,30
9,134,click,2,30
347,34,view,1,30
72,122,view,1,30
307,48,purchase,5,30
230,81,view,1,30
316,55,cart,3,30
123,105,view,1,30
321,200,click,2,30
372,81,view,1,30
19,86,view,1,30
377,16,purchase,5,30
476,185,purchase,5,30
297,158,click,2,30
368,152,purchase,5,30
344,149,click,2,30
7,48,view,1,30
57,152,purchase,5,30
488,72,view,1,30
250,105,view,1,30
469,95,cart,3,30
289,185,view,1,30
5,23,cart,3,30
181,189,purchase,5,30
167,96,click,2,30
167,96,purchase,5,30
362,45,cart,3,30
429,22,purchase,5,30
479,166,view,1,30
102,105,view,1,30
65,39,click,2,30
229,134,click,2,30
260,152,view,1,30
94,105,view,1,30
18,13,view,1,30
227,134,view,1,30
131,166,cart,3,30
178,134,click,2,30
79,48,cart,3,30
436,180,click,2,30
404,30,click,2,30
148,67,click,2,30
404,23,click,2,30
199,75,click,2,30
340,150,click,2,30
198,148,click,2,30
403,2,view,1,30
35,2,view,1,30
440,180,purchase,5,30
393,180,view,1,30
141,164,view,1,30
110,120,cart,3,30
138,134,view,1,30
461,143,view,1,30
491,180,view,1,30
469,79,view,1,30
293,134,view,1,30
488,2,click,2,30
145,22,view,1,30
183,160,purchase,5,30
215,152,cart,3,30
46,143,click,2,30
437,59,cart,3,30
212,41,purchase,5,30
206,101,view,1,30
212,90,click,2,30
204,132,view,1,30
57,143,click,2,30
369,192,view,1,30
118,180,click,2,30
492,67,purchase,5,30
219,121,click,2,30
219,22,click,2,30
201,105,view,1,30
53,81,view,1,30
379,13,click,2,30
387,152,click,2,30
310,88,click,2,30
310,35,cart,3,30
245,2,click,2,30
403,174,click,2,30
112,67,click,2,30
118,67,view,1,30
497,164,purchase,5,30
322,134,click,2,30
499,137,cart,3,30
209,112,view,1,30
242,134,view,1,30
5,164,view,1,30
438,164,click,2,30
339,34,view,1,30
312,165,view,1,30
143,67,cart,3,30
474,175,cart,3,31
7,126,view,1,31
360,67,click,2,31
361,48,view,1,31
128,105,cart,3,31
341,57,click,2,31
19,86,cart,3,31
484,195,click,2,31
5,67,cart,3,31
52,48,click,2,31
60,134,view,1,31
60,134,view,1,31
472,43,click,2,31
153,168,view,1,31
371,70,view,1,31
433,105,view,1,31
372,105,view,1,31
70,81,cart,3,31
58,97,view,1,31
138,54,view,1,31
417,190,view,1,31
176,67,view,1,31
436,181,view,1,31
123,57,click,2,31
352,51,cart,3,31
337,174,click,2,31
277,84,view,1,31
431,81,click,2,31
477,16,view,1,31
165,134,cart,3,31
387,67,click,2,31
79,107,view,1,31
438,81,cart,3,31
195,105,click,2,31
218,16,view,1,31
318,5,view,1,31
254,105,click,2,31
145,34,view,1,31
383,175,click,2,31
171,13,cart,3,31
152,159,view,1,31
407,134,cart,3,31
356,108,view,1,31
249,134,view,1,31
453,185,click,2,31
141,103,view,1,31
303,13,click,2,31
308,117,click,2,31
305,35,purchase,5,31
34,88,cart,3,31
132,81,click,2,31
186,53,view,1,31
184,134,view,1,31
73,105,view,1,31
406,166,click,2,31
68,45,view,1,31
287,151,cart,3,31
384,134,purchase,5,31
488,30,view,1,31
137,180,view,1,31
118,67,click,2,31
348,54,view,1,31
73,94,view,1,31
244,57,cart,3,31
433,29,view,1,31
245,112,click,2,31
247,105,click,2,31
62,105,view,1,31
123,95,cart,3,31
157,81,view,1,31
378,134,click,2,31
53,44,view,1,31
228,171,cart,3,31
369,67,click,2,31
65,105,view,1,31
101,67,purchase,5,31
101,78,view,1,31
213,34,purchase,5,31
118,105,view,1,31
332,67,view,1,31
206,67,view,1,31
332,67,view,1,31
267,73,view,1,31
412,45,click,2,31
277,43,cart,3,31
124,134,view,1,31
437,67,view,1,31
291,94,cart,3,31
454,105,view,1,31
56,81,view,1,31
40,84,click,2,31
432,134,click,2,31
472,54,click,2,31
157,36,view,1,31
423,152,view,1,31
370,45,view,1,31
368,67,view,1,31
325,59,click,2,31
115,152,cart,3,32
336,81,view,1,32
415,118,purchase,5,32
499,180,view,1,32
157,35,view,1,32
331,67,purchase,5,32
275,81,view,1,32
276,22,view,1,32
63,200,view,1,32
38,180,click,2,32
212,164,cart,3,32
499,84,cart,3,32
89,43,view,1,32
331,67,view,1,32
266,67,cart,3,32
117,164,view,1,32
214,105,click,2,32
218,2,view,1,32
403,120,purchase,5,32
379,13,cart,3,32
486,36,click,2,32
100,90,cart,3,32
55,43,view,1,32
197,67,view,1,32
144,132,click,2,32
228,134,cart,3,32
307,5,purchase,5,32
433,105,purchase,5,32
46,143,view,1,32
353,67,cart,3,32
203,134,purchase,5,32
117,152,view,1,32
492,81,click,2,32
100,36,view,1,32
384,125,click,2,32
436,79,cart,3,32
462,105,view,1,32
301,180,view,1,32
20,13,click,2,32
404,134,view,1,32
263,134,cart,3,32
265,81,cart,3,32
390,174,click,2,32
453,67,view,1,32
472,189,cart,3,32
164,164,view,1,32
70,188,purchase,5,32
52,189,cart,3,32
429,117,view,1,32
65,129,view,1,32
126,180,view,1,32
317,37,click,2,32
468,38,cart,3,32
289,45,view,1,32
14,160,click,2,32
83,189,click,2,32
102,105,click,2,32
466,188,view,1,32
79,180,view,1,32
285,65,view,1,32
487,34,view,1,32
95,134,click,2,32
365,59,click,2,32
126,105,view,1,32
441,150,purchase,5,32
394,13,view,1,32
250,105,view,1,32
291,22,view,1,32
305,88,view,1,32
58,35,view,1,32
488,120,click,2,32
30,18,click,2,32
382,134,view,1,32
203,8,cart,3,32
153,117,view,1,32
140,84,purchase,5,32
435,180,view,1,32
48,154,cart,3,32
161,152,click,2,32
172,167,cart,3,32
484,81,purchase,5,32
80,29,view,1,32
381,134,view,1,32
358,45,click,2,32
10,64,view,1,32
57,189,cart,3,32
182,126,purchase,5,32
323,142,view,1,33
390,51,cart,3,33
373,167,click,2,33
197,159,click,2,33
195,105,click,2,33
257,81,purchase,5,33
446,174,click,2,33
417,129,click,2,33
6,134,click,2,33
43,105,click,2,33
131,160,cart,3,33
293,189,view,1,33
317,121,view,1,33
152,34,cart,3,33
477,82,click,2,33
252,9,cart,3,33
292,152,view,1,33
352,157,view,1,33
240,81,view,1,33
182,77,cart,3,33
134,108,purchase,5,33
7,35,purchase,5,33
144,79,click,2,33
243,45,purchase,5,33
340,45,click,2,33
157,197,view,1,33
277,94,view,1,33
277,132,purchase,5,33
58,43,click,2,33
50,63,click,2,33
49,67,cart,3,33
161,200,purchase,5,33
40,2,view,1,33
269,129,click,2,33
88,152,purchase,5,33
453,114,view,1,33
333,23,view,1,33
121,148,view,1,33
324,168,click,2,33
414,34,cart,3,33
79,105,view,1,33
139,162,view,1,33
476,168,cart,3,33
20,13,view,1,33
87,18,cart,3,33
490,13,view,1,33
368,164,click,2,33
301,81,view,1,33
246,190,view,1,33
320,67,view,1,33
435,13,purchase,5,33
456,26,click,2,33
136,35,cart,3,33
343,180,view,1,33
136,43,click,2,33
143,31,view,1,33
297,30,view,1,33
199,189,purchase,5,33
153,168,view,1,33
27,36,view,1,33
380,50,view,1,33
201,194,view,1,33
369,7,cart,3,33
192,134,view,1,33
99,200,view,1,33
55,86,view,1,33
80,81,view,1,33
382,143,cart,3,33
251,5,cart,3,33
81,81,view,1,33
10,45,cart,3,33
285,108,view,1,33
427,81,cart,3,33
190,126,click,2,33
345,134,view,1,33
489,29,click,2,33
441,83,cart,3,33
287,67,view,1,33
336,77,click,2,33
36,129,view,1,33
54,81,cart,3,33
358,13,click,2,33
236,133,view,1,33
304,117,cart,3,33
422,150,purchase,5,33
129,88,view,1,33
300,45,click,2,33
231,105,view,1,33
302,86,click,2,33
129,35,view,1,33
303,67,click,2,33
406,85,cart,3,33
281,13,click,2,33
361,85,cart,3,33
268,30,view,1,33
162,23,view,1,33
97,134,cart,3,33
65,35,cart,3,33
1,70,view,1,33
497,51,view,1,34
1,70,click,2,34
1,34,view,1,34
161,7,cart,3,34
191,77,click,2,34
63,152,view,1,34
162,43,cart,3,34
433,81,cart,3,34
106,66,purchase,5,34
390,13,cart,3,34
238,61,view,1,34
299,2,view,1,34
393,166,view,1,34
238,171,purchase,5,34
191,180,click,2,34
380,168,purchase,5,34
440,167,click,2,34
462,105,view,1,34
410,189,view,1,34
323,164,view,1,34
277,43,cart,3,34
374,105,view,1,34
343,180,purchase,5,34
319,10,click,2,34
319,160,click,2,34
319,81,view,1,34
7,10,purchase,5,34
137,4,click,2,34
367,81,click,2,34
66,112,view,1,34
17,39,click,2,34
337,129,view,1,34
355,152,view,1,34
316,97,click,2,34
42,148,view,1,34
68,86,view,1,34
442,34,view,1,34
254,58,cart,3,34
381,129,view,1,34
318,157,cart,3,34
281,112,view,1,34
319,160,view,1,34
66,62,purchase,5,34
100,164,cart,3,34
102,29,view,1,34
385,122,view,1,34
47,166,cart,3,34
486,143,cart,3,34
144,134,cart,3,34
144,134,view,1,34
468,171,cart,3,34
292,152,cart,3,34
179,70,click,2,34
131,160,view,1,34
76,134,cart,3,34
78,180,view,1,34
192,90,view,1,34
493,55,cart,3,34
307,180,view,1,34
59,34,cart,3,34
102,105,purchase,5,34
401,84,click,2,34
46,200,click,2,34
487,87,cart,3,34
123,90,view,1,34
115,134,click,2,34
201,3,cart,3,34
219,11,purchase,5,34
283,190,cart,3,34
482,59,purchase,5,34
332,164,click,2,34
326,2,click,2,34
121,134,click,2,34
236,81,purchase,5,34
124,38,click,2,34
230,81,view,1,34
108,180,view,1,34
108,35,click,2,34
45,67,cart,3,34
45,160,cart,3,34
30,81,view,1,34
382,132,click,2,34
24,21,view,1,34
172,105,purchase,5,34
148,105,click,2,34
15,129,click,2,34
250,58,purchase,5,34
130,136,view,1,34
250,105,view,1,34
199,22,view,1,34
118,67,view,1,34
164,44,click,2,34
474,29,view,1,34
40,67,view,1,34
431,152,view,1,34
159,67,view,1,34
85,192,view,1,34
164,95,cart,3,34
164,164,click,2,34
288,45,click,2,34
53,167,click,2,34
469,43,purchase,5,34
79,20,cart,3,34
466,199,click,2,34
288,22,cart,3,34
129,180,view,1,34
222,43,view,1,34
363,67,view,1,35
434,45,click,2,35
425,67,view,1,35
277,23,cart,3,35
71,16,view,1,35
300,200,view,1,35
462,180,view,1,35
269,22,cart,3,35
415,134,view,1,35
328,132,click,2,35
1,34,view,1,35
205,134,view,1,35
304,97,click,2,35
424,161,view,1,35
393,132,view,1,35
378,96,view,1,35
477,81,view,1,35
378,45,view,1,35
86,107,cart,3,35
280,134,view,1,35
367,81,click,2,35
481,105,view,1,35
17,69,click,2,35
379,81,view,1,35
38,9,view,1,35
380,48,cart,3,35
97,99,view,1,35
366,168,click,2,35
96,146,view,1,35
429,149,view,1,35
316,5,view,1,35
47,18,click,2,35
403,43,view,1,35
126,82,view,1,35
427,150,cart,3,35
437,67,view,1,35
291,107,view,1,35
386,63,view,1,35
178,134,click,2,35
25,23,view,1,35
245,16,cart,3,35
294,129,cart,3,35
192,53,click,2,35
354,13,cart,3,35
351,95,view,1,35
28,86,view,1,35
256,105,view,1,35
27,112,view,1,35
105,144,purchase,5,35
115,152,cart,3,35
121,134,view,1,35
496,84,purchase,5,35
415,118,click,2,35
239,84,click,2,35
186,98,view,1,35
299,23,view,1,35
181,134,purchase,5,35
306,168,purchase,5,35
109,34,view,1,35
427,131,view,1,35
436,180,click,2,35
250,17,view,1,35
357,85,click,2,35
311,52,cart,3,35
337,200,view,1,35
199,134,purchase,5,35
468,194,view,1,35
25,152,purchase,5,35
293,189,view,1,35
131,168,cart,3,35
120,13,click,2,35
406,85,view,1,35
332,108,click,2,35
434,160,view,1,35
252,25,click,2,35
286,143,cart,3,35
111,189,click,2,35
484,112,view,1,35
146,181,cart,3,35
484,167,purchase,5,35
484,167,view,1,35
468,115,purchase,5,35
386,69,view,1,35
79,81,view,1,35
245,48,view,1,35
420,67,view,1,35
347,7,purchase,5,35
347,4,purchase,5,35
10,172,view,1,35
347,152,view,1,35
188,87,click,2,35
188,188,view,1,35
73,103,view,1,35
495,152,view,1,35
265,166,purchase,5,35
431,192,cart,3,35
19,45,cart,3,35
272,103,view,1,35
271,45,click,2,35
449,152,view,1,35
432,22,view,1,35
452,120,click,2,35
122,34,view,1,35
412,86,cart,3,35
38,34,click,2,36
326,84,view,1,36
92,81,cart,3,36
450,155,view,1,36
260,99,view,1,36
265,67,view,1,36
20,105,cart,3,36
41,95,view,1,36
123,100,cart,3,36
476,97,view,1,36
477,29,view,1,36
431,15,click,2,36
301,34,view,1,36
236,67,purchase,5,36
301,13,view,1,36
235,75,view,1,36
137,48,purchase,5,36
137,34,cart,3,36
423,92,view,1,36
489,152,cart,3,36
235,134,click,2,36
301,81,view,1,36
331,67,click,2,36
8,34,view,1,36
494,5,view,1,36
5,59,cart,3,36
495,175,view,1,36
495,127,view,1,36
151,77,view,1,36
361,126,view,1,36
53,134,cart,3,36
55,16,view,1,36
251,81,click,2,36
286,143,view,1,36
288,160,purchase,5,36
481,168,cart,3,36
402,160,click,2,36
404,84,click,2,36
222,45,click,2,36
223,13,view,1,36
287,35,click,2,36
15,190,cart,3,36
79,129,click,2,36
42,41,cart,3,36
13,44,view,1,36
37,23,click,2,36
128,105,click,2,36
219,35,view,1,36
218,142,cart,3,36
279,180,view,1,36
280,200,view,1,36
317,48,view,1,36
6,189,click,2,36
227,134,view,1,36
339,81,view,1,36
47,67,cart,3,36
468,29,click,2,36
55,67,view,1,36
294,174,click,2,36
180,105,purchase,5,36
180,105,view,1,36
110,18,view,1,36
340,160,view,1,36
59,45,cart,3,36
387,157,click,2,36
46,45,view,1,36
32,81,purchase,5,36
33,152,cart,3,36
344,22,view,1,36
136,35,cart,3,36
415,134,view,1,36
217,61,cart,3,36
202,79,cart,3,36
433,77,purchase,5,36
279,180,view,1,36
155,67,view,1,36
167,134,view,1,36
53,111,view,1,36
260,45,view,1,36
277,132,click,2,36
433,77,cart,3,36
428,18,view,1,36
27,43,click,2,36
27,5,view,1,36
76,26,view,1,36
240,81,view,1,36
488,43,purchase,5,36
181,189,view,1,36
105,152,view,1,36
390,55,purchase,5,36
74,133,purchase,5,36
136,1,view,1,36
4,152,click,2,36
267,61,click,2,36
372,138,click,2,36
414,33,view,1,36
90,22,view,1,36
412,89,view,1,36
161,34,view,1,36
496,54,cart,3,36
475,70,click,2,36
212,134,cart,3,36
63,7,view,1,36
499,102,view,1,36
209,67,cart,3,36
1,77,click,2,36
206,166,cart,3,37
214,126,view,1,37
213,134,view,1,37
117,13,click,2,37
324,45,cart,3,37
500,22,click,2,37
449,132,view,1,37
118,22,view,1,37
497,79,view,1,37
2,81,purchase,5,37
452,160,purchase,5,37
361,57,click,2,37
474,44,view,1,37
417,152,click,2,37
499,88,cart,3,37
387,126,view,1,37
309,62,cart,3,37
10,86,cart,3,37
393,164,view,1,37
488,22,view,1,37
403,105,cart,3,37
483,180,cart,3,37
403,74,purchase,5,37
333,16,purchase,5,37
431,87,view,1,37
488,22,view,1,37
239,124,view,1,37
238,29,view,1,37
459,48,click,2,37
138,113,view,1,37
461,46,click,2,37
461,67,cart,3,37
390,164,click,2,37
276,116,view,1,37
49,133,view,1,37
41,2,click,2,37
371,43,purchase,5,37
426,152,view,1,37
263,105,view,1,37
188,200,purchase,5,37
337,150,view,1,37
268,72,cart,3,37
350,130,cart,3,37
14,134,click,2,37
77,105,view,1,37
334,103,view,1,37
53,147,purchase,5,37
183,43,click,2,37
34,149,view,1,37
345,134,view,1,37
239,54,view,1,37
110,13,purchase,5,37
165,134,view,1,37
260,118,view,1,37
261,11,view,1,37
488,133,cart,3,37
138,132,cart,3,37
131,167,click,2,37
9,96,click,2,37
137,35,view,1,37
303,167,cart,3,37
458,135,view,1,37
303,81,view,1,37
44,135,purchase,5,37
69,160,view,1,37
113,93,click,2,37
420,157,click,2,37
370,180,purchase,5,37
129,163,purchase,5,37
7,16,view,1,37
8,35,view,1,37
446,7,click,2,37
276,160,click,2,37
360,67,click,2,37
169,143,cart,3,37
477,105,view,1,37
381,66,view,1,37
344,34,cart,3,37
483,180,purchase,5,37
420,18,click,2,37
270,105,click,2,37
479,164,view,1,37
348,45,cart,3,37
348,134,cart,3,37
250,29,cart,3,37
46,5,cart,3,37
215,34,click,2,37
203,134,view,1,37
415,134,cart,3,37
361,151,view,1,37
495,170,cart,3,37
153,45,cart,3,37
2,13,purchase,5,37
434,160,click,2,37
345,134,click,2,37
303,84,cart,3,37
373,143,view,1,37
373,86,purchase,5,37
257,81,view,1,37
13,22,view,1,37
486,5,click,2,37
241,84,view,1,37
178,148,purchase,5,37
292,34,click,2,37
468,142,cart,3,37
249,195,view,1,38
108,180,purchase,5,38
166,141,cart,3,38
239,105,click,2,38
466,13,cart,3,38
442,36,purchase,5,38
442,13,click,2,38
368,67,cart,3,38
94,134,cart,3,38
402,18,cart,3,38
197,54,view,1,38
418,13,click,2,38
334,81,cart,3,38
222,172,cart,3,38
199,134,view,1,38
450,45,view,1,38
143,86,click,2,38
380,200,click,2,38
469,94,view,1,38
212,193,view,1,38
207,43,view,1,38
203,29,view,1,38
63,67,cart,3,38
475,126,view,1,38
475,152,view,1,38
195,124,view,1,38
100,157,view,1,38
46,24,cart,3,38
294,104,click,2,38
164,13,purchase,5,38
164,132,view,1,38
237,45,view,1,38
261,107,click,2,38
56,24,click,2,38
395,151,purchase,5,38
311,45,click,2,38
317,35,view,1,38
189,168,view,1,38
188,192,purchase,5,38
475,34,view,1,38
493,175,view,1,38
55,44,cart,3,38
114,81,click,2,38
392,75,click,2,38
10,45,cart,3,38
296,166,click,2,38
110,26,cart,3,38
111,99,view,1,38
172,95,cart,3,38
382,132,view,1,38
82,117,click,2,38
46,81,cart,3,38
300,94,view,1,38
319,160,purchase,5,38
420,157,view,1,38
345,134,view,1,38
24,166,cart,3,38
369,95,cart,3,38
369,164,click,2,38
21,2,click,2,38
474,29,cart,3,38
60,134,click,2,38
67,75,click,2,38
327,189,view,1,38
38,120,view,1,38
278,25,click,2,38
214,81,view,1,38
214,29,view,1,38
297,43,click,2,38
275,105,view,1,38
15,34,click,2,38
445,134,view,1,38
291,116,click,2,38
292,152,cart,3,38
491,70,click,2,38
52,180,click,2,38
251,81,click,2,38
459,126,cart,3,38
375,134,cart,3,38
356,134,cart,3,38
383,67,view,1,38
442,167,cart,3,38
44,84,click,2,38
52,161,view,1,38
486,77,view,1,38
88,200,click,2,38
71,16,click,2,38
167,134,click,2,38
49,95,click,2,38
312,22,view,1,38
472,189,view,1,38
479,193,click,2,38
345,134,cart,3,38
83,77,purchase,5,38
479,193,cart,3,38
436,180,click,2,38
162,132,click,2,38
113,126,cart,3,38
113,81,view,1,38
255,188,click,2,38
167,8,view,1,38
251,143,click,2,38
331,164,view,1,38
434,168,cart,3,38
22,82,click,2,38
61,22,view,1,38
62,180,click,2,38
4,34,view,1,38
4,129,click,2,38
212,164,view,1,38
217,171,view,1,38
98,164,view,1,38
97,75,click,2,39
361,180,purchase,5,39
331,166,click,2,39
4,84,cart,3,39
330,167,cart,3,39
435,77,purchase,5,39
154,84,cart,3,39
469,44,view,1,39
440,59,purchase,5,39
365,164,view,1,39
369,181,click,2,39
499,70,click,2,39
157,81,view,1,39
255,77,click,2,39
331,166,click,2,39
499,105,view,1,39
276,45,view,1,39
96,134,view,1,39
434,9,click,2,39
146,4,view,1,39
7,190,click,2,39
243,7,cart,3,39
180,105,view,1,39
347,67,view,1,39
83,134,cart,3,39
235,139,cart,3,39
339,81,click,2,39
79,180,view,1,39
304,45,view,1,39
441,45,cart,3,39
78,43,view,1,39
167,134,purchase,5,39
336,9,click,2,39
192,34,view,1,39
383,43,cart,3,39
372,105,cart,3,39
353,164,view,1,39
438,77,click,2,39
72,2,view,1,39
128,38,view,1,39
437,67,view,1,39
77,105,view,1,39
253,186,click,2,39
448,152,view,1,39
141,61,click,2,39
400,19,cart,3,39
38,54,view,1,39
160,152,click,2,39
143,117,click,2,39
344,168,view,1,39
268,120,click,2,39
335,105,click,2,39
292,152,purchase,5,39
100,67,cart,3,39
163,109,click,2,39
458,107,view,1,39
88,192,view,1,39
20,167,cart,3,39
101,68,click,2,39
352,5,view,1,39
110,34,view,1,39
242,121,purchase,5,39
33,152,view,1,39
14,160,view,1,39
323,95,view,1,39
181,134,view,1,39
244,67,view,1,39
179,34,view,1,39
164,157,purchase,5,39
73,17,click,2,39
101,67,cart,3,39
78,180,view,1,39
189,69,click,2,39
297,43,click,2,39
200,180,view,1,39
209,70,click,2,39
121,134,view,1,39
280,7,click,2,39
328,81,cart,3,39
333,67,click,2,39
324,116,click,2,39
123,164,cart,3,39
321,34,view,1,39
223,13,view,1,39
333,67,click,2,39
221,16,click,2,39
331,12,purchase,5,39
220,136,click,2,39
186,160,view,1,39
108,35,view,1,39
221,84,view,1,39
54,81,view,1,39
340,117,view,1,39
457,96,view,1,39
410,134,view,1,39
66,167,click,2,39
343,180,purchase,5,39
442,35,cart,3,39
105,190,click,2,39
463,70,view,1,39
462,70,purchase,5,39
352,166,purchase,5,39
98,193,view,1,39
257,143,click,2,39
368,84,purchase,5,39
495,48,click,2,39
455,36,purchase,5,39
165,180,view,1,39
293,134,click,2,40
288,45,view,1,40
318,81,view,1,40
370,160,cart,3,40
97,189,cart,3,40
360,95,cart,3,40
23,67,cart,3,40
362,22,cart,3,40
153,160,click,2,40
281,36,view,1,40
282,152,view,1,40
230,13,click,2,40
380,152,view,1,40
35,176,view,1,40
167,118,view,1,40
331,67,cart,3,40
1,180,view,1,40
302,143,view,1,40
379,5,cart,3,40
420,67,cart,3,40
308,164,click,2,40
307,77,view,1,40
253,152,view,1,40
250,3,view,1,40
41,76,cart,3,40
371,90,view,1,40
437,70,purchase,5,40
167,29,purchase,5,40
448,164,click,2,40
476,86,click,2,40
164,159,view,1,40
188,152,purchase,5,40
129,35,click,2,40
51,43,purchase,5,40
49,67,click,2,40
271,45,view,1,40
431,104,view,1,40
237,87,purchase,5,40
101,164,view,1,40
132,152,view,1,40
30,67,click,2,40
386,160,purchase,5,40
464,3,click,2,40
350,45,view,1,40
100,165,view,1,40
468,29,cart,3,40
178,125,click,2,40
100,67,cart,3,40
337,181,click,2,40
432,134,purchase,5,40
268,34,click,2,40
354,103,cart,3,40
48,16,view,1,40
434,105,click,2,40
184,134,view,1,40
488,165,click,2,40
321,63,click,2,40
115,34,view,1,40
348,22,cart,3,40
488,182,view,1,40
165,180,cart,3,40
424,124,click,2,40
424,161,view,1,40
74,143,view,1,40
456,79,cart,3,40
131,22,view,1,40
138,98,cart,3,40
173,152,purchase,5,40
426,129,click,2,40
111,134,click,2,40
199,134,purchase,5,40
181,113,view,1,40
350,150,cart,3,40
188,34,view,1,40
24,105,click,2,40
66,35,view,1,40
122,22,view,1,40
201,3,click,2,40
201,81,view,1,40
120,134,view,1,40
115,88,click,2,40
278,70,view,1,40
328,5,click,2,40
448,200,view,1,40
206,45,view,1,40
206,67,view,1,40
1,48,click,2,41
497,152,view,1,41
212,123,click,2,41
96,130,click,2,41
280,129,click,2,41
154,16,view,1,41
5,67,cart,3,41
310,35,cart,3,41
464,171,view,1,41
42,180,view,1,41
397,7,view,1,41
393,34,view,1,41
42,72,purchase,5,41
466,5,purchase,5,41
76,34,click,2,41
260,34,view,1,41
144,118,click,2,41
129,121,view,1,41
396,30,cart,3,41
79,88,cart,3,41
310,63,view,1,41
378,180,view,1,41
166,70,view,1,41
35,67,view,1,41
479,51,cart,3,41
340,45,view,1,41
111,134,view,1,41
165,134,purchase,5,41
135,81,view,1,41
27,134,click,2,41
400,67,purchase,5,41
173,34,view,1,41
109,108,click,2,41
191,167,click,2,41
442,143,cart,3,41
316,164,view,1,41
446,190,purchase,5,41
317,163,purchase,5,41
353,39,view,1,41
233,18,purchase,5,41
291,28,view,1,41
289,81,view,1,41
177,134,click,2,41
490,107,view,1,41
475,34,click,2,41
475,107,view,1,41
83,134,cart,3,41
381,107,view,1,41
129,70,click,2,41
454,45,purchase,5,41
35,118,click,2,41
131,18,click,2,41
83,134,view,1,41
426,130,click,2,41
353,4,cart,3,41
312,149,view,1,41
374,150,view,1,41
72,132,cart,3,41
13,84,click,2,41
88,45,view,1,41
487,200,view,1,41
343,48,view,1,41
343,35,click,2,41
56,5,view,1,41
318,90,click,2,41
355,23,view,1,41
382,13,view,1,41
362,86,view,1,41
321,200,view,1,41
334,105,view,1,41
199,134,view,1,41
197,54,view,1,41
201,166,view,1,41
327,85,cart,3,41
80,77,click,2,41
1,67,click,2,41
81,81,click,2,41
220,81,cart,3,41
220,34,view,1,41
21,48,view,1,41
319,160,click,2,41
372,105,purchase,5,41
453,168,view,1,41
161,7,view,1,41
59,97,click,2,41
124,134,click,2,41
270,105,click,2,41
337,168,view,1,41
372,3,click,2,41
288,45,click,2,41
151,194,view,1,41
359,188,view,1,41
327,134,cart,3,41
2,13,cart,3,41
202,16,click,2,41
66,126,view,1,41
167,134,view,1,41
46,112,click,2,41
372,105,click,2,41
230,73,view,1,41
337,22,view,1,41
432,102,view,1,41
356,189,cart,3,41
303,143,purchase,5,41
192,75,view,1,41
35,134,cart,3,42
312,97,view,1,42
337,160,view,1,42
423,34,view,1,42
111,134,cart,3,42
52,4,view,1,42
477,18,view,1,42
285,123,click,2,42
363,67,view,1,42
469,166,view,1,42
212,27,click,2,42
496,9,cart,3,42
497,164,view,1,42
499,44,purchase,5,42
214,105,view,1,42
392,113,view,1,42
9,66,view,1,42
256,18,click,2,42
104,81,view,1,42
424,107,cart,3,42
466,81,view,1,42
166,180,view,1,42
457,134,view,1,42
483,35,cart,3,42
14,134,view,1,42
475,152,cart,3,42
228,105,view,1,42
317,48,cart,3,42
47,160,click,2,42
89,159,view,1,42
127,134,view,1,42
8,62,click,2,42
90,45,view,1,42
316,105,view,1,42
231,171,click,2,42
41,54,purchase,5,42
371,132,view,1,42
384,134,view,1,42
245,132,cart,3,42
428,151,click,2,42
83,134,cart,3,42
129,97,view,1,42
371,16,view,1,42
18,67,purchase,5,42
102,29,view,1,42
101,67,click,2,42
25,43,view,1,42
137,35,purchase,5,42
306,172,view,1,42
83,134,view,1,42
137,48,purchase,5,42
163,103,cart,3,42
86,81,view,1,42
333,67,view,1,42
217,105,view,1,42
26,22,purchase,5,42
238,194,cart,3,42
23,193,cart,3,42
279,35,view,1,42
61,134,cart,3,42
309,180,view,1,42
308,22,purchase,5,42
291,45,click,2,42
319,22,click,2,42
420,67,view,1,42
437,67,cart,3,42
447,126,click,2,42
37,23,cart,3,42
275,195,click,2,42
6,134,click,2,42
270,84,click,2,42
493,9,cart,3,42
115,174,view,1,42
324,168,view,1,42
53,190,view,1,42
53,177,cart,3,42
172,194,purchase,5,42
428,51,click,2,42
80,81,click,2,42
319,178,cart,3,42
37,2,click,2,42
302,13,click,2,42
351,67,cart,3,42
486,5,purchase,5,42
486,77,click,2,42
193,134,click,2,42
433,179,cart,3,42
120,82,cart,3,42
118,134,view,1,42
328,1,view,1,42
369,160,view,1,42
98,106,view,1,42
66,48,view,1,42
406,9,view,1,42
220,152,click,2,42
157,70,view,1,42
481,29,view,1,42
480,62,purchase,5,42
250,105,view,1,42
407,18,view,1,42
151,5,view,1,42
411,67,click,2,42
118,105,view,1,42
1,180,view,1,42
205,148,view,1,43
4,152,purchase,5,43
205,108,view,1,43
281,81,click,2,43
54,89,click,2,43
139,43,view,1,43
250,17,click,2,43
205,44,click,2,43
94,194,view,1,43
348,134,click,2,43
486,81,click,2,43
200,134,cart,3,43
460,30,click,2,43
167,134,purchase,5,43
452,22,view,1,43
38,132,purchase,5,43
198,149,cart,3,43
447,29,view,1,43
242,85,view,1,43
77,39,click,2,43
486,81,purchase,5,43
374,149,view,1,43
418,197,purchase,5,43
104,7,view,1,43
285,134,purchase,5,43
459,35,view,1,43
343,67,view,1,43
448,87,cart,3,43
233,173,cart,3,43
397,81,view,1,43
377,2,click,2,43
265,77,view,1,43
241,129,click,2,43
10,45,cart,3,43
307,70,view,1,43
488,29,view,1,43
296,164,cart,3,43
438,81,cart,3,43
463,107,view,1,43
309,152,cart,3,43
296,67,view,1,43
295,181,view,1,43
260,75,view,1,43
309,35,click,2,43
238,38,purchase,5,43
57,129,view,1,43
165,121,view,1,43
339,81,view,1,43
493,160,view,1,43
493,18,view,1,43
159,134,click,2,43
369,19,click,2,43
275,61,purchase,5,43
149,35,click,2,43
358,94,view,1,43
259,134,view,1,43
297,2,view,1,43
380,94,click,2,43
447,90,click,2,43
68,22,click,2,43
333,138,view,1,43
199,134,view,1,43
405,152,view,1,43
163,156,view,1,43
408,45,view,1,43
65,105,cart,3,43
339,34,view,1,43
455,195,view,1,43
58,126,view,1,43
370,86,purchase,5,43
490,77,click,2,43
397,81,view,1,43
82,64,view,1,43
255,167,view,1,43
408,81,view,1,43
141,48,purchase,5,43
301,150,cart,3,43
139,35,cart,3,43
380,139,view,1,43
129,85,view,1,43
36,104,click,2,43
112,19,view,1,43
72,84,purchase,5,43
416,189,view,1,43
215,29,view,1,43
495,88,purchase,5,43
5,181,cart,3,43
40,57,view,1,43
280,134,purchase,5,43
97,134,cart,3,43
470,34,click,2,43
151,105,click,2,43
22,96,view,1,43
366,85,view,1,43
22,22,view,1,43
280,34,view,1,43
235,180,click,2,43
71,43,cart,3,43
469,191,cart,3,43
131,22,view,1,43
371,45,click,2,43
475,152,cart,3,43
20,5,view,1,43
19,5,view,1,43
7,43,view,1,43
401,150,purchase,5,43
401,43,click,2,43
468,105,view,1,43
225,185,view,1,44
447,70,view,1,44
141,96,click,2,44
303,143,click,2,44
277,5,view,1,44
327,134,purchase,5,44
53,134,view,1,44
41,54,view,1,44
477,45,view,1,44
88,152,view,1,44
202,57,cart,3,44
201,105,cart,3,44
151,81,click,2,44
48,84,purchase,5,44
151,105,click,2,44
17,180,view,1,44
380,45,cart,3,44
137,200,view,1,44
347,118,purchase,5,44
64,60,view,1,44
296,67,purchase,5,44
296,70,view,1,44
423,152,cart,3,44
164,159,view,1,44
261,35,click,2,44
166,35,click,2,44
34,45,click,2,44
352,180,view,1,44
308,94,click,2,44
442,13,view,1,44
241,174,view,1,44
136,70,view,1,44
370,132,view,1,44
475,18,click,2,44
183,67,click,2,44
390,167,cart,3,44
38,88,click,2,44
337,152,view,1,44
38,181,view,1,44
453,86,click,2,44
227,167,click,2,44
367,13,view,1,44
5,181,purchase,5,44
336,126,click,2,44
5,123,view,1,44
403,91,click,2,44
494,5,view,1,44
368,120,view,1,44
427,105,view,1,44
118,105,view,1,44
2,84,view,1,44
212,138,click,2,44
123,95,view,1,44
59,186,click,2,44
404,43,view,1,44
368,43,view,1,44
24,105,view,1,44
436,126,click,2,44
350,190,cart,3,44
351,67,view,1,44
29,43,view,1,44
350,34,cart,3,44
142,34,click,2,44
281,112,view,1,44
383,67,click,2,44
35,134,view,1,44
469,43,view,1,44
442,5,view,1,44
497,138,click,2,44
9,120,view,1,44
20,13,click,2,44
189,134,view,1,44
235,123,view,1,44
339,81,click,2,44
310,34,click,2,44
73,105,cart,3,44
58,161,view,1,44
194,167,click,2,44
354,35,cart,3,44
266,134,click,2,44
99,152,view,1,44
356,134,view,1,44
145,168,view,1,44
437,67,view,1,44
157,81,view,1,44
139,132,click,2,44
81,92,purchase,5,44
170,5,click,2,44
380,200,click,2,44
440,81,cart,3,44
303,77,view,1,44
302,167,view,1,44
1,48,cart,3,44
113,53,click,2,44
191,81,cart,3,44
318,95,view,1,44
70,54,click,2,44
491,35,cart,3,44
120,134,cart,3,44
280,82,view,1,44
473,192,view,1,45
451,45,view,1,45
470,93,view,1,45
363,81,view,1,45
495,70,purchase,5,45
324,150,cart,3,45
65,73,purchase,5,45
348,134,view,1,45
302,167,click,2,45
440,46,view,1,45
490,5,view,1,45
173,53,purchase,5,45
482,105,view,1,45
250,103,click,2,45
251,105,click,2,45
316,67,view,1,45
265,78,click,2,45
373,6,cart,3,45
311,46,click,2,45
235,134,view,1,45
20,5,view,1,45
89,132,click,2,45
111,134,view,1,45
399,134,cart,3,45
164,132,view,1,45
235,4,view,1,45
431,91,cart,3,45
100,67,cart,3,45
397,46,view,1,45
397,150,click,2,45
317,134,purchase,5,45
371,43,click,2,45
241,152,purchase,5,45
307,13,view,1,45
84,184,click,2,45
388,81,click,2,45
148,67,click,2,45
147,134,cart,3,45
167,189,click,2,45
256,57,purchase,5,45
369,160,click,2,45
195,3,click,2,45
5,144,click,2,45
469,67,click,2,45
493,164,cart,3,45
6,117,view,1,45
163,47,view,1,45
340,45,view,1,45
145,5,click,2,45
438,105,view,1,45
9,67,view,1,45
394,134,purchase,5,45
378,88,click,2,45
111,134,click,2,45
126,134,click,2,45
7,105,view,1,45
70,5,view,1,45
401,132,view,1,45
319,98,click,2,45
431,174,click,2,45
25,34,cart,3,45
145,168,purchase,5,45
49,67,click,2,45
99,93,view,1,45
273,81,view,1,45
369,153,click,2,45
251,81,view,1,45
384,12,click,2,45
80,81,click,2,45
141,9,view,1,45
143,94,view,1,45
104,43,view,1,45
384,81,view,1,45
40,164,view,1,45
62,105,view,1,45
204,54,purchase,5,45
205,43,purchase,5,45
80,81,click,2,45
252,163,purchase,5,45
168,132,click,2,45
332,95,view,1,45
53,99,click,2,45
178,123,view,1,45
486,96,click,2,45
85,129,view,1,45
345,134,view,1,45
48,84,view,1,45
109,134,view,1,45
457,43,view,1,45
59,152,cart,3,45
52,195,cart,3,45
4,93,click,2,45
211,87,view,1,45
214,90,view,1,45
63,7,click,2,45
499,30,view,1,45
59,103,click,2,45
487,174,view,1,45
68,134,view,1,45
109,152,view,1,45
32,13,click,2,45
494,81,cart,3,45
312,35,view,1,46
438,43,click,2,46
58,62,view,1,46
231,160,view,1,46
191,95,purchase,5,46
72,5,cart,3,46
71,132,view,1,46
129,35,view,1,46
47,67,cart,3,46
320,57,view,1,46
167,134,click,2,46
80,81,purchase,5,46
122,181,purchase,5,46
407,67,cart,3,46
415,22,view,1,46
62,54,click,2,46
203,150,view,1,46
470,74,view,1,46
301,134,cart,3,46
249,180,view,1,46
141,35,view,1,46
72,54,cart,3,46
489,134,cart,3,46
489,130,view,1,46
339,167,purchase,5,46
316,164,view,1,46
322,29,click,2,46
93,157,view,1,46
93,35,view,1,46
366,45,click,2,46
469,132,view,1,46
275,73,click,2,46
91,180,click,2,46
268,129,view,1,46
454,160,view,1,46
425,48,cart,3,46
131,160,view,1,46
181,134,cart,3,46
131,168,click,2,46
258,200,click,2,46
90,45,click,2,46
371,195,view,1,46
438,143,click,2,46
394,134,view,1,46
163,105,cart,3,46
163,105,view,1,46
127,43,view,1,46
318,81,cart,3,46
475,88,view,1,46
7,171,view,1,46
86,13,view,1,46
260,8,view,1,46
437,67,click,2,46
437,18,view,1,46
110,183,click,2,46
102,105,click,2,46
316,166,click,2,46
278,35,click,2,46
7,29,click,2,46
440,70,view,1,46
332,67,purchase,5,46
500,160,view,1,46
412,2,view,1,46
433,67,purchase,5,46
286,200,view,1,46
38,107,view,1,46
180,105,cart,3,46
288,45,click,2,46
69,97,view,1,46
366,45,view,1,46
384,59,purchase,5,46
277,159,view,1,46
389,81,cart,3,46
456,168,click,2,46
323,2,view,1,46
400,22,view,1,46
60,189,click,2,46
24,180,view,1,46
360,67,click,2,46
474,18,click,2,46
98,166,cart,3,46
220,200,cart,3,46
30,67,cart,3,46
82,88,view,1,46
428,59,cart,3,46
226,57,click,2,46
323,67,view,1,46
123,67,view,1,46
53,77,view,1,46
180,29,view,1,46
414,84,view,1,46
428,85,click,2,46
138,8,view,1,46
428,79,view,1,46
345,134,view,1,46
98,166,purchase,5,46
2,188,cart,3,46
1,126,click,2,47
153,117,view,1,47
118,103,view,1,47
118,39,cart,3,47
281,81,click,2,47
327,107,cart,3,47
203,134,view,1,47
495,67,view,1,47
481,105,view,1,47
256,19,view,1,47
380,45,click,2,47
83,134,cart,3,47
323,67,purchase,5,47
254,105,purchase,5,47
448,26,view,1,47
80,5,click,2,47
417,129,click,2,47
123,173,view,1,47
372,156,view,1,47
115,57,click,2,47
475,123,click,2,47
173,87,purchase,5,47
101,112,click,2,47
101,57,view,1,47
249,69,cart,3,47
252,9,view,1,47
348,57,click,2,47
218,164,click,2,47
463,67,view,1,47
88,34,cart,3,47
178,134,view,1,47
384,81,click,2,47
131,129,cart,3,47
96,134,click,2,47
90,105,purchase,5,47
372,105,purchase,5,47
94,29,click,2,47
229,134,view,1,47
195,34,view,1,47
241,60,view,1,47
230,105,cart,3,47
229,29,view,1,47
366,160,view,1,47
24,184,view,1,47
276,22,click,2,47
157,70,cart,3,47
276,86,click,2,47
196,147,click,2,47
41,72,click,2,47
365,164,click,2,47
321,7,purchase,5,47
151,105,view,1,47
402,157,view,1,47
276,22,view,1,47
400,84,view,1,47
115,7,purchase,5,47
163,184,click,2,47
77,29,click,2,47
133,84,click,2,47
308,160,click,2,47
25,23,view,1,47
293,113,click,2,47
469,166,cart,3,47
401,44,view,1,47
148,67,view,1,47
399,118,view,1,47
280,34,view,1,47
399,189,view,1,47
96,34,view,1,47
204,132,click,2,47
412,123,purchase,5,47
97,148,view,1,47
203,105,view,1,47
211,190,cart,3,47
412,180,click,2,47
416,77,click,2,47
256,45,click,2,47
477,105,cart,3,47
40,5,view,1,47
40,164,cart,3,47
474,29,view,1,47
21,23,click,2,47
21,132,cart,3,47
272,29,view,1,47
491,48,click,2,47
454,45,view,1,47
454,160,view,1,47
320,4,click,2,47
290,34,click,2,47
57,34,cart,3,47
394,81,view,1,47
297,160,purchase,5,47
349,29,cart,3,48
302,150,view,1,48
136,85,view,1,48
327,35,cart,3,48
176,152,view,1,48
384,96,view,1,48
348,86,click,2,48
164,19,click,2,48
353,167,view,1,48
200,134,view,1,48
123,18,click,2,48
321,22,click,2,48
382,43,click,2,48
46,117,click,2,48
54,134,view,1,48
435,81,view,1,48
495,88,view,1,48
200,66,view,1,48
200,118,purchase,5,48
220,200,view,1,48
52,9,view,1,48
477,167,purchase,5,48
496,48,cart,3,48
201,39,view,1,48
495,166,click,2,48
118,105,cart,3,48
2,77,click,2,48
121,134,cart,3,48
440,141,view,1,48
374,29,purchase,5,48
165,157,click,2,48
141,70,cart,3,48
255,143,cart,3,48
201,58,cart,3,48
66,85,view,1,48
332,45,click,2,48
70,67,view,1,48
37,16,view,1,48
337,149,view,1,48
286,152,view,1,48
159,148,click,2,48
10,22,view,1,48
289,143,click,2,48
186,43,click,2,48
47,95,cart,3,48
425,59,view,1,48
56,81,click,2,48
388,167,purchase,5,48
110,158,cart,3,48
343,9,purchase,5,48
56,81,click,2,48
276,162,view,1,48
307,126,view,1,48
457,134,click,2,48
245,23,view,1,48
244,67,view,1,48
163,105,cart,3,48
384,112,purchase,5,48
241,152,view,1,48
466,81,cart,3,48
81,35,view,1,48
363,34,purchase,5,48
278,180,purchase,5,48
243,84,view,1,48
69,45,view,1,48
400,18,purchase,5,48
123,157,view,1,48
157,167,purchase,5,48
250,105,view,1,48
288,152,view,1,48
271,120,cart,3,48
397,81,purchase,5,48
446,34,purchase,5,48
8,134,click,2,48
368,16,view,1,48
268,34,view,1,48
57,70,click,2,48
228,61,click,2,48
455,5,click,2,48
34,168,click,2,48
425,181,view,1,48
424,105,view,1,48
71,128,purchase,5,48
69,168,view,1,48
287,164,view,1,48
212,51,purchase,5,48
203,105,view,1,48
112,105,view,1,48
316,157,view,1,48
9,70,click,2,48
118,105,view,1,48
333,71,cart,3,48
105,44,view,1,48
477,105,click,2,48
451,89,view,1,48
213,134,view,1,48
498,125,click,2,48
4,152,cart,3,48
330,81,purchase,5,48
497,84,view,1,49
470,7,cart,3,49
412,89,purchase,5,49
212,166,view,1,49
96,129,purchase,5,49
98,37,click,2,49
312,45,click,2,49
131,167,view,1,49
422,150,view,1,49
131,105,click,2,49
287,123,click,2,49
189,132,view,1,49
147,96,cart,3,49
128,43,view,1,49
23,18,view,1,49
482,166,view,1,49
83,134,view,1,49
380,152,view,1,49
303,5,view,1,49
301,45,view,1,49
29,134,view,1,49
256,164,click,2,49
383,5,view,1,49
249,81,click,2,49
249,134,view,1,49
483,105,cart,3,49
144,111,cart,3,49
292,152,view,1,49
427,157,cart,3,49
176,152,click,2,49
67,105,click,2,49
66,143,click,2,49
66,9,click,2,49
332,67,purchase,5,49
325,77,cart,3,49
493,67,cart,3,49
317,121,view,1,49
422,117,view,1,49
393,57,cart,3,49
356,134,cart,3,49
100,166,view,1,49
25,132,click,2,49
89,132,view,1,49
161,100,click,2,49
475,180,click,2,49
43,48,cart,3,49
345,82,click,2,49
247,103,view,1,49
385,134,cart,3,49
79,180,cart,3,49
195,129,click,2,49
151,142,click,2,49
49,175,view,1,49
363,34,view,1,49
457,118,click,2,49
342,166,purchase,5,49
181,134,view,1,49
182,4,click,2,49
372,105,view,1,49
128,105,view,1,49
492,13,view,1,49
337,168,click,2,49
115,164,click,2,49
425,151,click,2,49
488,45,click,2,49
310,141,view,1,49
206,151,view,1,49
498,118,cart,3,49
104,190,view,1,49
350,34,cart,3,49
104,153,click,2,49
18,81,cart,3,49
206,67,view,1,49
332,57,cart,3,49
361,35,cart,3,49
464,103,view,1,49
480,143,view,1,49
379,143,click,2,49
300,150,cart,3,49
466,81,purchase,5,49
88,34,view,1,49
203,29,view,1,49
218,103,view,1,49
408,168,view,1,49
410,190,click,2,49
495,34,view,1,49
449,120,click,2,50
495,18,view,1,50
495,67,view,1,50
154,84,view,1,50
470,34,cart,3,50
417,7,view,1,50
202,67,view,1,50
448,160,view,1,50
216,132,purchase,5,50
280,152,cart,3,50
280,18,view,1,50
206,193,view,1,50
363,34,purchase,5,50
325,67,click,2,50
350,34,cart,3,50
132,13,view,1,50
124,43,cart,3,50
224,29,click,2,50
47,191,view,1,50
425,164,cart,3,50
469,67,view,1,50
227,180,cart,3,50
194,132,view,1,50
470,81,view,1,50
213,29,purchase,5,50
89,2,cart,3,50
488,22,view,1,50
27,180,click,2,50
298,7,click,2,50
429,45,view,1,50
214,180,view,1,50
496,35,view,1,50
305,9,purchase,5,50
68,172,view,1,50
386,22,view,1,50
292,152,view,1,50
88,22,click,2,50
246,7,view,1,50
74,77,click,2,50
181,122,view,1,50
456,152,purchase,5,50
337,160,view,1,50
456,152,cart,3,50
384,70,purchase,5,50
469,19,cart,3,50
419,43,view,1,50
265,81,view,1,50
387,181,purchase,5,50
280,189,view,1,50
241,34,view,1,50
285,134,view,1,50
371,1,view,1,50
270,48,view,1,50
183,129,click,2,50
76,77,view,1,50
243,43,view,1,50
390,195,view,1,50
7,121,view,1,50
372,105,click,2,50
88,34,view,1,50
192,200,cart,3,50
305,88,view,1,50
113,34,click,2,50
100,166,click,2,50
354,13,view,1,50
88,34,view,1,50
476,105,click,2,50
26,150,click,2,50
83,35,view,1,50
440,4,click,2,50
482,166,cart,3,50
481,171,view,1,50
482,157,click,2,50
42,88,cart,3,50
230,36,cart,3,50
443,134,view,1,50
155,157,view,1,50
280,106,cart,3,50
123,163,view,1,50
144,125,click,2,50
5,129,click,2,50
490,81,click,2,50
9,134,click,2,50
189,134,click,2,50
73,107,cart,3,50
310,192,view,1,50
111,108,view,1,50
422,86,view,1,50
118,103,click,2,50
1,153,view,1,50
496,88,view,1,50
281,80,view,1,50
129,50,click,2,50
299,43,cart,3,50
447,9,click,2,50
358,168,click,2,50
113,141,cart,3,50
66,35,view,1,50
163,105,view,1,50
101,90,purchase,5,50
428,67,view,1,50
484,134,view,1,50
176,164,view,1,50
491,126,click,2,50
186,132,purchase,5,50
220,139,view,1,50
192,192,view,1,50
424,29,view,1,50
71,183,view,1,50
399,134,view,1,50
345,134,view,1,51
327,134,view,1,51
295,113,view,1,51
89,84,cart,3,51
271,86,click,2,51
371,44,view,1,51
146,89,view,1,51
289,81,purchase,5,51
131,129,view,1,51
41,2,view,1,51
470,34,purchase,5,51
18,77,click,2,51
415,134,view,1,51
211,152,cart,3,51
257,13,view,1,51
209,81,cart,3,51
153,86,view,1,51
62,156,view,1,51
292,152,view,1,51
50,2,click,2,51
161,167,cart,3,51
432,67,view,1,51
73,171,click,2,51
30,167,cart,3,51
44,43,click,2,51
431,152,view,1,51
386,22,click,2,51
353,13,view,1,51
484,5,cart,3,51
431,67,click,2,51
79,62,view,1,51
386,160,view,1,51
345,146,view,1,51
304,22,purchase,5,51
14,67,click,2,51
137,35,cart,3,51
292,166,click,2,51
466,55,click,2,51
353,36,cart,3,51
178,125,purchase,5,51
390,13,purchase,5,51
197,152,view,1,51
195,103,click,2,51
34,195,view,1,51
96,118,click,2,51
229,134,view,1,51
344,45,view,1,51
228,3,click,2,51
419,134,view,1,51
13,44,view,1,51
470,168,view,1,51
179,35,purchase,5,51
205,84,cart,3,51
257,29,cart,3,51
170,67,click,2,51
464,169,purchase,5,51
480,81,view,1,51
65,105,click,2,51
166,180,view,1,51
477,195,click,2,51
154,16,cart,3,51
139,70,purchase,5,51
105,43,click,2,51
352,5,click,2,51
102,105,view,1,51
79,48,cart,3,51
459,11,cart,3,51
382,13,click,2,51
139,180,view,1,51
172,39,click,2,51
416,54,click,2,51
265,5,click,2,51
68,150,view,1,51
348,134,click,2,51
275,29,view,1,51
425,67,cart,3,51
286,91,view,1,51
391,79,purchase,5,51
191,167,view,1,51
192,129,view,1,51
200,51,cart,3,51
495,180,cart,3,51
113,13,cart,3,51
233,13,cart,3,51
397,167,view,1,51
472,105,view,1,51
283,180,purchase,5,51
173,152,cart,3,51
362,168,purchase,5,51
380,34,view,1,51
482,95,view,1,51
440,5,click,2,51
52,62,view,1,51
143,62,view,1,51
358,45,cart,3,51
57,143,view,1,51
161,59,view,1,51
358,9,click,2,51
23,59,view,1,51
97,189,view,1,51
357,35,click,2,51
327,134,view,1,51
3,11,view,1,51
2,81,cart,3,51
497,51,view,1,51
118,114,view,1,52
62,171,cart,3,52
379,159,cart,3,52
83,148,cart,3,52
362,22,view,1,52
83,118,purchase,5,52
4,152,view,1,52
4,192,view,1,52
163,105,view,1,52
354,105,view,1,52
89,43,click,2,52
239,54,cart,3,52
74,143,view,1,52
42,70,cart,3,52
455,7,view,1,52
464,105,view,1,52
390,81,view,1,52
66,48,click,2,52
344,26,click,2,52
115,34,view,1,52
407,134,view,1,52
53,96,cart,3,52
407,57,view,1,52
122,70,view,1,52
243,10,view,1,52
475,121,click,2,52
112,67,view,1,52
188,200,view,1,52
394,13,cart,3,52
240,105,view,1,52
115,129,view,1,52
251,143,click,2,52
440,81,cart,3,52
440,81,view,1,52
406,55,view,1,52
278,180,click,2,52
452,168,click,2,52
452,86,view,1,52
452,45,click,2,52
495,67,click,2,52
156,4,cart,3,52
15,152,view,1,52
229,134,cart,3,52
226,67,click,2,52
251,81,view,1,52
123,67,purchase,5,52
115,157,view,1,52
348,134,purchase,5,52
56,36,view,1,52
426,92,view,1,52
488,43,view,1,52
340,22,click,2,52
111,134,view,1,52
363,50,click,2,52
155,180,view,1,52
416,82,cart,3,52
347,7,view,1,52
384,81,view,1,52
263,105,click,2,52
292,34,click,2,52
454,22,view,1,52
117,7,cart,3,52
333,135,view,1,52
378,134,click,2,52
499,48,click,2,52
58,35,purchase,5,52
422,22,purchase,5,52
422,45,cart,3,52
275,105,click,2,52
227,132,view,1,52
303,77,view,1,52
263,134,click,2,52
108,107,cart,3,52
164,18,view,1,52
497,100,view,1,52
249,167,view,1,52
15,7,click,2,52
174,13,view,1,52
429,160,cart,3,52
431,7,cart,3,52
496,54,click,2,52
214,9,cart,3,52
206,157,click,2,52
27,13,view,1,52
451,86,click,2,52
154,84,view,1,52
283,152,view,1,52
258,150,view,1,52
211,160,click,2,52
212,67,cart,3,52
206,95,view,1,52
104,152,purchase,5,52
136,10,cart,3,52
56,143,view,1,52
497,95,click,2,52
305,105,purchase,5,52
176,35,view,1,52
128,73,cart,3,52
124,125,view,1,52
289,13,purchase,5,52
403,4,view,1,52
492,67,view,1,52
59,192,cart,3,52
59,22,click,2,52
476,22,cart,3,52
177,132,cart,3,52
41,144,cart,3,52
93,184,click,2,52
290,152,view,1,52
246,30,view,1,52
98,67,view,1,52
230,5,click,2,52
386,97,view,1,52
383,67,cart,3,52
168,105,purchase,5,53
106,75,click,2,53
66,143,cart,3,53
163,14,cart,3,53
140,34,view,1,53
202,164,view,1,53
476,45,cart,3,53
469,138,view,1,53
189,134,cart,3,53
188,34,view,1,53
235,105,view,1,53
73,171,cart,3,53
244,166,view,1,53
448,45,click,2,53
352,166,view,1,53
52,180,click,2,53
382,54,view,1,53
302,168,click,2,53
322,123,view,1,53
321,152,cart,3,53
53,77,view,1,53
251,13,view,1,53
254,32,cart,3,53
220,5,view,1,53
199,33,click,2,53
300,160,view,1,53
360,132,view,1,53
68,22,view,1,53
121,2,view,1,53
296,67,view,1,53
165,127,view,1,53
466,5,click,2,53
73,81,click,2,53
291,134,click,2,53
165,85,click,2,53
378,121,purchase,5,53
353,167,click,2,53
353,77,view,1,53
422,18,click,2,53
312,45,click,2,53
77,105,view,1,53
339,152,click,2,53
348,69,view,1,53
416,35,cart,3,53
362,97,cart,3,53
416,134,click,2,53
74,112,view,1,53
182,126,click,2,53
353,39,view,1,53
237,168,purchase,5,53
131,160,view,1,53
362,150,view,1,53
186,22,click,2,53
410,34,view,1,53
328,132,purchase,5,53
121,71,click,2,53
325,81,click,2,53
153,50,view,1,53
499,164,view,1,53
49,18,click,2,53
188,152,click,2,53
188,152,view,1,53
305,32,view,1,53
304,22,view,1,53
113,34,click,2,53
195,200,view,1,53
438,81,view,1,53
71,84,click,2,53
493,13,view,1,53
159,95,view,1,53
227,134,view,1,53
383,152,purchase,5,53
441,40,view,1,53
345,134,view,1,53
304,45,view,1,53
431,26,click,2,53
107,166,view,1,53
453,114,cart,3,53
436,35,cart,3,53
145,198,click,2,53
383,81,view,1,53
293,189,cart,3,53
176,34,click,2,53
93,134,view,1,53
178,134,click,2,53
246,176,cart,3,53
372,105,view,1,53
420,67,cart,3,53
59,152,purchase,5,53
127,49,view,1,53
70,143,cart,3,53
158,171,purchase,5,53
420,89,view,1,53
161,131,click,2,53
354,81,cart,3,53
177,81,cart,3,53
137,180,click,2,53
325,18,click,2,53
496,126,click,2,53
429,45,click,2,53
429,45,view,1,53
154,112,purchase,5,53
369,63,purchase,5,53
331,18,purchase,5,53
271,86,click,2,53
311,167,click,2,53
136,16,click,2,53
268,29,click,2,53
213,105,cart,3,53
256,191,view,1,53
351,67,click,2,53
203,189,click,2,53
425,67,click,2,54
497,90,cart,3,54
498,123,click,2,54
340,162,view,1,54
11,162,click,2,54
333,152,click,2,54
292,152,view,1,54
289,77,click,2,54
332,67,cart,3,54
280,34,cart,3,54
94,156,cart,3,54
105,152,view,1,54
104,5,view,1,54
153,45,purchase,5,54
281,81,purchase,5,54
450,160,view,1,54
48,84,cart,3,54
458,134,click,2,54
490,143,view,1,54
88,7,view,1,54
157,88,view,1,54
453,138,cart,3,54
460,2,click,2,54
230,12,click,2,54
159,134,view,1,54
483,124,click,2,54
108,180,cart,3,54
490,81,view,1,54
250,137,click,2,54
246,34,cart,3,54
114,134,view,1,54
395,95,cart,3,54
199,5,cart,3,54
80,13,view,1,54
67,134,click,2,54
301,5,purchase,5,54
382,54,view,1,54
49,138,view,1,54
49,67,cart,3,54
433,5,click,2,54
66,13,cart,3,54
218,57,click,2,54
408,23,view,1,54
123,181,click,2,54
468,105,view,1,54
57,174,view,1,54
277,43,click,2,54
53,143,view,1,54
486,114,view,1,54
486,77,cart,3,54
233,67,view,1,54
92,81,click,2,54
437,87,view,1,54
290,200,view,1,54
79,180,view,1,54
273,88,purchase,5,54
299,54,view,1,54
52,35,view,1,54
306,160,view,1,54
288,22,cart,3,54
404,43,click,2,54
476,86,view,1,54
494,179,view,1,54
319,16,purchase,5,54
178,82,cart,3,54
468,105,click,2,54
387,152,cart,3,54
202,67,purchase,5,54
285,189,view,1,54
393,48,purchase,5,54
10,45,purchase,5,54
241,129,view,1,54
455,152,cart,3,54
455,7,cart,3,54
323,44,view,1,54
416,160,view,1,54
97,108,click,2,54
143,94,cart,3,54
299,120,view,1,54
469,67,view,1,54
76,189,click,2,54
47,57,click,2,54
88,152,purchase,5,54
181,148,click,2,54
371,43,cart,3,54
21,180,click,2,54
110,84,view,1,54
397,45,click,2,54
252,121,click,2,54
32,5,click,2,54
351,57,view,1,54
260,34,view,1,54
452,174,view,1,54
452,92,view,1,54
63,129,click,2,54
361,48,view,1,54
450,117,purchase,5,54
62,132,view,1,54
203,134,view,1,54
353,105,view,1,54
312,160,click,2,54
21,102,view,1,55
339,14,view,1,55
319,132,click,2,55
263,29,view,1,55
177,44,view,1,55
250,105,cart,3,55
227,134,view,1,55
460,2,cart,3,55
151,5,cart,3,55
420,67,view,1,55
399,134,view,1,55
246,34,click,2,55
178,134,view,1,55
371,7,click,2,55
268,145,view,1,55
498,134,view,1,55
74,13,click,2,55
241,84,view,1,55
308,160,view,1,55
40,67,cart,3,55
477,5,click,2,55
479,12,view,1,55
472,134,cart,3,55
479,164,view,1,55
361,172,view,1,55
194,132,view,1,55
305,105,purchase,5,55
244,117,cart,3,55
243,132,purchase,5,55
72,182,view,1,55
53,143,click,2,55
362,69,purchase,5,55
363,63,cart,3,55
262,87,view,1,55
422,116,click,2,55
222,105,purchase,5,55
225,164,click,2,55
223,31,click,2,55
405,130,cart,3,55
93,105,purchase,5,55
383,164,view,1,55
287,95,click,2,55
30,67,view,1,55
79,146,click,2,55
435,81,view,1,55
126,75,click,2,55
435,34,click,2,55
223,168,view,1,55
348,8,cart,3,55
459,35,view,1,55
198,94,cart,3,55
124,123,view,1,55
348,149,view,1,55
397,143,purchase,5,55
189,118,view,1,55
335,112,cart,3,55
318,181,view,1,55
320,180,view,1,55
153,162,click,2,55
294,29,view,1,55
497,67,view,1,55
74,13,view,1,55
237,34,view,1,55
109,189,cart,3,55
110,43,cart,3,55
427,67,view,1,55
342,105,view,1,55
57,5,view,1,55
100,157,click,2,55
237,81,view,1,55
333,191,cart,3,55
86,5,cart,3,55
430,129,view,1,55
105,76,cart,3,55
88,152,view,1,55
393,134,click,2,55
240,157,view,1,55
163,105,cart,3,55
442,167,view,1,55
89,84,cart,3,55
22,155,view,1,55
22,134,cart,3,55
167,148,cart,3,55
299,16,view,1,55
121,134,view,1,55
333,67,purchase,5,55
299,40,view,1,55
60,134,view,1,55
38,35,view,1,55
490,81,cart,3,55
427,49,click,2,55
470,152,click,2,55
24,29,view,1,55
480,127,cart,3,55
495,35,cart,3,55
84,29,click,2,55
143,24,view,1,55
299,43,view,1,55
470,177,click,2,55
361,141,click,2,55
209,105,cart,3,55
285,51,cart,3,55
153,45,click,2,56
135,81,view,1,56
345,123,view,1,56
341,67,click,2,56
85,63,view,1,56
83,134,view,1,56
166,180,click,2,56
41,80,view,1,56
153,94,click,2,56
65,73,cart,3,56
218,10,view,1,56
324,50,view,1,56
215,93,view,1,56
23,134,click,2,56
155,67,cart,3,56
141,39,view,1,56
254,39,purchase,5,56
96,63,view,1,56
279,4,click,2,56
94,67,view,1,56
117,34,view,1,56
60,134,view,1,56
252,70,cart,3,56
378,69,view,1,56
53,81,view,1,56
218,59,view,1,56
220,152,click,2,56
219,35,click,2,56
440,70,cart,3,56
428,67,click,2,56
253,35,view,1,56
380,149,click,2,56
102,171,purchase,5,56
139,126,view,1,56
166,134,cart,3,56
487,34,view,1,56
56,81,cart,3,56
238,184,view,1,56
307,81,cart,3,56
268,84,click,2,56
162,16,view,1,56
390,67,click,2,56
15,7,view,1,56
453,160,click,2,56
217,194,view,1,56
404,189,cart,3,56
48,84,view,1,56
403,34,view,1,56
198,45,view,1,56
227,134,view,1,56
222,160,view,1,56
225,51,view,1,56
302,168,cart,3,56
6,134,view,1,56
276,126,click,2,56
275,81,purchase,5,56
383,164,cart,3,56
348,82,purchase,5,56
460,43,cart,3,56
439,134,view,1,56
354,13,view,1,56
349,7,view,1,56
95,167,purchase,5,56
454,47,purchase,5,56
319,160,click,2,56
493,13,click,2,56
115,93,view,1,56
475,48,click,2,56
443,8,view,1,56
400,67,click,2,56
113,13,purchase,5,56
94,167,click,2,56
293,134,purchase,5,56
30,157,purchase,5,56
164,90,click,2,56
230,77,click,2,56
59,150,click,2,56
420,67,view,1,56
317,134,purchase,5,56
25,72,click,2,56
446,129,view,1,56
161,190,click,2,56
358,187,click,2,56
148,67,click,2,56
400,166,purchase,5,56
313,62,cart,3,56
111,123,view,1,56
236,34,view,1,56
344,155,click,2,56
33,53,purchase,5,56
56,35,purchase,5,56
9,134,view,1,56
475,35,view,1,56
268,34,cart,3,56
475,174,view,1,56
97,134,click,2,56
412,22,view,1,56
204,2,view,1,56
64,134,view,1,56
414,134,purchase,5,56
203,82,view,1,56
451,152,purchase,5,56
260,134,click,2,56
143,45,view,1,56
166,44,cart,3,56
378,70,view,1,56
378,9,cart,3,56
378,180,view,1,56
479,67,view,1,56
300,45,click,2,56
332,95,click,2,57
214,105,view,1,57
414,2,click,2,57
96,134,view,1,57
152,88,view,1,57
414,83,cart,3,57
414,43,view,1,57
357,180,cart,3,57
268,200,click,2,57
189,134,cart,3,57
303,34,click,2,57
214,85,click,2,57
381,35,cart,3,57
471,152,view,1,57
98,95,cart,3,57
23,94,view,1,57
299,72,view,1,57
33,85,click,2,57
425,4,click,2,57
307,13,click,2,57
405,34,view,1,57
143,69,view,1,57
155,67,view,1,57
473,129,click,2,57
466,22,click,2,57
121,118,view,1,57
22,166,view,1,57
299,109,purchase,5,57
41,109,click,2,57
215,103,click,2,57
253,29,view,1,57
172,184,purchase,5,57
199,134,view,1,57
255,5,view,1,57
167,129,cart,3,57
333,132,cart,3,57
265,22,view,1,57
374,171,cart,3,57
178,134,view,1,57
311,22,click,2,57
57,34,click,2,57
163,105,cart,3,57
291,22,view,1,57
310,152,click,2,57
131,85,view,1,57
162,30,view,1,57
12,174,click,2,57
86,81,cart,3,57
26,149,cart,3,57
123,90,click,2,57
123,34,view,1,57
433,61,cart,3,57
360,67,view,1,57
123,67,purchase,5,57
82,160,cart,3,57
182,48,cart,3,57
463,81,view,1,57
197,54,cart,3,57
359,167,purchase,5,57
48,2,view,1,57
402,84,view,1,57
193,81,view,1,57
36,200,click,2,57
427,34,click,2,57
470,200,click,2,57
108,180,click,2,57
54,123,cart,3,57
100,79,view,1,57
73,105,view,1,57
488,22,click,2,57
441,149,purchase,5,57
237,180,cart,3,57
88,105,view,1,57
88,34,view,1,57
493,164,click,2,57
334,105,view,1,57
318,81,view,1,57
473,152,click,2,57
370,44,cart,3,57
98,78,view,1,57
339,81,view,1,57
242,23,view,1,57
239,43,click,2,57
420,9,view,1,57
420,67,click,2,57
102,4,click,2,57
373,34,purchase,5,57
137,88,view,1,57
383,88,click,2,57
25,84,view,1,57
339,13,purchase,5,57
191,81,view,1,57
384,5,view,1,57
484,22,purchase,5,57
177,132,view,1,57
414,105,view,1,57
279,180,cart,3,57
428,67,view,1,57
428,193,view,1,57
203,34,click,2,57
214,110,click,2,57
143,168,cart,3,57
141,105,view,1,57
496,180,cart,3,57
498,177,view,1,57
305,105,view,1,57
425,67,view,1,57
206,191,view,1,57
4,63,view,1,57
496,43,click,2,57
209,13,cart,3,57
63,34,view,1,57
332,133,cart,3,57
350,194,cart,3,58
211,34,click,2,58
413,54,view,1,58
414,98,view,1,58
283,9,click,2,58
203,171,view,1,58
280,9,view,1,58
13,54,view,1,58
191,59,view,1,58
385,134,view,1,58
246,134,click,2,58
58,35,cart,3,58
454,45,view,1,58
147,118,view,1,58
358,168,click,2,58
168,34,click,2,58
254,17,cart,3,58
440,88,purchase,5,58
220,167,view,1,58
220,77,cart,3,58
65,105,cart,3,58
66,70,click,2,58
95,134,cart,3,58
405,34,cart,3,58
350,168,click,2,58
141,180,view,1,58
25,134,click,2,58
488,132,view,1,58
419,134,purchase,5,58
277,2,purchase,5,58
450,168,click,2,58
431,63,view,1,58
406,133,view,1,58
254,3,view,1,58
254,156,view,1,58
68,45,click,2,58
254,29,click,2,58
343,48,click,2,58
238,67,view,1,58
295,160,click,2,58
13,67,view,1,58
312,7,purchase,5,58
57,45,view,1,58
56,81,purchase,5,58
386,97,view,1,58
294,152,purchase,5,58
163,105,cart,3,58
14,178,view,1,58
79,9,cart,3,58
460,120,view,1,58
21,44,view,1,58
163,105,cart,3,58
230,29,click,2,58
128,58,view,1,58
318,67,click,2,58
180,105,purchase,5,58
181,99,view,1,58
433,5,cart,3,58
477,105,cart,3,58
431,34,view,1,58
405,34,view,1,58
289,112,view,1,58
115,147,cart,3,58
5,67,view,1,58
15,34,view,1,58
433,105,click,2,58
324,86,view,1,58
324,149,cart,3,58
322,100,view,1,58
165,81,click,2,58
53,200,view,1,58
242,106,click,2,58
490,81,view,1,58
401,84,click,2,58
400,22,purchase,5,58
42,48,view,1,58
272,70,click,2,58
92,81,view,1,58
114,55,click,2,58
6,22,view,1,58
377,30,view,1,58
227,134,purchase,5,58
288,86,view,1,58
359,5,view,1,58
403,200,view,1,58
301,52,view,1,58
430,16,view,1,58
301,45,view,1,58
199,134,view,1,58
35,8,purchase,5,58
100,67,cart,3,58
422,45,cart,3,58
112,107,cart,3,58
422,189,click,2,58
138,43,purchase,5,58
87,193,view,1,58
476,159,click,2,58
198,63,purchase,5,58
111,85,view,1,58
129,45,view,1,58
89,132,click,2,58
36,104,click,2,58
412,45,view,1,58
56,167,view,1,58
63,91,view,1,58
206,166,view,1,58
498,134,view,1,58
213,29,purchase,5,58
206,157,click,2,58
215,93,view,1,58
62,43,click,2,58
241,34,view,1,58
56,188,view,1,58
260,125,view,1,58
472,134,view,1,58
448,34,view,1,58
20,105,view,1,58
394,134,view,1,58
237,89,view,1,59
394,167,view,1,59
56,143,view,1,59
378,134,click,2,59
1,152,click,2,59
363,34,cart,3,59
255,5,view,1,59
479,181,view,1,59
390,157,view,1,59
425,105,view,1,59
212,175,view,1,59
489,148,view,1,59
489,93,view,1,59
148,164,view,1,59
72,43,click,2,59
395,67,cart,3,59
72,10,click,2,59
475,34,cart,3,59
476,45,click,2,59
88,152,view,1,59
223,81,view,1,59
167,48,purchase,5,59
495,85,view,1,59
332,19,view,1,59
363,7,cart,3,59
140,152,cart,3,59
244,181,cart,3,59
30,18,purchase,5,59
277,54,view,1,59
243,189,view,1,59
265,164,cart,3,59
109,134,view,1,59
349,152,cart,3,59
303,89,view,1,59
176,196,view,1,59
108,85,view,1,59
30,70,view,1,59
354,105,click,2,59
26,4,click,2,59
148,67,view,1,59
146,160,view,1,59
129,45,view,1,59
468,103,view,1,59
241,84,purchase,5,59
270,35,view,1,59
108,35,view,1,59
54,5,view,1,59
287,134,view,1,59
349,200,click,2,59
463,107,click,2,59
189,69,view,1,59
434,105,view,1,59
466,5,cart,3,59
333,164,view,1,59
49,67,click,2,59
404,152,view,1,59
475,132,view,1,59
336,134,cart,3,59
380,55,purchase,5,59
80,112,view,1,59
74,167,view,1,59
318,118,click,2,59
24,29,cart,3,59
225,35,view,1,59
165,88,view,1,59
286,103,view,1,59
351,67,view,1,59
230,67,click,2,59
192,134,view,1,59
263,105,cart,3,59
20,81,click,2,59
164,132,view,1,59
384,82,click,2,59
474,103,view,1,59
410,134,view,1,59
232,20,view,1,59
203,134,purchase,5,59
17,29,click,2,59
212,67,view,1,59
450,160,view,1,59
213,121,view,1,59
333,79,view,1,59
325,81,click,2,59
498,134,click,2,59
62,29,cart,3,59
340,45,view,1,59
306,45,view,1,59
405,134,view,1,59
218,39,view,1,59
444,34,click,2,59
443,180,purchase,5,59
79,167,click,2,59
429,67,purchase,5,59
72,1,view,1,59
306,168,purchase,5,59
72,84,view,1,60
79,180,view,1,60
384,118,cart,3,60
217,29,cart,3,60
117,129,view,1,60
168,132,view,1,60
106,84,cart,3,60
282,138,click,2,60
213,134,cart,3,60
416,123,view,1,60
104,81,view,1,60
340,97,click,2,60
206,164,click,2,60
473,131,click,2,60
428,157,view,1,60
292,200,view,1,60
402,45,cart,3,60
493,193,cart,3,60
193,180,cart,3,60
476,45,cart,3,60
466,5,cart,3,60
276,185,click,2,60
454,168,click,2,60
361,180,view,1,60
13,180,click,2,60
474,105,cart,3,60
435,81,view,1,60
481,34,cart,3,60
324,132,purchase,5,60
322,18,view,1,60
275,13,click,2,60
436,10,view,1,60
285,75,view,1,60
381,189,view,1,60
73,105,view,1,60
469,157,click,2,60
312,164,view,1,60
180,184,cart,3,60
426,34,view,1,60
308,82,cart,3,60
440,5,view,1,60
288,129,cart,3,60
70,13,click,2,60
112,164,click,2,60
420,184,view,1,60
138,2,view,1,60
112,27,cart,3,60
36,192,click,2,60
20,105,click,2,60
35,9,view,1,60
400,132,cart,3,60
235,72,purchase,5,60
197,43,view,1,60
454,144,cart,3,60
69,160,cart,3,60
370,45,cart,3,60
399,123,view,1,60
321,152,click,2,60
474,67,cart,3,60
386,160,click,2,60
295,133,click,2,60
266,66,click,2,60
106,118,click,2,60
28,45,view,1,60
331,35,cart,3,60
497,109,cart,3,60
235,180,click,2,60
500,86,click,2,60
216,80,view,1,60
299,44,click,2,60
489,5,click,2,60
40,67,view,1,60
414,84,purchase,5,60
49,67,purchase,5,60
279,70,view,1,60
99,34,view,1,60
153,86,view,1,60
214,107,click,2,60
204,2,purchase,5,60
41,144,click,2,60
348,22,view,1,60
343,4,view,1,60
163,57,view,1,60
163,29,view,1,60
25,93,click,2,60
393,29,purchase,5,60
9,134,view,1,60
162,200,view,1,60
245,109,view,1,60
180,32,cart,3,60
457,113,view,1,60
285,14,view,1,60
137,113,view,1,60
415,16,cart,3,60
498,105,click,2,61
106,134,purchase,5,61
139,23,view,1,61
227,134,click,2,61
197,54,view,1,61
366,97,view,1,61
336,126,view,1,61
454,86,purchase,5,61
96,34,click,2,61
438,167,view,1,61
4,63,view,1,61
470,200,view,1,61
340,149,cart,3,61
488,54,cart,3,61
249,176,click,2,61
160,105,click,2,61
159,54,view,1,61
339,5,click,2,61
362,160,view,1,61
241,84,click,2,61
481,29,view,1,61
348,97,click,2,61
191,55,view,1,61
486,5,view,1,61
230,197,click,2,61
317,134,cart,3,61
217,124,click,2,61
95,125,view,1,61
362,149,purchase,5,61
201,67,view,1,61
405,34,click,2,61
325,57,cart,3,61
13,150,view,1,61
202,189,view,1,61
265,13,view,1,61
145,45,click,2,61
147,84,click,2,61
261,134,view,1,61
131,134,view,1,61
270,107,cart,3,61
270,197,view,1,61
128,134,purchase,5,61
340,155,cart,3,61
477,105,view,1,61
347,34,view,1,61
366,22,click,2,61
249,134,purchase,5,61
476,117,cart,3,61
427,181,view,1,61
249,122,cart,3,61
312,45,cart,3,61
13,155,click,2,61
395,134,cart,3,61
180,105,view,1,61
269,152,click,2,61
275,143,view,1,61
493,67,view,1,61
482,67,click,2,61
436,57,view,1,61
165,88,click,2,61
198,34,click,2,61
422,168,click,2,61
111,134,purchase,5,61
448,67,click,2,61
123,164,purchase,5,61
30,164,view,1,61
168,132,view,1,61
40,180,cart,3,61
63,180,view,1,61
198,44,view,1,61
374,117,cart,3,61
452,34,click,2,61
75,35,click,2,61
292,34,cart,3,61
131,13,click,2,61
80,81,click,2,61
300,168,click,2,61
265,67,cart,3,61
427,79,view,1,61
95,111,cart,3,61
265,67,purchase,5,61
423,152,view,1,61
237,34,view,1,61
74,95,cart,3,61
260,134,click,2,61
235,180,view,1,61
235,48,click,2,61
454,45,purchase,5,61
291,168,view,1,61
412,168,click,2,61
350,107,click,2,61
328,81,view,1,61
279,48,click,2,61
332,133,click,2,61
214,121,click,2,61
18,6,cart,3,61
1,35,view,1,62
241,98,view,1,62
499,180,view,1,62
44,1,view,1,62
233,67,view,1,62
81,195,view,1,62
101,157,view,1,62
447,10,click,2,62
380,129,click,2,62
62,110,purchase,5,62
199,134,click,2,62
321,152,click,2,62
7,126,view,1,62
47,67,click,2,62
287,134,view,1,62
40,164,view,1,62
215,103,view,1,62
384,134,purchase,5,62
25,34,click,2,62
187,134,click,2,62
437,84,view,1,62
461,67,view,1,62
281,105,view,1,62
105,2,view,1,62
407,164,view,1,62
484,13,view,1,62
281,81,view,1,62
67,105,view,1,62
68,22,cart,3,62
405,34,view,1,62
118,124,purchase,5,62
111,45,cart,3,62
14,125,view,1,62
230,167,view,1,62
176,34,view,1,62
472,132,view,1,62
246,138,view,1,62
386,103,cart,3,62
348,123,view,1,62
387,174,purchase,5,62
144,134,cart,3,62
341,67,cart,3,62
397,81,click,2,62
455,103,cart,3,62
166,48,click,2,62
397,105,view,1,62
51,84,cart,3,62
293,134,click,2,62
261,118,view,1,62
287,67,cart,3,62
166,70,view,1,62
47,79,view,1,62
146,67,view,1,62
49,166,click,2,62
146,19,cart,3,62
333,166,click,2,62
252,62,purchase,5,62
238,29,view,1,62
219,70,click,2,62
490,152,cart,3,62
171,38,cart,3,62
170,164,purchase,5,62
172,105,click,2,62
136,54,cart,3,62
166,85,click,2,62
356,106,cart,3,62
355,34,view,1,62
354,13,click,2,62
235,9,view,1,62
41,166,view,1,62
40,151,view,1,62
450,142,click,2,62
268,200,view,1,62
206,67,cart,3,62
206,67,view,1,62
123,57,cart,3,62
65,184,view,1,62
200,189,view,1,62
200,134,purchase,5,62
66,70,purchase,5,62
205,44,click,2,62
477,36,click,2,62
87,70,view,1,62
362,160,cart,3,62
475,180,click,2,62
474,51,view,1,62
23,168,click,2,62
89,44,view,1,62
137,85,purchase,5,62
427,90,view,1,62
236,151,view,1,62
403,84,view,1,62
400,43,view,1,62
18,46,cart,3,62
402,45,purchase,5,62
369,67,click,2,62
99,152,view,1,62
227,134,view,1,62
151,2,purchase,5,63
166,9,cart,3,63
80,5,view,1,63
349,105,cart,3,63
230,105,view,1,63
151,5,view,1,63
7,35,click,2,63
265,67,purchase,5,63
402,69,view,1,63
404,120,view,1,63
282,134,click,2,63
157,84,view,1,63
2,5,click,2,63
203,61,click,2,63
353,81,cart,3,63
102,134,view,1,63
278,81,view,1,63
351,95,view,1,63
38,134,purchase,5,63
453,45,click,2,63
383,81,click,2,63
352,67,cart,3,63
222,168,click,2,63
65,103,view,1,63
321,174,cart,3,63
64,134,view,1,63
417,34,view,1,63
416,97,click,2,63
117,34,cart,3,63
279,180,purchase,5,63
399,134,view,1,63
145,22,view,1,63
390,81,cart,3,63
431,74,view,1,63
229,134,view,1,63
110,54,click,2,63
431,192,click,2,63
486,81,click,2,63
300,89,view,1,63
217,67,view,1,63
176,166,cart,3,63
247,171,cart,3,63
297,30,click,2,63
228,105,view,1,63
145,160,view,1,63
29,43,view,1,63
310,9,view,1,63
312,160,click,2,63
419,180,view,1,63
172,119,view,1,63
463,180,cart,3,63
13,54,view,1,63
237,155,purchase,5,63
9,134,view,1,63
452,35,view,1,63
268,43,click,2,63
40,84,view,1,63
30,18,cart,3,63
458,174,cart,3,63
147,134,view,1,63
440,180,view,1,63
84,134,view,1,63
404,34,view,1,63
86,152,cart,3,63
474,67,click,2,63
243,67,click,2,63
425,166,click,2,63
137,48,view,1,63
425,59,cart,3,63
474,90,click,2,63
137,180,purchase,5,63
400,72,view,1,63
72,132,view,1,63
300,150,view,1,63
403,159,click,2,63
337,160,view,1,63
70,55,view,1,63
89,43,view,1,63
141,180,click,2,63
56,167,purchase,5,63
227,189,click,2,63
113,5,view,1,63
449,159,view,1,63
99,153,view,1,63
356,200,cart,3,63
271,94,view,1,63
325,95,cart,3,63
408,44,cart,3,63
212,164,cart,3,63
98,59,view,1,63
88,117,click,2,63
88,93,view,1,63
361,9,click,2,63
459,121,view,1,63
471,34,click,2,63
244,22,cart,3,63
370,81,view,1,63
95,134,cart,3,63
19,45,cart,3,63
475,167,cart,3,63
365,95,click,2,64
183,152,click,2,64
21,2,view,1,64
181,134,click,2,64
178,178,click,2,64
407,37,cart,3,64
121,152,click,2,64
122,152,view,1,64
3,16,cart,3,64
92,81,cart,3,64
354,167,cart,3,64
235,70,view,1,64
273,180,click,2,64
379,81,view,1,64
181,134,view,1,64
369,113,cart,3,64
2,81,view,1,64
426,77,view,1,64
236,67,view,1,64
480,180,view,1,64
461,123,click,2,64
137,35,click,2,64
400,43,click,2,64
139,180,view,1,64
429,86,click,2,64
201,105,view,1,64
340,81,view,1,64
338,124,cart,3,64
165,134,view,1,64
6,134,view,1,64
493,57,view,1,64
394,108,cart,3,64
111,75,click,2,64
145,160,view,1,64
49,95,view,1,64
293,82,click,2,64
53,22,click,2,64
431,142,cart,3,64
429,45,view,1,64
470,7,view,1,64
470,152,view,1,64
24,29,click,2,64
249,152,view,1,64
435,129,view,1,64
48,44,cart,3,64
229,180,view,1,64
486,81,click,2,64
422,150,cart,3,64
479,67,view,1,64
459,70,cart,3,64
419,125,purchase,5,64
27,81,click,2,64
460,149,view,1,64
28,50,click,2,64
30,67,view,1,64
423,174,click,2,64
286,200,view,1,64
348,150,click,2,64
149,85,cart,3,64
437,152,view,1,64
153,45,view,1,64
204,44,view,1,64
263,51,view,1,64
265,164,purchase,5,64
192,134,purchase,5,64
282,150,view,1,64
280,34,view,1,64
220,5,click,2,64
331,164,view,1,64
406,164,view,1,64
121,70,view,1,64
407,166,click,2,64
403,43,view,1,64
118,132,cart,3,64
201,110,click,2,64
201,180,view,1,64
117,152,click,2,64
223,166,view,1,64
128,32,view,1,64
353,160,purchase,5,64
82,45,cart,3,64
102,29,view,1,64
101,164,cart,3,64
104,5,view,1,64
157,141,cart,3,64
448,7,click,2,64
276,45,view,1,64
158,29,view,1,64
480,102,view,1,64
15,152,click,2,64
280,108,purchase,5,64
233,67,view,1,64
481,105,view,1,64
444,34,view,1,64
499,126,click,2,64
499,34,cart,3,64
496,48,click,2,65
22,134,cart,3,65
99,152,cart,3,65
476,22,view,1,65
373,5,cart,3,65
99,13,view,1,65
100,67,view,1,65
447,121,click,2,65
42,126,purchase,5,65
442,143,click,2,65
443,96,cart,3,65
484,152,cart,3,65
94,70,view,1,65
368,95,click,2,65
369,152,view,1,65
129,86,click,2,65
417,34,click,2,65
224,34,cart,3,65
320,107,click,2,65
221,1,view,1,65
414,84,view,1,65
414,84,view,1,65
300,5,cart,3,65
386,28,click,2,65
494,81,view,1,65
108,85,click,2,65
148,67,view,1,65
47,5,purchase,5,65
289,22,view,1,65
434,105,view,1,65
230,171,click,2,65
194,54,view,1,65
484,13,view,1,65
238,105,click,2,65
251,199,purchase,5,65
251,81,purchase,5,65
173,34,click,2,65
386,22,view,1,65
343,35,purchase,5,65
76,34,view,1,65
74,143,view,1,65
194,105,view,1,65
52,70,view,1,65
195,61,view,1,65
430,167,view,1,65
258,95,cart,3,65
480,88,view,1,65
316,5,view,1,65
129,5,cart,3,65
129,70,view,1,65
219,48,cart,3,65
490,10,click,2,65
253,190,click,2,65
28,152,view,1,65
384,189,view,1,65
153,22,click,2,65
46,49,click,2,65
46,45,click,2,65
54,5,click,2,65
263,105,click,2,65
456,173,cart,3,65
455,77,click,2,65
165,134,view,1,65
263,105,view,1,65
111,8,view,1,65
74,48,cart,3,65
6,134,view,1,65
286,81,view,1,65
153,152,view,1,65
255,81,view,1,65
164,157,purchase,5,65
56,157,cart,3,65
426,129,purchase,5,65
303,123,view,1,65
18,143,view,1,65
115,34,cart,3,65
403,44,click,2,65
400,81,view,1,65
337,153,click,2,65
455,81,purchase,5,65
164,110,cart,3,65
439,189,click,2,65
38,126,cart,3,65
453,160,purchase,5,65
263,61,view,1,65
353,77,view,1,65
381,197,click,2,65
307,77,view,1,65
136,126,cart,3,65
308,22,click,2,65
308,157,cart,3,65
254,105,view,1,65
225,48,click,2,65
380,150,view,1,65
413,43,cart,3,65
412,35,view,1,65
325,143,purchase,5,65
66,5,click,2,65
66,11,view,1,65
83,134,click,2,65
157,126,view,1,65
447,126,cart,3,65
447,70,purchase,5,65
182,9,click,2,65
91,44,view,1,65
366,185,view,1,65
184,134,view,1,65
246,152,cart,3,65
244,169,view,1,65
206,18,view,1,65
40,166,click,2,65
270,48,view,1,65
272,58,purchase,5,65
235,134,view,1,65
161,164,view,1,66
160,152,purchase,5,66
450,160,view,1,66
452,152,purchase,5,66
246,134,view,1,66
477,105,purchase,5,66
362,86,view,1,66
7,159,view,1,66
41,34,view,1,66
331,157,view,1,66
330,66,click,2,66
102,105,click,2,66
371,10,view,1,66
495,51,view,1,66
372,105,view,1,66
383,67,purchase,5,66
65,90,purchase,5,66
137,62,cart,3,66
352,67,click,2,66
423,34,click,2,66
403,120,view,1,66
400,100,view,1,66
265,134,view,1,66
309,35,view,1,66
327,118,view,1,66
308,185,view,1,66
256,67,cart,3,66
135,143,view,1,66
324,69,click,2,66
409,85,purchase,5,66
117,4,view,1,66
459,62,cart,3,66
337,97,cart,3,66
337,22,view,1,66
300,86,click,2,66
228,29,cart,3,66
262,44,view,1,66
428,67,view,1,66
46,13,view,1,66
384,96,view,1,66
7,43,purchase,5,66
334,13,view,1,66
192,92,view,1,66
117,174,click,2,66
252,141,view,1,66
7,107,click,2,66
488,160,click,2,66
188,200,cart,3,66
390,5,click,2,66
311,167,cart,3,66
153,86,click,2,66
163,142,purchase,5,66
47,67,cart,3,66
7,84,view,1,66
455,152,view,1,66
36,126,view,1,66
481,61,cart,3,66
152,48,cart,3,66
422,45,click,2,66
336,180,cart,3,66
461,195,click,2,66
336,62,click,2,66
227,118,view,1,66
113,81,view,1,66
132,13,view,1,66
237,134,view,1,66
144,134,view,1,66
322,134,cart,3,66
316,164,view,1,66
404,84,view,1,66
243,117,purchase,5,66
19,43,view,1,66
360,57,view,1,66
97,134,cart,3,66
101,67,click,2,66
373,13,view,1,66
45,57,cart,3,66
442,81,view,1,66
230,105,view,1,66
297,84,view,1,66
453,43,click,2,66
436,180,click,2,66
49,45,view,1,66
48,129,view,1,66
434,124,cart,3,66
435,67,view,1,66
178,123,cart,3,66
242,134,view,1,66
497,86,view,1,66
474,67,cart,3,66
21,132,cart,3,66
447,126,purchase,5,66
118,105,view,1,66
100,196,view,1,66
475,34,click,2,66
99,34,cart,3,66
345,96,view,1,66
64,65,view,1,66
260,134,cart,3,66
151,105,view,1,66
187,16,view,1,66
49,51,purchase,5,66
390,18,purchase,5,66
216,22,cart,3,66
348,123,view,1,66
435,45,click,2,66
25,123,click,2,66
344,34,click,2,66
112,164,click,2,67
137,160,view,1,67
351,191,cart,3,67
263,134,view,1,67
331,134,click,2,67
246,5,cart,3,67
450,45,view,1,67
371,120,view,1,67
497,16,click,2,67
362,160,click,2,67
98,67,view,1,67
104,167,cart,3,67
307,81,purchase,5,67
328,81,view,1,67
328,5,click,2,67
200,134,purchase,5,67
325,45,view,1,67
323,164,click,2,67
225,180,cart,3,67
27,105,cart,3,67
143,45,view,1,67
53,134,cart,3,67
237,53,view,1,67
52,48,purchase,5,67
463,180,click,2,67
302,143,click,2,67
153,88,purchase,5,67
26,160,click,2,67
456,34,view,1,67
13,168,cart,3,67
163,105,view,1,67
230,171,click,2,67
73,184,purchase,5,67
112,164,cart,3,67
488,44,cart,3,67
400,164,cart,3,67
302,81,view,1,67
257,36,view,1,67
423,34,view,1,67
488,120,cart,3,67
423,34,view,1,67
304,160,view,1,67
424,105,view,1,67
402,67,click,2,67
189,164,view,1,67
393,181,cart,3,67
112,59,view,1,67
382,2,view,1,67
82,66,purchase,5,67
380,22,click,2,67
163,110,click,2,67
450,149,purchase,5,67
331,18,cart,3,67
7,121,click,2,67
331,164,click,2,67
406,79,purchase,5,67
367,199,cart,3,67
19,180,click,2,67
232,170,view,1,67
270,180,view,1,67
377,134,view,1,67
105,44,cart,3,67
384,82,view,1,67
433,81,view,1,67
348,134,view,1,67
292,152,click,2,67
451,97,click,2,67
174,77,view,1,67
345,123,purchase,5,67
435,174,view,1,67
178,118,purchase,5,67
93,85,cart,3,67
404,34,click,2,67
321,152,purchase,5,67
414,159,view,1,67
65,32,view,1,67
78,195,view,1,67
345,134,click,2,67
188,134,view,1,67
333,54,cart,3,67
151,105,click,2,67
495,124,click,2,67
80,70,purchase,5,67
18,13,click,2,67
87,200,purchase,5,67
97,189,click,2,67
41,43,view,1,67
217,142,view,1,67
99,200,cart,3,68
474,166,view,1,68
179,9,click,2,68
498,118,view,1,68
235,150,click,2,68
161,89,click,2,68
246,134,view,1,68
372,105,click,2,68
245,132,cart,3,68
360,166,click,2,68
98,49,view,1,68
363,140,cart,3,68
91,16,purchase,5,68
89,43,purchase,5,68
238,103,click,2,68
372,105,purchase,5,68
372,105,cart,3,68
364,118,cart,3,68
268,48,view,1,68
24,34,view,1,68
193,67,purchase,5,68
434,94,view,1,68
108,48,view,1,68
246,134,view,1,68
247,103,purchase,5,68
173,34,click,2,68
109,134,view,1,68
77,29,cart,3,68
195,39,view,1,68
143,117,click,2,68
292,200,cart,3,68
229,29,view,1,68
111,134,view,1,68
80,81,click,2,68
203,134,view,1,68
25,30,cart,3,68
108,9,cart,3,68
230,105,cart,3,68
230,167,view,1,68
15,34,purchase,5,68
437,41,purchase,5,68
112,51,click,2,68
340,160,cart,3,68
456,166,view,1,68
261,134,view,1,68
166,121,click,2,68
455,132,cart,3,68
140,34,view,1,68
456,34,cart,3,68
70,143,view,1,68
218,43,cart,3,68
18,143,purchase,5,68
402,67,click,2,68
487,129,click,2,68
424,126,click,2,68
305,105,cart,3,68
138,134,view,1,68
423,34,click,2,68
302,5,view,1,68
226,164,purchase,5,68
199,134,cart,3,68
306,45,view,1,68
462,70,view,1,68
305,70,click,2,68
307,180,view,1,68
353,105,click,2,68
14,125,click,2,68
43,75,view,1,68
455,81,cart,3,68
215,200,cart,3,68
106,84,view,1,68
441,43,click,2,68
441,10,purchase,5,68
7,67,cart,3,68
466,89,cart,3,68
188,81,view,1,68
219,114,click,2,68
173,26,view,1,68
419,134,view,1,68
419,82,click,2,68
317,142,click,2,68
317,134,view,1,68
219,48,view,1,68
59,2,cart,3,68
131,167,view,1,68
422,168,view,1,68
9,105,view,1,68
321,152,purchase,5,68
10,28,cart,3,68
64,152,view,1,68
416,121,view,1,68
128,194,view,1,68
222,160,view,1,68
62,29,view,1,68
4,87,cart,3,68
368,120,purchase,5,68
369,152,cart,3,68
481,34,purchase,5,68
42,48,click,2,68
354,105,view,1,68
102,105,view,1,68
101,173,view,1,68
205,178,click,2,68
215,200,view,1,68
404,67,view,1,68
404,132,view,1,68
68,86,purchase,5,68
331,134,cart,3,68
322,124,cart,3,68
410,34,view,1,68
65,105,purchase,5,68
89,62,purchase,5,68
19,64,cart,3,68
1,129,view,1,68
499,162,view,1,68
181,134,view,1,68
209,81,cart,3,69
180,29,cart,3,69
211,23,click,2,69
371,167,view,1,69
4,9,view,1,69
161,152,cart,3,69
484,195,view,1,69
278,152,click,2,69
276,45,click,2,69
480,4,view,1,69
483,48,view,1,69
448,200,cart,3,69
449,132,cart,3,69
449,180,view,1,69
270,105,click,2,69
161,79,click,2,69
437,37,purchase,5,69
151,81,purchase,5,69
15,34,view,1,69
437,67,click,2,69
288,50,view,1,69
47,67,click,2,69
146,114,cart,3,69
286,92,click,2,69
235,180,view,1,69
268,34,click,2,69
269,149,view,1,69
162,7,view,1,69
484,4,click,2,69
192,129,cart,3,69
267,105,view,1,69
280,190,view,1,69
228,58,view,1,69
486,77,click,2,69
293,108,click,2,69
292,129,click,2,69
228,184,view,1,69
49,166,purchase,5,69
237,34,view,1,69
459,126,view,1,69
127,167,cart,3,69
319,67,cart,3,69
489,93,purchase,5,69
322,105,click,2,69
128,105,click,2,69
129,64,view,1,69
420,90,view,1,69
421,84,view,1,69
426,5,click,2,69
424,105,click,2,69
487,152,cart,3,69
138,96,click,2,69
423,200,purchase,5,69
303,77,purchase,5,69
426,105,cart,3,69
302,77,click,2,69
423,129,cart,3,69
141,105,view,1,69
480,134,cart,3,69
457,134,view,1,69
300,162,view,1,69
486,81,view,1,69
145,50,view,1,69
52,35,purchase,5,69
60,118,click,2,69
256,79,view,1,69
131,52,click,2,69
58,165,cart,3,69
29,106,click,2,69
167,99,click,2,69
176,151,click,2,69
387,160,click,2,69
386,117,view,1,69
249,134,view,1,69
493,13,view,1,69
102,105,purchase,5,69
101,164,cart,3,69
100,43,view,1,69
5,67,purchase,5,69
78,48,view,1,69
383,45,view,1,69
344,45,click,2,69
74,13,view,1,69
74,77,view,1,69
6,149,view,1,69
73,105,view,1,69
73,105,click,2,69
112,79,purchase,5,69
462,35,click,2,69
72,16,view,1,69
73,105,view,1,69
474,100,click,2,69
214,105,view,1,69
496,134,view,1,69
374,84,view,1,69
206,18,purchase,5,69
379,5,view,1,69
378,113,cart,3,69
179,9,view,1,69
344,152,click,2,69
76,134,click,2,69
249,43,cart,3,69
408,45,cart,3,69
324,45,purchase,5,69
323,19,view,1,69
121,166,cart,3,69
173,34,view,1,69
193,134,view,1,70
42,48,view,1,70
233,105,purchase,5,70
431,152,purchase,5,70
434,168,view,1,70
94,61,click,2,70
366,45,view,1,70
369,29,view,1,70
362,123,view,1,70
19,174,click,2,70
21,43,view,1,70
1,7,cart,3,70
476,22,cart,3,70
499,132,click,2,70
20,81,purchase,5,70
450,89,view,1,70
42,121,view,1,70
454,63,purchase,5,70
161,139,click,2,70
263,118,cart,3,70
452,147,click,2,70
318,19,view,1,70
415,134,click,2,70
319,4,view,1,70
317,107,cart,3,70
420,164,click,2,70
223,77,purchase,5,70
415,14,view,1,70
129,45,view,1,70
166,85,cart,3,70
225,48,view,1,70
488,84,cart,3,70
166,48,view,1,70
423,67,cart,3,70
260,123,click,2,70
18,81,view,1,70
134,75,view,1,70
263,184,cart,3,70
456,67,click,2,70
300,134,purchase,5,70
13,43,view,1,70
301,34,click,2,70
194,44,click,2,70
144,75,view,1,70
300,149,cart,3,70
292,152,view,1,70
263,134,cart,3,70
189,134,view,1,70
236,194,cart,3,70
427,95,view,1,70
488,132,view,1,70
135,81,cart,3,70
135,13,purchase,5,70
191,81,cart,3,70
41,132,view,1,70
157,180,view,1,70
447,105,view,1,70
271,165,cart,3,70
340,22,purchase,5,70
188,152,click,2,70
73,67,view,1,70
341,67,click,2,70
394,77,view,1,70
394,81,purchase,5,70
340,69,cart,3,70
397,160,view,1,70
252,102,view,1,70
237,7,cart,3,70
168,34,click,2,70
412,105,cart,3,70
249,134,view,1,70
24,105,cart,3,70
110,134,view,1,70
344,34,click,2,70
217,58,click,2,70
177,120,view,1,70
386,45,view,1,70
253,104,view,1,70
121,125,cart,3,70
68,171,view,1,70
67,134,click,2,70
68,94,view,1,70
408,168,view,1,70
200,125,view,1,70
322,134,purchase,5,70
104,13,view,1,70
352,152,view,1,70
104,34,view,1,70
80,13,click,2,70
350,160,view,1,70
384,5,click,2,70
351,67,view,1,70
495,67,view,1,70
474,67,cart,3,70
244,138,view,1,70
244,157,view,1,70
245,44,view,1,70
184,125,click,2,70
100,95,view,1,70
380,180,view,1,70
356,70,cart,3,70
376,57,cart,3,70
360,57,purchase,5,70
239,184,cart,3,70
373,77,view,1,70
89,132,click,2,70
497,151,view,1,70
212,109,view,1,71
493,5,view,1,71
1,139,view,1,71
281,13,click,2,71
232,180,view,1,71
126,125,click,2,71
319,86,view,1,71
499,180,cart,3,71
124,125,cart,3,71
343,121,view,1,71
121,118,view,1,71
162,43,cart,3,71
268,33,purchase,5,71
68,168,view,1,71
145,22,click,2,71
419,134,view,1,71
304,89,view,1,71
285,35,view,1,71
6,34,purchase,5,71
216,57,click,2,71
9,134,click,2,71
474,138,click,2,71
6,22,click,2,71
495,126,view,1,71
428,169,view,1,71
468,171,purchase,5,71
496,168,cart,3,71
379,105,view,1,71
305,9,purchase,5,71
48,16,view,1,71
276,22,cart,3,71
348,151,click,2,71
488,54,cart,3,71
144,134,cart,3,71
373,81,purchase,5,71
236,67,view,1,71
57,34,click,2,71
291,45,cart,3,71
40,12,purchase,5,71
289,5,view,1,71
291,160,purchase,5,71
49,51,cart,3,71
309,85,view,1,71
309,121,click,2,71
56,152,view,1,71
363,7,cart,3,71
78,132,cart,3,71
78,126,click,2,71
65,105,view,1,71
83,106,purchase,5,71
155,81,purchase,5,71
257,171,click,2,71
434,165,view,1,71
351,90,click,2,71
42,180,click,2,71
380,200,click,2,71
369,147,view,1,71
101,166,view,1,71
218,43,cart,3,71
447,62,purchase,5,71
278,152,purchase,5,71
352,157,purchase,5,71
164,67,cart,3,71
96,134,view,1,71
141,85,view,1,71
412,185,click,2,71
350,150,click,2,71
324,174,click,2,71
331,181,view,1,71
147,176,view,1,71
450,97,view,1,71
272,126,click,2,71
84,67,view,1,71
188,34,cart,3,71
18,134,view,1,71
38,72,view,1,71
183,16,click,2,71
183,86,click,2,71
20,130,view,1,71
102,105,view,1,71
249,134,view,1,71
372,105,view,1,71
371,2,cart,3,71
476,22,view,1,71
21,70,cart,3,71
181,134,click,2,71
180,93,view,1,71
181,13,click,2,71
21,84,view,1,71
463,45,view,1,71
357,43,view,1,71
261,107,click,2,71
52,134,view,1,71
216,143,view,1,71
19,45,view,1,71
5,78,view,1,71
345,134,click,2,71
461,134,view,1,71
111,134,view,1,71
206,67,view,1,71
486,81,purchase,5,71
215,34,click,2,71
215,7,click,2,71
429,67,view,1,71
363,53,view,1,71
455,34,purchase,5,71
29,134,view,1,71
324,22,view,1,71
14,180,click,2,71
383,49,view,1,71
431,7,view,1,71
363,117,click,2,72
377,16,purchase,5,72
118,59,view,1,72
57,7,view,1,72
22,22,view,1,72
303,5,click,2,72
303,13,view,1,72
202,67,click,2,72
319,132,click,2,72
169,70,cart,3,72
463,48,purchase,5,72
360,57,view,1,72
99,147,view,1,72
56,152,view,1,72
462,70,click,2,72
325,164,view,1,72
48,159,click,2,72
263,134,click,2,72
456,134,cart,3,72
349,105,view,1,72
107,67,view,1,72
312,150,view,1,72
124,146,purchase,5,72
55,84,cart,3,72
387,138,click,2,72
468,134,view,1,72
305,105,view,1,72
146,150,view,1,72
189,134,view,1,72
423,34,cart,3,72
176,60,view,1,72
292,173,view,1,72
350,152,cart,3,72
18,34,click,2,72
361,62,cart,3,72
360,90,view,1,72
189,134,view,1,72
332,180,purchase,5,72
144,29,view,1,72
36,7,view,1,72
83,5,view,1,72
155,18,purchase,5,72
155,12,view,1,72
85,174,view,1,72
442,152,cart,3,72
442,129,click,2,72
69,160,view,1,72
80,77,click,2,72
17,45,view,1,72
490,81,cart,3,72
303,36,view,1,72
217,29,view,1,72
70,81,cart,3,72
385,118,click,2,72
44,132,view,1,72
266,134,click,2,72
179,120,view,1,72
155,67,view,1,72
484,134,view,1,72
231,105,cart,3,72
192,134,view,1,72
366,45,view,1,72
199,75,click,2,72
4,192,view,1,72
404,84,cart,3,72
292,132,view,1,72
193,67,view,1,72
300,51,view,1,72
428,57,view,1,72
412,160,click,2,72
191,71,view,1,72
25,168,purchase,5,72
429,45,purchase,5,72
177,2,click,2,72
372,134,view,1,72
34,180,click,2,72
455,81,view,1,72
66,35,view,1,72
191,5,click,2,72
205,33,view,1,72
124,189,purchase,5,72
451,45,view,1,72
5,134,click,2,72
52,39,cart,3,72
52,88,view,1,72
215,26,cart,3,72
294,200,view,1,72
371,44,click,2,72
459,48,click,2,72
176,67,view,1,72
126,123,click,2,72
240,67,view,1,72
211,200,view,1,72
268,159,purchase,5,72
415,134,view,1,72
316,67,click,2,72
96,34,cart,3,72
64,67,click,2,72
242,152,view,1,72
242,134,click,2,72
182,180,view,1,72
20,81,click,2,73
475,14,cart,3,73
21,160,click,2,73
415,113,click,2,73
476,168,view,1,73
218,132,click,2,73
209,81,cart,3,73
462,180,view,1,73
358,45,purchase,5,73
357,48,view,1,73
70,13,cart,3,73
5,67,purchase,5,73
115,162,click,2,73
370,168,cart,3,73
451,160,cart,3,73
224,47,view,1,73
52,126,view,1,73
430,174,click,2,73
56,34,view,1,73
55,16,cart,3,73
73,3,view,1,73
345,134,view,1,73
412,88,view,1,73
160,88,view,1,73
422,164,click,2,73
430,81,click,2,73
220,6,cart,3,73
292,129,click,2,73
59,192,view,1,73
59,168,view,1,73
434,172,view,1,73
397,89,view,1,73
291,45,purchase,5,73
468,164,cart,3,73
435,34,cart,3,73
48,84,view,1,73
199,134,cart,3,73
174,137,click,2,73
146,165,click,2,73
24,105,view,1,73
124,134,cart,3,73
413,35,cart,3,73
271,97,click,2,73
260,45,click,2,73
477,195,click,2,73
108,35,view,1,73
363,34,view,1,73
408,132,click,2,73
383,36,view,1,73
403,95,purchase,5,73
107,164,cart,3,73
455,81,click,2,73
193,134,click,2,73
309,88,view,1,73
73,105,cart,3,73
337,22,click,2,73
446,152,view,1,73
165,48,cart,3,73
388,105,view,1,73
108,93,view,1,73
288,162,click,2,73
260,75,click,2,73
13,45,click,2,73
322,109,view,1,73
420,67,click,2,73
59,5,cart,3,73
431,152,click,2,73
407,78,click,2,73
223,105,view,1,73
289,36,view,1,73
201,105,click,2,73
137,70,click,2,73
27,77,view,1,73
408,94,click,2,73
304,117,view,1,73
173,81,purchase,5,73
307,81,click,2,73
56,200,view,1,73
468,61,purchase,5,73
304,22,view,1,73
318,134,click,2,73
3,129,cart,3,73
209,13,click,2,73
209,81,view,1,73
217,105,view,1,73
440,126,cart,3,73
440,13,view,1,73
453,45,click,2,73
162,139,cart,3,73
7,10,click,2,73
343,88,purchase,5,73
74,160,view,1,73
269,81,click,2,73
199,134,click,2,73
442,81,click,2,73
280,152,click,2,73
277,54,view,1,73
448,152,click,2,73
488,43,cart,3,73
447,126,view,1,73
13,43,click,2,73
352,164,click,2,73
283,88,purchase,5,73
322,105,click,2,73
245,43,cart,3,73
299,43,click,2,73
83,134,view,1,73
390,67,view,1,73
362,22,view,1,73
157,12,view,1,73
108,129,view,1,73
330,15,click,2,73
257,171,purchase,5,73
167,35,click,2,73
72,132,view,1,73
5,30,view,1,74
55,77,click,2,74
469,67,view,1,74
422,160,view,1,74
249,81,view,1,74
302,45,view,1,74
214,126,view,1,74
382,109,click,2,74
430,81,click,2,74
146,105,view,1,74
486,55,view,1,74
228,105,click,2,74
161,26,click,2,74
323,105,view,1,74
89,43,view,1,74
403,43,click,2,74
335,105,click,2,74
250,105,view,1,74
191,81,cart,3,74
292,23,view,1,74
372,105,view,1,74
433,188,click,2,74
123,166,view,1,74
25,87,cart,3,74
251,81,purchase,5,74
405,91,click,2,74
405,34,click,2,74
271,45,view,1,74
371,54,view,1,74
13,132,cart,3,74
41,51,cart,3,74
447,124,click,2,74
476,150,cart,3,74
386,160,click,2,74
184,160,cart,3,74
438,57,view,1,74
36,200,click,2,74
134,134,view,1,74
416,134,view,1,74
356,105,cart,3,74
129,61,click,2,74
243,45,click,2,74
243,164,view,1,74
128,105,cart,3,74
224,105,view,1,74
476,168,purchase,5,74
183,149,view,1,74
368,67,view,1,74
89,2,click,2,74
352,191,view,1,74
267,143,purchase,5,74
366,118,view,1,74
201,105,view,1,74
233,67,view,1,74
288,86,view,1,74
345,134,view,1,74
484,34,click,2,74
497,67,view,1,74
471,166,view,1,74
271,45,view,1,74
412,62,view,1,74
352,164,view,1,74
286,179,view,1,74
47,67,view,1,74
52,4,click,2,74
52,48,cart,3,74
100,67,view,1,74
353,81,view,1,74
155,164,view,1,74
18,81,cart,3,74
68,45,view,1,74
303,81,click,2,74
353,112,purchase,5,74
230,70,view,1,74
277,2,purchase,5,74
356,134,cart,3,74
255,166,view,1,74
378,45,view,1,74
462,180,view,1,74
122,45,view,1,74
123,67,view,1,74
221,132,click,2,74
205,134,view,1,74
425,166,view,1,74
365,95,view,1,74
289,13,purchase,5,74
223,22,click,2,74
70,81,click,2,74
401,43,click,2,74
494,5,view,1,74
15,129,view,1,74
218,105,click,2,74
463,70,view,1,74
363,34,click,2,74
481,5,click,2,74
223,45,view,1,74
418,2,cart,3,74
423,129,view,1,74
386,45,view,1,74
217,105,purchase,5,74
215,165,view,1,74
199,134,view,1,74
68,160,view,1,74
154,5,view,1,74
319,45,view,1,74
392,189,view,1,74
396,121,click,2,74
145,150,click,2,74
164,166,cart,3,74
94,105,click,2,74
281,195,click,2,74
484,5,view,1,74
46,143,view,1,75
369,164,cart,3,75
281,81,purchase,5,75
46,77,cart,3,75
48,135,view,1,75
423,34,view,1,75
99,105,click,2,75
379,81,click,2,75
448,93,view,1,75
393,100,purchase,5,75
266,134,view,1,75
145,50,view,1,75
113,152,view,1,75
400,79,cart,3,75
218,1,cart,3,75
302,160,click,2,75
434,105,click,2,75
218,1,click,2,75
379,81,cart,3,75
4,193,view,1,75
366,45,view,1,75
486,179,view,1,75
155,11,view,1,75
285,134,cart,3,75
137,70,view,1,75
83,134,click,2,75
403,34,purchase,5,75
385,189,cart,3,75
367,5,view,1,75
431,192,purchase,5,75
353,105,purchase,5,75
363,34,click,2,75
490,64,click,2,75
490,136,click,2,75
447,126,view,1,75
386,160,purchase,5,75
159,67,view,1,75
276,22,click,2,75
146,67,view,1,75
291,180,view,1,75
9,134,cart,3,75
250,58,click,2,75
25,70,view,1,75
330,43,click,2,75
32,81,view,1,75
256,55,cart,3,75
469,67,view,1,75
97,134,cart,3,75
238,110,click,2,75
187,103,view,1,75
472,82,view,1,75
361,4,click,2,75
157,66,cart,3,75
108,67,view,1,75
76,134,view,1,75
252,48,click,2,75
115,46,cart,3,75
353,134,cart,3,75
97,75,cart,3,75
155,81,view,1,75
225,154,purchase,5,75
35,111,purchase,5,75
386,149,click,2,75
263,134,cart,3,75
53,143,view,1,75
422,172,click,2,75
318,67,cart,3,75
203,105,view,1,75
317,13,view,1,75
440,48,click,2,75
202,67,click,2,75
433,139,view,1,75
321,200,click,2,75
316,67,click,2,75
463,48,view,1,75
408,23,click,2,75
167,134,view,1,75
27,48,view,1,75
54,134,view,1,75
457,134,view,1,75
479,18,view,1,75
261,107,cart,3,75
161,67,view,1,75
292,129,view,1,75
176,133,view,1,75
485,152,click,2,75
47,164,view,1,75
155,181,view,1,75
145,78,view,1,75
215,105,cart,3,75
19,160,click,2,75
76,134,click,2,75
356,134,cart,3,75
427,57,view,1,75
454,94,view,1,75
223,52,click,2,75
309,67,click,2,75
66,13,cart,3,75
481,67,purchase,5,76
454,134,view,1,76
429,114,click,2,76
352,164,view,1,76
433,50,purchase,5,76
100,166,cart,3,76
52,170,purchase,5,76
265,67,view,1,76
221,60,click,2,76
466,77,click,2,76
490,81,click,2,76
490,2,click,2,76
360,67,view,1,76
214,88,view,1,76
40,67,click,2,76
418,5,purchase,5,76
432,134,click,2,76
219,168,view,1,76
289,13,cart,3,76
3,180,click,2,76
319,132,cart,3,76
137,126,cart,3,76
427,191,view,1,76
345,134,view,1,76
69,98,purchase,5,76
145,45,purchase,5,76
117,7,click,2,76
231,137,cart,3,76
379,77,view,1,76
360,59,view,1,76
351,143,cart,3,76
184,108,cart,3,76
239,73,click,2,76
178,134,cart,3,76
362,160,view,1,76
227,176,view,1,76
292,84,click,2,76
67,30,click,2,76
57,5,click,2,76
469,95,view,1,76
58,117,view,1,76
167,123,view,1,76
427,19,view,1,76
434,105,view,1,76
468,105,click,2,76
250,103,view,1,76
144,123,view,1,76
337,34,cart,3,76
246,34,cart,3,76
223,155,cart,3,76
22,123,click,2,76
97,176,view,1,76
314,86,click,2,76
110,35,click,2,76
76,34,click,2,76
345,125,cart,3,76
129,62,view,1,76
443,134,click,2,76
446,152,view,1,76
446,45,cart,3,76
435,34,view,1,76
436,95,view,1,76
297,83,purchase,5,76
364,105,view,1,76
131,89,view,1,76
495,48,click,2,76
157,9,click,2,76
41,13,click,2,76
448,164,cart,3,76
47,164,click,2,76
321,34,purchase,5,76
39,180,click,2,76
455,34,view,1,76
165,180,view,1,76
470,152,cart,3,76
496,126,view,1,76
77,29,view,1,76
246,34,purchase,5,76
220,81,click,2,76
228,47,view,1,76
241,34,cart,3,76
365,67,view,1,76
311,81,view,1,76
242,67,cart,3,76
63,26,view,1,76
365,175,purchase,5,76
301,52,view,1,76
243,43,view,1,76
320,48,click,2,76
88,129,view,1,76
382,77,cart,3,76
420,19,view,1,76
324,45,click,2,76
420,164,click,2,76
292,174,click,2,76
321,34,view,1,76
321,152,cart,3,76
89,43,cart,3,76
243,43,view,1,76
367,5,view,1,76
20,180,click,2,76
215,103,view,1,76
240,142,cart,3,76
155,79,cart,3,77
451,22,view,1,77
296,150,click,2,77
10,45,view,1,77
371,159,view,1,77
1,180,click,2,77
336,85,click,2,77
268,63,purchase,5,77
424,81,view,1,77
365,166,click,2,77
124,134,view,1,77
416,2,view,1,77
1,85,click,2,77
211,63,view,1,77
138,134,view,1,77
137,85,view,1,77
7,57,purchase,5,77
111,134,view,1,77
20,5,view,1,77
459,35,click,2,77
271,22,click,2,77
325,81,cart,3,77
47,67,click,2,77
324,149,purchase,5,77
325,18,view,1,77
249,134,click,2,77
65,17,cart,3,77
402,172,cart,3,77
250,105,cart,3,77
124,134,click,2,77
483,4,view,1,77
229,70,click,2,77
350,64,cart,3,77
404,63,view,1,77
24,29,view,1,77
406,62,view,1,77
117,63,click,2,77
189,112,purchase,5,77
490,34,cart,3,77
113,67,click,2,77
363,22,view,1,77
312,160,click,2,77
118,103,click,2,77
131,94,view,1,77
178,165,view,1,77
235,125,view,1,77
238,105,view,1,77
192,88,view,1,77
48,60,purchase,5,77
435,126,view,1,77
200,134,view,1,77
132,81,view,1,77
25,2,view,1,77
361,88,click,2,77
214,9,click,2,77
13,117,cart,3,77
363,160,cart,3,77
35,134,click,2,77
455,167,click,2,77
131,13,view,1,77
477,9,click,2,77
246,157,cart,3,77
53,123,click,2,77
118,171,view,1,77
280,192,view,1,77
279,62,view,1,77
243,76,cart,3,77
432,88,purchase,5,77
265,166,view,1,77
69,160,cart,3,77
117,152,purchase,5,77
266,91,view,1,77
341,34,view,1,77
394,46,view,1,77
198,45,view,1,77
275,67,click,2,77
217,105,click,2,77
408,45,view,1,77
172,134,view,1,77
466,84,purchase,5,77
120,134,cart,3,77
331,46,click,2,77
302,112,click,2,77
120,134,click,2,77
330,22,click,2,77
497,164,view,1,77
498,134,view,1,77
46,5,view,1,77
499,120,click,2,77
395,164,view,1,77
498,113,purchase,5,77
497,44,purchase,5,77
48,109,click,2,77
400,67,click,2,77
449,76,cart,3,77
232,48,purchase,5,77
286,34,view,1,77
322,134,view,1,77
188,34,view,1,77
167,65,purchase,5,77
49,81,click,2,77
6,45,click,2,77
405,62,cart,3,77
199,180,cart,3,77
104,55,click,2,77
339,34,view,1,78
74,150,view,1,78
88,92,view,1,78
5,44,cart,3,78
138,118,cart,3,78
115,87,cart,3,78
115,152,view,1,78
300,22,click,2,78
21,34,view,1,78
128,105,click,2,78
433,105,view,1,78
475,126,click,2,78
188,192,cart,3,78
444,104,purchase,5,78
102,171,cart,3,78
192,104,view,1,78
286,147,view,1,78
354,36,view,1,78
491,141,click,2,78
65,105,view,1,78
271,117,click,2,78
4,34,view,1,78
416,134,cart,3,78
383,67,purchase,5,78
369,129,cart,3,78
363,152,view,1,78
298,16,purchase,5,78
316,51,view,1,78
293,67,cart,3,78
82,35,purchase,5,78
178,191,cart,3,78
17,70,click,2,78
24,67,view,1,78
380,89,view,1,78
25,148,cart,3,78
173,152,view,1,78
427,164,view,1,78
76,34,view,1,78
402,90,view,1,78
356,134,view,1,78
348,160,cart,3,78
311,13,click,2,78
107,67,view,1,78
322,75,view,1,78
165,134,click,2,78
108,107,click,2,78
363,200,cart,3,78
292,200,cart,3,78
404,132,cart,3,78
470,7,click,2,78
13,22,view,1,78
258,45,click,2,78
302,195,view,1,78
66,35,view,1,78
25,152,view,1,78
446,152,view,1,78
200,134,view,1,78
240,64,cart,3,78
249,118,view,1,78
252,180,view,1,78
438,165,click,2,78
141,7,click,2,78
254,29,view,1,78
219,35,click,2,78
38,1,view,1,78
431,34,view,1,78
339,195,click,2,78
18,81,view,1,78
136,35,view,1,78
200,125,purchase,5,78
377,82,view,1,78
280,22,click,2,78
172,105,view,1,78
303,5,view,1,78
414,132,view,1,78
44,84,view,1,78
107,67,purchase,5,78
23,67,view,1,78
111,67,click,2,78
406,67,click,2,78
455,200,view,1,78
46,81,cart,3,78
351,181,click,2,78
73,103,view,1,78
397,13,view,1,78
83,81,view,1,78
188,157,cart,3,78
282,34,view,1,78
280,134,view,1,78
226,57,purchase,5,78
41,135,cart,3,78
218,132,view,1,78
437,131,click,2,78
276,165,click,2,78
231,103,click,2,78
2,39,cart,3,78
46,105,click,2,78
192,91,view,1,78
293,82,click,2,79
3,35,view,1,79
266,28,view,1,79
79,180,cart,3,79
145,185,view,1,79
268,36,purchase,5,79
404,166,cart,3,79
404,43,purchase,5,79
194,81,view,1,79
44,30,click,2,79
440,5,view,1,79
180,17,click,2,79
152,132,view,1,79
454,129,click,2,79
321,192,click,2,79
243,43,click,2,79
437,67,cart,3,79
381,43,cart,3,79
118,61,click,2,79
89,84,view,1,79
345,125,view,1,79
129,22,click,2,79
123,109,view,1,79
363,152,cart,3,79
53,112,view,1,79
381,118,purchase,5,79
17,105,view,1,79
143,45,view,1,79
366,45,click,2,79
220,84,view,1,79
260,111,view,1,79
268,43,click,2,79
13,2,cart,3,79
310,48,cart,3,79
373,82,click,2,79
496,44,cart,3,79
18,160,click,2,79
459,180,click,2,79
141,70,click,2,79
239,151,view,1,79
349,29,view,1,79
449,120,cart,3,79
175,166,click,2,79
250,105,cart,3,79
42,48,cart,3,79
25,7,click,2,79
260,118,cart,3,79
402,45,view,1,79
324,45,view,1,79
55,128,cart,3,79
347,34,purchase,5,79
161,67,click,2,79
438,168,cart,3,79
149,180,view,1,79
288,150,view,1,79
287,105,cart,3,79
146,67,cart,3,79
484,152,view,1,79
461,5,view,1,79
13,94,click,2,79
409,163,cart,3,79
406,193,cart,3,79
472,109,view,1,79
225,88,view,1,79
238,73,view,1,79
479,67,view,1,79
380,129,cart,3,79
448,62,view,1,79
235,123,view,1,79
15,152,view,1,79
153,97,click,2,79
182,70,view,1,79
304,86,view,1,79
153,116,cart,3,79
204,1,view,1,79
20,180,click,2,79
321,152,view,1,79
367,134,view,1,79
369,200,view,1,79
242,134,purchase,5,79
371,67,cart,3,79
64,134,view,1,79
415,134,purchase,5,79
126,7,view,1,79
497,67,view,1,79
211,152,view,1,79
128,110,cart,3,79
46,13,view,1,79
231,105,cart,3,79
217,105,view,1,79
15,87,cart,3,79
243,157,view,1,79
367,81,click,2,79
202,77,cart,3,79
325,115,click,2,79
328,5,click,2,79
137,54,click,2,79
496,126,view,1,79
213,134,click,2,79
58,81,view,1,79
252,35,view,1,79
25,129,view,1,79
425,57,purchase,5,79
479,67,cart,3,79
488,44,view,1,79
41,2,view,1,79
488,16,view,1,79
466,81,view,1,79
408,45,view,1,79
18,13,view,1,79
492,81,click,2,79
309,180,cart,3,79
100,18,view,1,79
258,35,cart,3,79
347,34,view,1,79
436,164,purchase,5,79
404,120,cart,3,80
352,34,cart,3,80
178,189,view,1,80
420,67,click,2,80
442,152,click,2,80
345,125,view,1,80
474,18,cart,3,80
243,200,view,1,80
244,67,click,2,80
195,152,view,1,80
498,17,view,1,80
293,176,click,2,80
73,184,view,1,80
25,2,click,2,80
9,134,view,1,80
271,22,cart,3,80
49,27,purchase,5,80
166,85,click,2,80
406,35,view,1,80
120,125,view,1,80
292,152,cart,3,80
310,34,click,2,80
178,189,cart,3,80
131,81,view,1,80
58,126,view,1,80
275,171,view,1,80
58,35,cart,3,80
438,97,view,1,80
301,167,view,1,80
83,113,click,2,80
428,131,click,2,80
428,67,click,2,80
230,5,view,1,80
161,34,view,1,80
59,152,click,2,80
230,55,click,2,80
497,180,view,1,80
123,193,view,1,80
141,126,view,1,80
165,134,view,1,80
437,29,click,2,80
149,4,purchase,5,80
111,134,click,2,80
396,81,view,1,80
439,2,view,1,80
283,11,click,2,80
9,108,click,2,80
244,29,cart,3,80
441,132,purchase,5,80
120,148,view,1,80
404,129,view,1,80
343,85,cart,3,80
13,94,view,1,80
487,95,view,1,80
105,152,view,1,80
367,105,cart,3,80
164,54,cart,3,80
453,36,view,1,80
268,152,view,1,80
488,159,view,1,80
115,134,view,1,80
402,90,view,1,80
17,105,click,2,80
191,77,click,2,80
191,81,purchase,5,80
295,18,view,1,80
455,5,view,1,80
477,5,view,1,80
223,172,click,2,80
260,75,view,1,80
387,105,view,1,80
173,34,purchase,5,80
255,13,click,2,80
436,121,view,1,80
238,124,click,2,80
254,105,view,1,80
448,84,cart,3,80
405,166,click,2,80
423,152,cart,3,80
422,160,view,1,80
379,46,cart,3,80
356,22,view,1,80
289,13,cart,3,80
252,121,purchase,5,80
479,138,view,1,80
57,81,view,1,80
423,152,cart,3,80
136,155,view,1,80
309,48,view,1,80
68,89,view,1,80
28,89,cart,3,80
15,129,view,1,80
354,81,view,1,80
387,152,view,1,80
137,180,purchase,5,80
387,34,purchase,5,80
225,70,cart,3,80
339,93,purchase,5,80
258,34,view,1,80
468,105,cart,3,80
452,192,view,1,80
454,89,cart,3,80
490,34,purchase,5,80
96,134,view,1,80
476,94,click,2,80
476,160,click,2,80
368,132,view,1,80
211,7,click,2,80
318,167,cart,3,80
431,200,view,1,80
145,45,view,1,80
74,81,click,2,80
124,67,cart,3,80
498,134,purchase,5,80
212,164,click,2,81
231,124,click,2,81
231,105,view,1,81
46,188,click,2,81
203,134,click,2,81
495,67,view,1,81
220,195,click,2,81
476,94,cart,3,81
241,132,view,1,81
60,189,view,1,81
292,152,click,2,81
369,34,view,1,81
466,81,view,1,81
357,43,purchase,5,81
379,143,view,1,81
173,133,view,1,81
227,134,view,1,81
408,45,cart,3,81
235,180,cart,3,81
325,67,cart,3,81
114,13,cart,3,81
380,45,view,1,81
480,85,view,1,81
172,190,click,2,81
288,181,view,1,81
254,171,purchase,5,81
205,134,view,1,81
305,105,purchase,5,81
79,62,view,1,81
26,22,view,1,81
221,61,cart,3,81
390,67,cart,3,81
410,104,view,1,81
155,151,view,1,81
291,191,view,1,81
79,81,click,2,81
339,77,click,2,81
347,159,view,1,81
486,81,view,1,81
66,180,view,1,81
166,126,click,2,81
121,148,cart,3,81
400,68,view,1,81
291,162,view,1,81
233,59,view,1,81
67,23,cart,3,81
120,134,cart,3,81
174,124,click,2,81
58,180,view,1,81
136,75,click,2,81
30,67,view,1,81
496,84,view,1,81
252,85,purchase,5,81
491,85,purchase,5,81
48,84,view,1,81
120,48,view,1,81
157,35,view,1,81
53,81,click,2,81
428,67,view,1,81
102,105,view,1,81
213,134,purchase,5,81
469,14,click,2,81
472,54,view,1,81
495,121,click,2,81
489,82,view,1,81
489,129,click,2,81
9,125,view,1,81
345,177,click,2,81
130,22,view,1,81
150,126,purchase,5,81
310,180,view,1,81
185,105,cart,3,81
65,77,click,2,81
477,156,cart,3,81
363,152,view,1,81
332,81,purchase,5,81
414,72,view,1,81
189,134,view,1,81
220,81,cart,3,81
143,45,view,1,81
299,144,click,2,81
472,134,purchase,5,81
415,112,purchase,5,81
110,113,view,1,81
153,149,click,2,81
488,43,view,1,81
441,160,view,1,81
80,67,click,2,81
403,132,view,1,81
218,10,view,1,81
164,54,view,1,81
118,29,cart,3,81
95,13,cart,3,81
434,55,view,1,81
145,45,click,2,81
297,120,purchase,5,81
96,34,purchase,5,81
164,166,purchase,5,81
299,18,cart,3,81
300,81,view,1,81
271,160,cart,3,81
229,95,view,1,81
261,134,click,2,81
300,94,click,2,81
136,120,view,1,82
408,2,purchase,5,82
221,84,view,1,82
217,105,view,1,82
217,105,cart,3,82
76,34,cart,3,82
285,96,view,1,82
317,180,view,1,82
431,152,view,1,82
479,67,view,1,82
276,144,cart,3,82
400,67,view,1,82
463,168,cart,3,82
100,181,purchase,5,82
288,164,click,2,82
47,133,click,2,82
157,193,purchase,5,82
252,150,click,2,82
252,180,cart,3,82
6,134,purchase,5,82
153,86,view,1,82
20,58,view,1,82
252,126,purchase,5,82
231,48,view,1,82
272,180,click,2,82
271,180,cart,3,82
404,34,view,1,82
35,146,purchase,5,82
406,107,cart,3,82
307,180,cart,3,82
309,48,view,1,82
256,175,view,1,82
166,180,cart,3,82
347,192,click,2,82
88,129,view,1,82
132,5,view,1,82
310,180,view,1,82
340,34,view,1,82
340,149,click,2,82
108,35,view,1,82
98,166,click,2,82
388,117,click,2,82
337,129,cart,3,82
14,168,view,1,82
25,2,click,2,82
139,127,click,2,82
273,170,view,1,82
347,186,click,2,82
227,55,view,1,82
427,18,click,2,82
197,84,cart,3,82
78,43,view,1,82
197,84,view,1,82
227,134,cart,3,82
227,108,cart,3,82
13,84,view,1,82
108,82,view,1,82
490,81,view,1,82
120,118,view,1,82
461,14,view,1,82
213,134,view,1,82
278,180,view,1,82
454,45,view,1,82
128,16,cart,3,82
95,81,view,1,82
49,180,cart,3,82
476,22,view,1,82
497,169,view,1,82
46,67,view,1,82
476,164,view,1,82
192,152,view,1,82
108,118,view,1,82
372,105,purchase,5,82
301,160,view,1,82
161,67,view,1,82
229,113,click,2,82
83,180,click,2,82
83,81,click,2,82
102,124,cart,3,82
404,93,click,2,82
280,134,view,1,82
77,105,view,1,82
249,134,view,1,82
497,105,click,2,82
345,134,view,1,82
109,63,view,1,82
141,48,view,1,82
428,18,purchase,5,82
353,13,click,2,82
353,5,click,2,82
82,126,cart,3,82
403,1,click,2,82
263,134,click,2,82
403,16,view,1,82
350,152,view,1,82
106,111,view,1,82
131,5,click,2,82
186,45,click,2,82
244,143,view,1,82
90,167,cart,3,82
59,104,click,2,82
382,44,view,1,82
366,200,click,2,82
199,134,view,1,82
285,106,view,1,82
202,67,click,2,82
59,22,cart,3,82
74,160,click,2,82
180,194,cart,3,82
129,13,purchase,5,82
440,81,click,2,82
344,168,click,2,82
268,190,cart,3,82
487,152,click,2,82
118,105,purchase,5,82
332,67,view,1,82
36,34,cart,3,82
162,48,click,2,82
500,45,view,1,82
20,10,cart,3,83
126,134,view,1,83
183,97,click,2,83
21,121,view,1,83
223,44,purchase,5,83
21,43,view,1,83
475,152,click,2,83
416,134,view,1,83
217,84,view,1,83
343,48,view,1,83
263,176,view,1,83
429,29,cart,3,83
189,67,view,1,83
142,95,view,1,83
383,138,view,1,83
353,105,view,1,83
101,67,view,1,83
300,164,click,2,83
301,116,click,2,83
456,63,click,2,83
118,43,click,2,83
479,66,cart,3,83
119,60,view,1,83
405,152,view,1,83
405,200,view,1,83
428,164,view,1,83
429,23,view,1,83
267,124,view,1,83
204,183,view,1,83
35,150,click,2,83
487,34,view,1,83
166,141,purchase,5,83
18,55,purchase,5,83
428,67,cart,3,83
56,161,view,1,83
301,70,click,2,83
354,38,view,1,83
354,5,view,1,83
235,134,click,2,83
191,13,cart,3,83
189,45,view,1,83
106,134,purchase,5,83
111,134,view,1,83
343,134,cart,3,83
74,24,cart,3,83
420,67,click,2,83
90,105,view,1,83
419,67,cart,3,83
390,81,click,2,83
390,67,view,1,83
110,130,click,2,83
110,180,cart,3,83
28,187,click,2,83
357,45,click,2,83
137,163,view,1,83
78,16,cart,3,83
40,164,view,1,83
229,134,view,1,83
48,43,view,1,83
30,67,view,1,83
256,133,cart,3,83
349,34,view,1,83
272,105,view,1,83
276,86,click,2,83
291,168,view,1,83
379,13,click,2,83
423,34,cart,3,83
400,86,click,2,83
110,129,view,1,83
345,189,view,1,83
76,118,click,2,83
75,70,click,2,83
494,81,view,1,83
235,102,purchase,5,83
400,95,view,1,83
197,132,view,1,83
468,156,cart,3,83
307,88,view,1,83
148,57,purchase,5,83
218,84,purchase,5,83
322,105,cart,3,83
123,67,purchase,5,83
225,70,view,1,83
136,134,view,1,83
215,45,view,1,83
395,59,view,1,83
224,56,cart,3,83
225,164,view,1,83
123,70,click,2,83
58,84,click,2,83
486,81,click,2,83
288,94,view,1,83
149,48,purchase,5,83
178,99,view,1,83
177,23,view,1,83
238,105,view,1,83
287,84,view,1,83
157,143,click,2,83
41,159,view,1,83
278,180,cart,3,83
73,29,view,1,83
475,129,view,1,83
499,70,view,1,83
368,164,view,1,83
153,134,view,1,83
499,180,click,2,83
60,134,view,1,83
153,97,cart,3,84
319,43,view,1,84
243,54,view,1,84
317,134,view,1,84
321,34,view,1,84
124,123,click,2,84
366,86,cart,3,84
45,67,click,2,84
94,39,click,2,84
211,121,view,1,84
154,195,purchase,5,84
497,70,click,2,84
65,177,cart,3,84
436,138,cart,3,84
233,61,cart,3,84
42,152,cart,3,84
249,13,view,1,84
121,134,cart,3,84
331,19,click,2,84
194,144,click,2,84
351,67,click,2,84
55,48,cart,3,84
102,125,view,1,84
69,89,purchase,5,84
296,67,view,1,84
293,134,cart,3,84
454,160,view,1,84
5,109,view,1,84
380,166,view,1,84
407,67,purchase,5,84
40,79,cart,3,84
261,149,click,2,84
33,7,view,1,84
258,97,view,1,84
145,22,click,2,84
260,129,cart,3,84
460,83,view,1,84
365,67,purchase,5,84
364,124,cart,3,84
152,134,view,1,84
191,81,view,1,84
240,84,purchase,5,84
435,34,view,1,84
435,34,click,2,84
470,129,cart,3,84
99,200,view,1,84
348,134,purchase,5,84
347,200,click,2,84
271,94,purchase,5,84
435,34,view,1,84
435,152,purchase,5,84
56,81,click,2,84
57,190,view,1,84
23,18,cart,3,84
312,86,view,1,84
420,49,cart,3,84
422,89,click,2,84
443,134,view,1,84
275,13,purchase,5,84
161,43,view,1,84
349,55,click,2,84
113,77,purchase,5,84
401,43,purchase,5,84
218,1,view,1,84
387,34,click,2,84
466,81,view,1,84
307,35,view,1,84
323,98,click,2,84
198,149,click,2,84
6,14,view,1,84
232,48,view,1,84
15,34,click,2,84
246,200,cart,3,84
41,88,view,1,84
9,134,click,2,84
496,132,cart,3,84
309,62,view,1,84
476,167,cart,3,84
6,82,view,1,84
1,34,click,2,84
36,200,view,1,84
82,29,view,1,84
143,168,view,1,84
263,124,view,1,84
164,157,purchase,5,84
453,45,view,1,84
202,152,click,2,84
111,134,view,1,84
151,29,view,1,84
415,67,purchase,5,85
153,45,click,2,85
343,35,view,1,85
223,5,view,1,85
488,132,view,1,85
499,81,cart,3,85
499,23,cart,3,85
499,35,view,1,85
37,44,view,1,85
454,104,click,2,85
365,157,view,1,85
368,88,view,1,85
53,77,view,1,85
469,76,click,2,85
373,81,purchase,5,85
65,142,click,2,85
496,43,view,1,85
300,45,cart,3,85
141,29,view,1,85
106,134,view,1,85
267,39,cart,3,85
266,185,view,1,85
405,152,view,1,85
13,45,purchase,5,85
119,194,cart,3,85
120,85,cart,3,85
111,134,click,2,85
21,4,cart,3,85
242,134,click,2,85
447,88,view,1,85
362,150,cart,3,85
406,48,purchase,5,85
55,67,purchase,5,85
302,136,click,2,85
433,152,cart,3,85
452,45,view,1,85
296,181,click,2,85
66,35,click,2,85
334,105,view,1,85
18,81,view,1,85
13,9,cart,3,85
289,143,view,1,85
23,169,click,2,85
57,13,view,1,85
449,43,view,1,85
400,67,click,2,85
379,149,view,1,85
110,54,click,2,85
90,22,view,1,85
350,118,click,2,85
332,51,click,2,85
13,132,purchase,5,85
256,166,view,1,85
268,54,view,1,85
29,123,cart,3,85
356,16,view,1,85
426,200,view,1,85
18,195,click,2,85
72,191,purchase,5,85
437,49,view,1,85
8,7,click,2,85
477,81,cart,3,85
17,105,cart,3,85
179,43,cart,3,85
419,134,view,1,85
100,49,view,1,85
137,126,view,1,85
347,129,click,2,85
435,5,click,2,85
86,55,cart,3,85
254,194,click,2,85
27,81,cart,3,85
435,13,click,2,85
131,89,view,1,85
134,134,view,1,85
41,43,click,2,85
292,152,view,1,85
488,22,view,1,85
336,188,view,1,85
450,149,cart,3,85
271,22,click,2,85
497,67,purchase,5,85
110,174,view,1,85
422,117,cart,3,85
325,166,view,1,85
57,46,view,1,85
291,46,view,1,85
243,132,click,2,85
93,105,view,1,85
453,168,view,1,85
9,113,click,2,85
429,86,purchase,5,85
164,10,cart,3,85
455,7,click,2,85
189,134,purchase,5,85
488,80,view,1,85
366,157,view,1,85
63,129,cart,3,85
95,134,cart,3,85
285,134,view,1,85
64,134,view,1,85
370,160,view,1,85
212,67,click,2,85
242,67,click,2,85
319,35,view,1,86
490,5,view,1,86
497,44,view,1,86
243,189,view,1,86
243,84,view,1,86
211,40,view,1,86
94,105,view,1,86
299,109,view,1,86
75,105,cart,3,86
281,44,click,2,86
281,13,view,1,86
392,134,click,2,86
281,167,purchase,5,86
440,88,purchase,5,86
75,48,view,1,86
94,105,click,2,86
298,54,click,2,86
404,34,view,1,86
131,81,view,1,86
443,7,click,2,86
9,49,cart,3,86
89,2,click,2,86
66,167,click,2,86
220,34,view,1,86
53,125,view,1,86
236,166,view,1,86
381,180,view,1,86
298,48,cart,3,86
182,70,click,2,86
489,34,purchase,5,86
104,93,cart,3,86
332,191,click,2,86
438,134,view,1,86
246,108,purchase,5,86
129,180,purchase,5,86
364,105,cart,3,86
396,134,view,1,86
397,81,view,1,86
473,152,cart,3,86
436,88,view,1,86
80,81,view,1,86
373,67,view,1,86
17,124,view,1,86
344,34,cart,3,86
41,132,click,2,86
153,162,click,2,86
124,59,click,2,86
344,45,purchase,5,86
86,34,click,2,86
434,105,click,2,86
167,134,view,1,86
452,94,view,1,86
23,134,click,2,86
323,166,view,1,86
199,134,view,1,86
199,167,click,2,86
390,166,view,1,86
157,13,cart,3,86
218,105,view,1,86
278,200,click,2,86
192,130,cart,3,86
347,34,cart,3,86
227,22,view,1,86
197,84,cart,3,86
325,57,click,2,86
49,150,click,2,86
85,34,click,2,86
490,143,cart,3,86
188,92,view,1,86
356,108,view,1,86
331,175,click,2,86
330,160,cart,3,86
353,81,view,1,86
115,92,view,1,86
402,67,view,1,86
340,150,cart,3,86
459,35,view,1,86
498,105,view,1,86
215,134,click,2,86
406,126,click,2,86
205,177,cart,3,86
102,47,view,1,86
102,105,click,2,86
457,16,click,2,86
293,125,view,1,86
296,84,view,1,86
403,132,click,2,86
360,70,click,2,86
287,125,view,1,86
277,4,view,1,86
448,34,view,1,86
136,30,view,1,86
94,105,purchase,5,86
118,69,view,1,86
295,56,purchase,5,86
297,34,cart,3,86
266,134,view,1,86
428,10,view,1,86
141,107,click,2,86
488,43,cart,3,86
187,72,click,2,86
448,129,view,1,86
237,34,click,2,86
469,57,view,1,86
428,29,view,1,86
157,105,click,2,86
26,45,click,2,86
246,81,purchase,5,86
434,105,click,2,86
481,167,click,2,86
279,48,view,1,86
425,166,cart,3,87
318,67,click,2,87
474,168,click,2,87
4,134,view,1,87
241,144,view,1,87
127,67,view,1,87
4,152,click,2,87
499,34,view,1,87
418,86,purchase,5,87
46,77,view,1,87
414,132,click,2,87
475,180,click,2,87
331,67,click,2,87
144,34,view,1,87
189,45,click,2,87
477,105,view,1,87
155,166,click,2,87
165,138,purchase,5,87
294,200,click,2,87
258,34,click,2,87
303,13,cart,3,87
115,152,view,1,87
163,58,cart,3,87
240,148,click,2,87
327,134,view,1,87
136,35,click,2,87
47,44,cart,3,87
288,89,view,1,87
369,67,click,2,87
438,5,view,1,87
178,134,cart,3,87
489,134,click,2,87
139,198,click,2,87
48,98,cart,3,87
387,152,view,1,87
100,77,view,1,87
228,29,view,1,87
167,189,view,1,87
306,11,click,2,87
222,2,view,1,87
136,35,click,2,87
79,180,click,2,87
326,43,click,2,87
292,34,click,2,87
321,34,click,2,87
161,200,view,1,87
398,88,view,1,87
96,134,view,1,87
70,134,view,1,87
182,88,click,2,87
220,152,click,2,87
200,156,cart,3,87
199,134,cart,3,87
1,174,view,1,87
374,81,view,1,87
361,70,view,1,87
376,164,cart,3,87
449,132,view,1,87
448,67,cart,3,87
121,118,cart,3,87
122,34,cart,3,87
244,67,view,1,87
244,67,cart,3,87
276,45,view,1,87
296,44,click,2,87
267,171,cart,3,87
451,45,click,2,87
353,77,click,2,87
359,81,purchase,5,87
149,180,view,1,87
279,81,view,1,87
390,13,cart,3,87
75,180,view,1,87
481,103,view,1,87
347,200,view,1,87
308,168,view,1,87
420,95,view,1,87
344,190,click,2,87
109,134,view,1,87
29,30,view,1,87
372,105,view,1,87
384,82,click,2,87
178,134,purchase,5,87
363,7,click,2,87
67,134,view,1,87
279,180,view,1,87
260,134,view,1,87
54,143,view,1,87
237,168,view,1,87
203,5,cart,3,87
431,152,view,1,87
165,35,cart,3,87
293,171,click,2,87
121,189,view,1,87
333,4,view,1,87
331,67,view,1,87
382,77,click,2,87
238,105,view,1,87
174,171,view,1,87
200,8,click,2,87
213,184,view,1,87
118,105,click,2,87
38,70,view,1,87
307,55,click,2,87
362,45,view,1,87
217,171,view,1,87
52,48,view,1,87
415,123,purchase,5,87
110,152,click,2,87
243,2,view,1,88
68,67,cart,3,88
219,67,cart,3,88
320,129,cart,3,88
45,22,purchase,5,88
280,67,purchase,5,88
280,81,click,2,88
344,152,view,1,88
305,180,cart,3,88
323,59,purchase,5,88
322,105,view,1,88
123,67,view,1,88
168,84,view,1,88
275,167,view,1,88
233,164,click,2,88
480,70,click,2,88
244,100,view,1,88
178,134,click,2,88
497,67,click,2,88
497,35,click,2,88
340,160,view,1,88
155,166,click,2,88
49,157,cart,3,88
437,164,click,2,88
168,198,click,2,88
328,81,view,1,88
146,18,cart,3,88
324,86,view,1,88
123,67,view,1,88
237,34,view,1,88
351,67,view,1,88
304,86,view,1,88
280,34,cart,3,88
149,152,view,1,88
138,54,view,1,88
109,147,cart,3,88
460,86,view,1,88
86,153,view,1,88
356,148,view,1,88
30,175,view,1,88
15,107,cart,3,88
14,160,purchase,5,88
373,5,view,1,88
47,67,cart,3,88
28,45,click,2,88
380,149,cart,3,88
431,63,cart,3,88
268,159,view,1,88
452,185,purchase,5,88
267,105,click,2,88
237,13,click,2,88
55,81,purchase,5,88
479,95,view,1,88
348,134,view,1,88
386,149,view,1,88
113,13,cart,3,88
449,43,click,2,88
201,105,cart,3,88
137,180,purchase,5,88
48,2,view,1,88
88,34,view,1,88
470,126,view,1,88
375,23,cart,3,88
254,45,click,2,88
20,81,click,2,88
38,48,click,2,88
141,4,click,2,88
384,77,cart,3,88
484,174,view,1,88
63,152,view,1,88
165,22,view,1,88
281,77,view,1,88
297,132,purchase,5,88
366,45,click,2,88
475,34,view,1,88
392,118,view,1,88
182,88,view,1,88
493,79,purchase,5,88
395,18,purchase,5,88
56,200,view,1,88
447,141,click,2,88
337,86,click,2,88
189,134,click,2,88
416,45,view,1,88
317,134,view,1,88
206,67,cart,3,88
83,167,view,1,88
340,160,cart,3,88
88,152,view,1,88
339,152,click,2,88
48,132,click,2,88
176,67,view,1,88
292,130,cart,3,88
440,126,cart,3,88
390,5,click,2,88
317,102,click,2,88
276,117,view,1,89
386,45,click,2,89
301,20,click,2,89
456,152,purchase,5,89
151,105,cart,3,89
441,45,view,1,89
245,95,view,1,89
72,84,view,1,89
379,13,cart,3,89
198,65,click,2,89
493,81,click,2,89
203,134,cart,3,89
378,35,view,1,89
22,45,view,1,89
59,45,view,1,89
218,132,click,2,89
215,104,view,1,89
163,105,purchase,5,89
381,131,view,1,89
164,95,cart,3,89
142,189,click,2,89
21,120,view,1,89
180,105,view,1,89
45,107,cart,3,89
148,134,view,1,89
9,134,click,2,89
490,5,view,1,89
172,105,click,2,89
253,200,cart,3,89
281,81,view,1,89
242,189,click,2,89
21,4,view,1,89
167,101,purchase,5,89
123,138,view,1,89
278,9,view,1,89
469,57,view,1,89
17,3,view,1,89
212,134,view,1,89
322,148,view,1,89
65,105,click,2,89
15,34,view,1,89
373,81,click,2,89
238,105,cart,3,89
145,86,view,1,89
460,2,click,2,89
403,105,view,1,89
334,143,click,2,89
293,45,view,1,89
237,125,purchase,5,89
55,40,view,1,89
296,67,purchase,5,89
303,77,purchase,5,89
97,134,click,2,89
462,35,cart,3,89
271,168,view,1,89
276,45,click,2,89
403,84,view,1,89
385,134,cart,3,89
433,88,cart,3,89
294,152,view,1,89
38,48,view,1,89
350,63,view,1,89
475,129,purchase,5,89
126,66,view,1,89
172,58,cart,3,89
198,130,view,1,89
466,81,cart,3,89
460,54,click,2,89
287,200,click,2,89
396,167,click,2,89
405,152,view,1,89
381,77,cart,3,89
88,129,view,1,89
254,54,purchase,5,89
230,105,purchase,5,89
255,15,purchase,5,89
98,95,view,1,89
199,134,click,2,89
139,180,click,2,89
388,114,view,1,89
62,105,view,1,89
290,152,view,1,89
146,114,view,1,89
474,105,cart,3,89
414,54,view,1,89
20,5,click,2,89
38,144,click,2,89
300,160,view,1,89
118,105,view,1,89
94,48,view,1,89
241,44,click,2,89
318,18,view,1,89
297,84,purchase,5,89
455,81,click,2,89
388,86,view,1,89
257,77,click,2,89
484,40,purchase,5,89
76,34,view,1,89
46,73,click,2,89
281,81,view,1,89
46,105,purchase,5,89
281,77,click,2,89
74,179,purchase,5,90
367,81,view,1,90
223,45,click,2,90
93,105,view,1,90
144,148,view,1,90
53,167,purchase,5,90
2,77,click,2,90
382,121,view,1,90
152,76,click,2,90
15,34,view,1,90
244,67,click,2,90
383,167,cart,3,90
381,85,view,1,90
481,61,view,1,90
102,58,click,2,90
382,43,view,1,90
455,112,purchase,5,90
352,43,view,1,90
143,150,view,1,90
283,62,view,1,90
181,134,purchase,5,90
209,143,view,1,90
60,125,click,2,90
83,81,cart,3,90
191,13,purchase,5,90
438,167,click,2,90
339,152,purchase,5,90
384,113,click,2,90
470,34,view,1,90
470,190,click,2,90
374,29,cart,3,90
192,34,cart,3,90
192,134,cart,3,90
238,105,view,1,90
188,168,view,1,90
470,200,purchase,5,90
308,45,view,1,90
447,103,cart,3,90
157,48,click,2,90
76,134,click,2,90
278,48,view,1,90
407,67,purchase,5,90
326,43,view,1,90
249,16,view,1,90
260,134,view,1,90
333,67,view,1,90
161,67,view,1,90
434,45,view,1,90
350,45,click,2,90
166,35,cart,3,90
373,6,click,2,90
77,105,click,2,90
484,7,view,1,90
345,134,view,1,90
233,105,click,2,90
238,22,click,2,90
469,105,view,1,90
246,152,purchase,5,90
177,43,click,2,90
184,134,view,1,90
145,45,purchase,5,90
362,98,purchase,5,90
294,200,view,1,90
433,81,cart,3,90
163,29,view,1,90
139,33,view,1,90
302,5,cart,3,90
139,43,purchase,5,90
354,105,click,2,90
295,45,view,1,90
5,168,view,1,90
203,82,click,2,90
254,103,cart,3,90
401,43,click,2,90
66,35,view,1,90
137,177,view,1,90
408,132,view,1,90
303,81,click,2,90
307,35,view,1,90
212,19,click,2,90
238,39,cart,3,90
187,43,view,1,90
496,180,cart,3,90
79,48,purchase,5,90
80,77,view,1,90
288,168,view,1,90
277,72,view,1,90
340,160,view,1,90
301,55,click,2,90
165,35,purchase,5,90
420,67,click,2,90
420,166,purchase,5,90
339,93,view,1,90
340,94,view,1,90
286,129,view,1,90
131,57,cart,3,90
312,22,view,1,90
246,152,view,1,90
22,168,click,2,90
23,67,click,2,90
59,45,click,2,90
312,79,view,1,90
99,190,cart,3,90
379,5,click,2,90
424,132,cart,3,90
99,34,purchase,5,90
276,86,cart,3,90
488,43,view,1,90
423,34,click,2,90
423,174,cart,3,90
221,43,click,2,90
360,67,view,1,90
468,118,view,1,90
42,35,cart,3,90
488,16,view,1,90
363,152,click,2,90
80,81,view,1,90
265,79,click,2,90
280,7,view,1,90
367,81,view,1,90
430,167,view,1,90
487,84,view,1,90
332,57,purchase,5,90
367,81,cart,3,90
128,171,click,2,90
475,4,click,2,90
127,67,view,1,90
1,48,view,1,91
124,175,click,2,91
318,164,purchase,5,91
475,48,click,2,91
228,29,click,2,91
172,184,cart,3,91
71,81,purchase,5,91
6,116,cart,3,91
468,47,view,1,91
136,180,view,1,91
161,166,view,1,91
276,86,view,1,91
49,160,purchase,5,91
115,129,click,2,91
336,13,view,1,91
161,34,view,1,91
271,45,purchase,5,91
343,48,view,1,91
151,13,purchase,5,91
96,29,click,2,91
420,35,cart,3,91
21,126,click,2,91
215,78,cart,3,91
490,152,click,2,91
453,89,view,1,91
229,134,click,2,91
164,67,view,1,91
300,22,cart,3,91
433,67,cart,3,91
431,34,view,1,91
163,39,click,2,91
261,134,view,1,91
353,81,view,1,91
455,147,view,1,91
246,34,view,1,91
310,34,view,1,91
88,53,cart,3,91
59,93,view,1,91
286,143,click,2,91
286,5,view,1,91
130,112,click,2,91
80,180,click,2,91
80,5,purchase,5,91
326,2,cart,3,91
303,13,view,1,91
463,35,click,2,91
214,126,view,1,91
469,16,view,1,91
214,141,cart,3,91
469,166,click,2,91
13,45,view,1,91
251,5,view,1,91
276,45,purchase,5,91
157,13,view,1,91
386,45,click,2,91
145,160,view,1,91
227,134,cart,3,91
166,54,view,1,91
256,18,purchase,5,91
487,34,view,1,91
344,152,purchase,5,91
373,81,view,1,91
473,152,cart,3,91
340,81,view,1,91
363,118,view,1,91
311,81,click,2,91
40,13,view,1,91
40,109,click,2,91
268,45,click,2,91
163,105,purchase,5,91
237,22,view,1,91
302,149,view,1,91
451,22,cart,3,91
86,143,view,1,91
68,45,view,1,91
83,113,view,1,91
381,180,purchase,5,91
356,134,click,2,91
56,143,view,1,91
427,166,view,1,91
278,34,cart,3,91
73,105,click,2,91
41,105,view,1,91
496,98,purchase,5,91
97,106,click,2,91
80,167,click,2,91
105,152,purchase,5,91
32,81,click,2,91
280,134,purchase,5,91
372,75,view,1,91
241,152,click,2,91
124,106,view,1,91
62,29,click,2,91
291,34,view,1,91
382,44,click,2,91
489,134,view,1,91
366,168,click,2,91
92,5,cart,3,91
366,150,click,2,91
152,107,click,2,91
439,134,purchase,5,91
230,105,view,1,91
164,126,purchase,5,91
53,134,cart,3,91
480,48,cart,3,91
264,19,cart,3,92
332,67,cart,3,92
68,160,click,2,92
153,162,cart,3,92
61,134,view,1,92
35,134,click,2,92
141,4,purchase,5,92
165,166,view,1,92
158,110,view,1,92
180,105,view,1,92
209,81,view,1,92
499,81,click,2,92
371,43,view,1,92
367,112,view,1,92
332,193,view,1,92
74,13,click,2,92
281,81,cart,3,92
283,87,view,1,92
350,89,purchase,5,92
447,180,cart,3,92
335,134,cart,3,92
356,134,view,1,92
206,67,view,1,92
335,110,view,1,92
15,34,view,1,92
209,77,click,2,92
10,97,cart,3,92
371,182,view,1,92
71,84,purchase,5,92
490,81,cart,3,92
250,29,purchase,5,92
447,70,view,1,92
479,67,view,1,92
428,53,cart,3,92
34,86,view,1,92
292,200,click,2,92
39,180,click,2,92
131,81,click,2,92
386,160,view,1,92
334,105,view,1,92
213,134,cart,3,92
66,9,click,2,92
425,166,click,2,92
99,70,cart,3,92
350,168,cart,3,92
251,5,view,1,92
308,185,click,2,92
49,131,cart,3,92
238,16,click,2,92
491,170,view,1,92
278,45,cart,3,92
277,120,view,1,92
49,164,view,1,92
103,134,cart,3,92
301,105,view,1,92
4,174,click,2,92
280,34,purchase,5,92
495,9,purchase,5,92
166,5,view,1,92
340,45,view,1,92
53,134,click,2,92
438,167,view,1,92
178,134,purchase,5,92
60,105,purchase,5,92
294,164,view,1,92
384,134,view,1,92
393,67,cart,3,92
161,160,view,1,92
349,77,purchase,5,92
172,156,view,1,92
463,180,cart,3,92
497,16,view,1,92
379,81,view,1,92
455,77,click,2,92
428,67,click,2,92
403,129,view,1,92
13,84,cart,3,92
364,167,purchase,5,92
265,181,cart,3,92
223,160,purchase,5,92
452,200,cart,3,92
452,94,view,1,92
293,8,cart,3,92
220,81,click,2,92
263,105,cart,3,92
399,134,cart,3,92
113,81,cart,3,92
168,174,click,2,92
282,95,click,2,92
63,192,view,1,92
282,166,view,1,92
488,160,view,1,92
212,90,view,1,92
299,79,view,1,93
63,200,click,2,93
243,43,view,1,93
138,54,purchase,5,93
157,20,click,2,93
83,81,view,1,93
56,167,click,2,93
486,77,view,1,93
250,164,cart,3,93
98,67,cart,3,93
224,29,view,1,93
204,54,cart,3,93
5,70,click,2,93
129,180,cart,3,93
94,105,view,1,93
64,108,purchase,5,93
369,67,view,1,93
155,67,click,2,93
281,77,click,2,93
241,134,cart,3,93
91,102,cart,3,93
82,86,cart,3,93
384,123,click,2,93
352,67,click,2,93
327,134,click,2,93
159,166,click,2,93
128,29,view,1,93
476,89,view,1,93
476,160,view,1,93
493,167,purchase,5,93
206,164,click,2,93
180,105,cart,3,93
111,178,click,2,93
454,152,view,1,93
37,132,view,1,93
137,4,view,1,93
357,70,click,2,93
363,149,click,2,93
237,117,click,2,93
496,48,cart,3,93
107,67,click,2,93
57,7,view,1,93
88,92,click,2,93
48,54,cart,3,93
483,103,view,1,93
40,84,view,1,93
162,34,click,2,93
197,54,view,1,93
177,109,view,1,93
288,22,click,2,93
448,67,click,2,93
322,108,click,2,93
445,61,view,1,93
69,45,view,1,93
109,34,cart,3,93
101,166,view,1,93
194,44,view,1,93
293,134,cart,3,93
288,176,view,1,93
58,160,view,1,93
230,22,purchase,5,93
100,67,view,1,93
230,81,click,2,93
271,45,cart,3,93
271,45,view,1,93
356,36,purchase,5,93
405,200,purchase,5,93
25,60,purchase,5,93
325,193,cart,3,93
308,150,view,1,93
9,8,click,2,93
29,44,view,1,93
28,155,purchase,5,93
8,153,cart,3,93
159,113,view,1,93
53,134,view,1,93
333,43,view,1,93
332,67,view,1,93
118,29,click,2,93
300,45,click,2,93
96,34,cart,3,93
496,132,view,1,93
433,143,view,1,93
48,30,view,1,93
70,81,click,2,93
41,132,view,1,93
27,13,view,1,93
48,84,click,2,93
289,81,view,1,93
440,167,purchase,5,93
151,143,click,2,93
7,63,purchase,5,93
161,67,click,2,93
198,160,cart,3,93
27,13,click,2,93
198,152,cart,3,93
237,152,view,1,93
153,134,cart,3,93
281,67,view,1,93
19,191,click,2,93
242,79,view,1,93
291,22,view,1,93
476,45,click,2,93
497,142,view,1,93
318,67,cart,3,93
131,36,view,1,94
490,132,view,1,94
48,36,click,2,94
149,180,purchase,5,94
47,18,click,2,94
397,81,purchase,5,94
397,166,cart,3,94
25,152,view,1,94
206,67,view,1,94
4,34,view,1,94
472,134,view,1,94
286,24,purchase,5,94
147,80,cart,3,94
399,134,view,1,94
73,105,view,1,94
111,134,view,1,94
343,70,click,2,94
395,84,view,1,94
285,180,view,1,94
293,75,cart,3,94
145,168,view,1,94
145,134,cart,3,94
46,29,click,2,94
219,108,cart,3,94
335,29,click,2,94
110,43,view,1,94
442,5,view,1,94
468,44,cart,3,94
41,132,view,1,94
442,13,view,1,94
77,105,purchase,5,94
75,48,view,1,94
345,134,click,2,94
65,105,view,1,94
278,85,view,1,94
447,88,cart,3,94
41,198,cart,3,94
18,25,click,2,94
8,124,cart,3,94
201,105,view,1,94
331,134,click,2,94
430,13,view,1,94
429,45,view,1,94
431,129,view,1,94
299,81,click,2,94
406,107,click,2,94
140,35,cart,3,94
301,112,purchase,5,94
300,45,view,1,94
79,2,click,2,94
387,13,click,2,94
40,67,click,2,94
188,152,view,1,94
386,86,click,2,94
161,18,view,1,94
331,67,click,2,94
403,30,click,2,94
121,134,view,1,94
121,189,click,2,94
106,148,view,1,94
95,40,click,2,94
13,165,cart,3,94
407,67,click,2,94
303,14,view,1,94
303,77,view,1,94
427,29,view,1,94
121,113,cart,3,94
312,22,view,1,94
420,90,click,2,94
166,180,view,1,94
257,110,view,1,94
121,132,cart,3,94
454,184,cart,3,94
454,160,cart,3,94
353,81,view,1,94
464,105,click,2,94
453,45,click,2,94
352,164,purchase,5,94
243,198,view,1,94
254,105,view,1,94
172,105,click,2,94
263,134,view,1,94
261,134,view,1,94
65,81,view,1,94
58,48,view,1,94
325,164,view,1,94
323,67,view,1,94
66,180,view,1,94
66,62,click,2,94
309,48,view,1,94
457,132,purchase,5,94
260,67,view,1,94
261,126,cart,3,94
18,167,cart,3,94
244,81,click,2,94
2,81,view,1,94
94,134,click,2,94
498,151,view,1,94
1,1,view,1,94
369,18,view,1,94
367,195,view,1,94
1,174,view,1,94
417,129,view,1,94
124,134,cart,3,94
10,45,view,1,94
128,171,view,1,94
62,29,click,2,94
188,152,click,2,95
9,14,click,2,95
462,85,view,1,95
356,134,purchase,5,95
127,67,cart,3,95
241,120,view,1,95
4,83,click,2,95
92,5,view,1,95
2,94,view,1,95
34,180,cart,3,95
261,134,purchase,5,95
18,81,view,1,95
225,67,view,1,95
382,77,view,1,95
382,77,cart,3,95
174,160,view,1,95
372,105,cart,3,95
213,148,click,2,95
25,47,view,1,95
230,77,view,1,95
145,160,click,2,95
394,189,click,2,95
48,43,purchase,5,95
435,195,view,1,95
286,143,click,2,95
294,49,click,2,95
219,165,purchase,5,95
282,152,purchase,5,95
401,43,click,2,95
493,167,cart,3,95
7,132,view,1,95
7,84,view,1,95
114,81,view,1,95
293,134,view,1,95
468,29,view,1,95
359,13,cart,3,95
334,5,view,1,95
390,67,click,2,95
74,94,purchase,5,95
66,126,cart,3,95
223,185,cart,3,95
222,69,cart,3,95
323,164,click,2,95
307,5,click,2,95
57,143,view,1,95
21,88,click,2,95
89,43,purchase,5,95
96,134,cart,3,95
238,29,view,1,95
314,134,click,2,95
257,190,view,1,95
381,107,view,1,95
192,9,click,2,95
347,139,view,1,95
468,105,cart,3,95
246,34,view,1,95
469,145,view,1,95
184,134,view,1,95
380,34,click,2,95
18,5,click,2,95
479,105,click,2,95
487,152,view,1,95
144,134,view,1,95
430,152,click,2,95
246,134,cart,3,95
444,168,purchase,5,95
233,105,cart,3,95
275,13,view,1,95
483,107,view,1,95
235,107,view,1,95
302,143,cart,3,95
301,160,view,1,95
301,164,cart,3,95
236,185,view,1,95
383,164,purchase,5,95
265,67,cart,3,95
461,134,click,2,95
452,93,view,1,95
405,34,click,2,95
214,7,view,1,95
187,148,view,1,95
451,86,view,1,95
305,88,view,1,95
426,96,view,1,95
80,13,click,2,95
245,54,click,2,95
372,171,view,1,95
35,134,click,2,95
411,143,cart,3,95
495,4,view,1,95
131,55,view,1,95
331,67,cart,3,95
427,67,view,1,95
126,134,cart,3,95
419,125,click,2,95
73,29,view,1,95
218,105,purchase,5,95
491,180,purchase,5,95
131,13,view,1,95
319,43,view,1,95
368,67,view,1,96
358,31,click,2,96
400,115,view,1,96
63,180,view,1,96
416,2,view,1,96
415,113,view,1,96
316,67,click,2,96
317,143,cart,3,96
420,67,purchase,5,96
405,108,view,1,96
426,174,cart,3,96
121,123,click,2,96
250,164,click,2,96
289,143,cart,3,96
286,129,cart,3,96
340,45,view,1,96
113,81,view,1,96
435,190,view,1,96
343,126,view,1,96
145,45,view,1,96
472,160,view,1,96
24,171,click,2,96
411,160,view,1,96
460,43,purchase,5,96
115,77,click,2,96
469,67,click,2,96
217,105,cart,3,96
68,69,click,2,96
325,67,view,1,96
305,39,view,1,96
80,167,view,1,96
40,138,view,1,96
238,61,click,2,96
161,67,purchase,5,96
189,8,cart,3,96
365,57,click,2,96
172,171,cart,3,96
191,70,cart,3,96
132,81,cart,3,96
57,5,view,1,96
71,57,click,2,96
37,132,purchase,5,96
38,180,view,1,96
344,69,view,1,96
115,7,view,1,96
12,174,click,2,96
403,84,click,2,96
386,45,cart,3,96
390,5,click,2,96
434,94,view,1,96
104,81,view,1,96
172,45,click,2,96
15,18,view,1,96
343,127,view,1,96
42,11,purchase,5,96
403,72,view,1,96
443,34,view,1,96
361,180,view,1,96
405,7,cart,3,96
215,105,view,1,96
352,164,view,1,96
5,67,view,1,96
189,134,view,1,96
481,29,view,1,96
141,22,click,2,96
480,4,view,1,96
173,134,view,1,96
157,81,view,1,96
52,43,purchase,5,96
477,58,click,2,96
7,180,view,1,96
296,59,purchase,5,96
386,45,view,1,96
321,104,click,2,96
447,3,view,1,96
41,109,view,1,96
403,18,view,1,96
380,34,click,2,96
369,67,cart,3,96
308,150,view,1,96
437,67,view,1,96
416,118,cart,3,96
181,177,view,1,96
94,103,view,1,96
3,4,view,1,96
475,70,click,2,96
21,89,click,2,96
321,147,purchase,5,96
64,134,cart,3,96
127,77,cart,3,96
356,178,click,2,96
356,134,click,2,96
498,134,view,1,96
4,93,view,1,96
316,67,click,2,96
388,130,view,1,96
354,81,view,1,96
345,175,view,1,96
484,67,cart,3,96
354,105,click,2,96
140,7,view,1,96
140,33,click,2,96
347,91,view,1,96
279,141,purchase,5,96
108,180,view,1,96
331,164,view,1,96
143,22,cart,3,96
333,132,click,2,96
484,129,view,1,97
445,48,click,2,97
192,164,view,1,97
25,34,click,2,97
474,37,cart,3,97
22,134,view,1,97
384,134,cart,3,97
166,35,view,1,97
148,48,click,2,97
337,145,cart,3,97
145,45,click,2,97
457,197,purchase,5,97
468,152,purchase,5,97
472,125,view,1,97
399,195,cart,3,97
357,180,view,1,97
414,44,click,2,97
27,5,view,1,97
414,48,click,2,97
167,123,cart,3,97
164,134,click,2,97
487,200,view,1,97
422,134,view,1,97
459,35,view,1,97
279,193,click,2,97
279,9,click,2,97
252,35,purchase,5,97
69,86,cart,3,97
456,174,cart,3,97
123,164,purchase,5,97
96,35,view,1,97
266,45,view,1,97
308,134,view,1,97
243,16,view,1,97
488,48,view,1,97
99,134,cart,3,97
413,88,click,2,97
460,34,cart,3,97
371,98,click,2,97
279,85,view,1,97
269,7,click,2,97
372,105,view,1,97
268,34,cart,3,97
442,81,click,2,97
283,29,view,1,97
402,95,click,2,97
376,184,cart,3,97
486,167,view,1,97
172,156,view,1,97
40,43,view,1,97
187,44,click,2,97
385,134,click,2,97
442,137,purchase,5,97
437,157,view,1,97
439,189,purchase,5,97
439,134,purchase,5,97
322,105,click,2,97
214,107,cart,3,97
32,13,click,2,97
328,34,view,1,97
303,143,click,2,97
305,29,view,1,97
56,5,view,1,97
319,168,click,2,97
317,35,view,1,97
129,45,view,1,97
419,134,view,1,97
149,48,cart,3,97
441,84,cart,3,97
8,34,click,2,97
255,81,purchase,5,97
167,82,purchase,5,97
420,166,click,2,97
191,34,view,1,97
280,105,view,1,97
380,152,view,1,97
77,103,view,1,97
345,75,view,1,97
35,134,click,2,97
352,67,click,2,97
54,77,click,2,97
302,160,purchase,5,97
347,152,click,2,97
279,48,click,2,97
492,180,click,2,97
448,67,view,1,97
321,152,purchase,5,97
386,69,click,2,97
143,120,purchase,5,97
429,160,cart,3,97
371,120,view,1,97
332,105,view,1,97
387,166,click,2,97
216,54,view,1,97
272,180,view,1,97
299,54,view,1,97
330,167,click,2,97
141,180,cart,3,97
235,134,purchase,5,97
404,159,cart,3,97
456,200,cart,3,97
92,184,cart,3,97
417,104,click,2,97
288,45,cart,3,97
339,132,purchase,5,97
73,156,view,1,97
180,39,cart,3,97
339,35,view,1,97
212,164,click,2,97
463,34,view,1,97
223,5,view,1,97
489,134,click,2,97
241,34,view,1,98
357,22,view,1,98
12,43,view,1,98
223,149,view,1,98
369,152,cart,3,98
242,148,view,1,98
414,109,click,2,98
367,143,purchase,5,98
188,152,cart,3,98
28,149,click,2,98
229,134,view,1,98
380,160,cart,3,98
388,86,view,1,98
387,67,view,1,98
217,105,view,1,98
213,134,cart,3,98
54,134,view,1,98
487,129,view,1,98
486,5,cart,3,98
272,85,view,1,98
349,105,view,1,98
387,100,cart,3,98
217,105,purchase,5,98
363,117,cart,3,98
321,147,view,1,98
18,5,click,2,98
72,84,click,2,98
76,152,cart,3,98
59,9,view,1,98
310,180,cart,3,98
100,164,view,1,98
167,118,click,2,98
302,117,click,2,98
302,77,cart,3,98
105,54,cart,3,98
265,67,view,1,98
102,171,view,1,98
121,134,cart,3,98
490,70,click,2,98
164,54,view,1,98
104,164,view,1,98
161,166,click,2,98
217,29,view,1,98
428,138,purchase,5,98
161,18,view,1,98
80,81,view,1,98
350,117,purchase,5,98
162,34,click,2,98
347,200,click,2,98
477,143,purchase,5,98
443,34,click,2,98
109,134,view,1,98
189,132,cart,3,98
4,87,view,1,98
38,88,view,1,98
67,105,cart,3,98
372,58,cart,3,98
344,34,view,1,98
138,82,view,1,98
96,14,cart,3,98
442,81,view,1,98
229,134,view,1,98
361,134,view,1,98
486,5,click,2,98
70,5,view,1,98
435,125,view,1,98
147,134,purchase,5,98
47,49,cart,3,98
490,55,purchase,5,98
115,121,click,2,98
250,67,view,1,98
249,13,cart,3,98
289,155,view,1,98
212,164,cart,3,98
440,77,cart,3,98
496,166,click,2,98
206,67,view,1,98
472,175,cart,3,98
92,81,click,2,98
130,45,click,2,98
410,134,view,1,98
101,164,view,1,98
420,67,purchase,5,98
120,123,view,1,98
60,34,click,2,98
224,29,click,2,98
66,35,cart,3,98
128,5,view,1,98
199,123,view,1,98
240,81,cart,3,98
416,134,view,1,98
126,105,click,2,98
95,5,click,2,98
462,48,view,1,98
95,6,view,1,98
438,45,view,1,98
227,134,view,1,98
110,30,view,1,98
113,92,cart,3,98
399,134,view,1,98
110,34,cart,3,98
34,155,click,2,98
327,48,click,2,98
408,23,view,1,98
238,29,click,2,99
41,43,click,2,99
491,44,view,1,99
65,105,cart,3,99
414,5,view,1,99
367,5,view,1,99
20,105,click,2,99
297,120,view,1,99
466,5,cart,3,99
496,173,view,1,99
481,103,cart,3,99
348,97,view,1,99
491,180,view,1,99
279,4,view,1,99
144,134,click,2,99
181,34,view,1,99
289,143,view,1,99
202,18,view,1,99
339,74,click,2,99
2,5,click,2,99
212,148,view,1,99
237,150,view,1,99
102,105,view,1,99
254,103,cart,3,99
292,200,view,1,99
74,36,view,1,99
493,166,cart,3,99
217,105,view,1,99
158,110,cart,3,99
349,105,view,1,99
349,8,view,1,99
187,2,click,2,99
452,69,click,2,99
27,81,cart,3,99
254,105,cart,3,99
134,67,cart,3,99
235,35,cart,3,99
330,81,purchase,5,99
331,95,purchase,5,99
271,86,cart,3,99
343,85,view,1,99
134,113,cart,3,99
456,87,click,2,99
242,189,click,2,99
85,200,purchase,5,99
256,67,purchase,5,99
59,13,cart,3,99
70,134,click,2,99
384,134,purchase,5,99
40,164,purchase,5,99
384,81,view,1,99
310,118,cart,3,99
309,35,purchase,5,99
82,35,click,2,99
75,85,view,1,99
335,171,cart,3,99
469,198,view,1,99
361,107,click,2,99
157,85,view,1,99
203,29,view,1,99
148,78,view,1,99
337,150,click,2,99
128,105,cart,3,99
241,34,click,2,99
371,132,click,2,99
181,134,view,1,99
242,166,click,2,99
308,45,cart,3,99
179,25,view,1,99
244,67,cart,3,99
318,164,cart,3,99
318,96,view,1,99
223,15,view,1,99
343,85,click,2,99
80,77,view,1,99
420,160,click,2,99
351,67,view,1,99
80,81,view,1,99
105,13,view,1,99
245,2,view,1,99
474,105,view,1,99
402,185,view,1,99
400,152,click,2,99
155,95,view,1,99
157,77,cart,3,99
345,123,click,2,99
66,35,cart,3,99
245,16,cart,3,99
340,35,view,1,99
47,164,cart,3,99
48,132,view,1,99
201,105,view,1,99
213,134,click,2,99
261,35,view,1,99
374,168,cart,3,99
25,43,purchase,5,99
469,67,view,1,99
113,81,click,2,99
400,18,click,2,99
484,13,view,1,99
400,18,click,2,99
98,67,view,1,99
293,111,purchase,5,99
289,160,view,1,99
407,18,view,1,99
414,2,click,2,99
303,134,click,2,99
420,166,view,1,99
223,55,view,1,99
28,94,view,1,99
499,126,click,2,99
463,48,click,2,99
167,134,purchase,5,99
476,45,view,1,100
371,43,view,1,100
371,43,click,2,100
21,2,click,2,100
193,134,view,1,100
15,87,cart,3,100
112,67,click,2,100
249,134,view,1,100
174,192,view,1,100
123,166,cart,3,100
58,160,click,2,100
312,155,click,2,100
85,54,cart,3,100
83,134,click,2,100
255,81,view,1,100
353,34,click,2,100
324,81,purchase,5,100
257,13,view,1,100
260,134,click,2,100
30,95,click,2,100
89,76,click,2,100
57,143,purchase,5,100
12,26,purchase,5,100
9,123,view,1,100
490,79,view,1,100
35,121,purchase,5,100
26,86,cart,3,100
379,189,view,1,100
99,200,purchase,5,100
266,125,click,2,100
450,45,click,2,100
5,132,cart,3,100
425,48,view,1,100
425,67,purchase,5,100
139,44,view,1,100
406,35,view,1,100
137,4,purchase,5,100
122,22,view,1,100
383,95,view,1,100
148,67,view,1,100
373,13,view,1,100
25,34,view,1,100
269,134,click,2,100
79,180,click,2,100
236,49,click,2,100
67,113,click,2,100
139,34,click,2,100
161,153,cart,3,100
187,44,click,2,100
468,104,click,2,100
451,45,view,1,100
216,72,view,1,100
451,67,view,1,100
108,197,cart,3,100
275,188,click,2,100
144,194,view,1,100
297,84,cart,3,100
118,137,view,1,100
431,152,click,2,100
299,132,view,1,100
247,124,view,1,100
347,200,click,2,100
347,129,click,2,100
69,86,click,2,100
42,111,cart,3,100
250,105,view,1,100
157,9,view,1,100
98,67,cart,3,100
431,34,click,2,100
362,168,click,2,100
285,67,view,1,100
395,164,click,2,100
395,138,cart,3,100
155,164,view,1,100
281,144,click,2,100
46,29,view,1,100
336,35,view,1,100
294,147,purchase,5,100
51,54,cart,3,100
433,46,click,2,100
336,85,click,2,100
219,45,view,1,100
201,29,view,1,100
201,103,cart,3,100
294,152,view,1,100
15,152,view,1,100
153,168,view,1,100
70,55,click,2,100
293,134,click,2,100
110,5,view,1,100
344,200,view,1,100
20,77,view,1,100
239,105,view,1,100
211,129,purchase,5,100
62,105,click,2,100
128,4,cart,3,100
111,81,click,2,100
74,84,click,2,100
323,16,view,1,100
321,34,cart,3,100
413,107,view,1,100
129,126,click,2,100
418,5,view,1,100
317,75,view,1,100
63,152,view,1,100
223,94,cart,3,100
368,44,view,1,101
497,144,cart,3,101
499,158,click,2,101
318,67,click,2,101
124,113,cart,3,101
129,62,view,1,101
442,200,view,1,101
145,22,view,1,101
335,110,view,1,101
344,152,view,1,101
70,77,click,2,101
228,38,view,1,101
257,105,view,1,101
123,133,click,2,101
65,40,click,2,101
131,77,click,2,101
205,1,click,2,101
412,34,cart,3,101
410,62,cart,3,101
366,86,view,1,101
5,95,click,2,101
215,103,view,1,101
310,34,view,1,101
258,160,view,1,101
82,34,click,2,101
253,7,view,1,101
424,4,click,2,101
200,134,view,1,101
263,105,view,1,101
244,22,click,2,101
480,70,view,1,101
475,190,view,1,101
495,48,view,1,101
268,2,click,2,101
454,22,cart,3,101
452,149,view,1,101
254,105,cart,3,101
27,77,purchase,5,101
494,13,cart,3,101
203,105,click,2,101
483,180,view,1,101
294,81,view,1,101
344,152,view,1,101
304,25,click,2,101
408,54,cart,3,101
425,88,click,2,101
36,152,view,1,101
440,4,view,1,101
249,112,view,1,101
206,161,click,2,101
496,9,click,2,101
148,67,click,2,101
24,29,view,1,101
175,13,cart,3,101
123,67,view,1,101
40,45,click,2,101
191,195,cart,3,101
474,73,click,2,101
178,123,view,1,101
4,152,cart,3,101
13,43,cart,3,101
252,180,view,1,101
212,164,click,2,101
160,34,click,2,101
299,132,view,1,101
331,191,purchase,5,101
404,10,click,2,101
289,134,view,1,101
146,13,view,1,101
46,81,view,1,101
155,166,purchase,5,101
336,48,view,1,101
399,134,cart,3,101
436,48,click,2,101
296,67,view,1,101
246,152,cart,3,101
247,110,purchase,5,101
246,189,purchase,5,101
239,103,cart,3,101
473,34,click,2,101
235,180,cart,3,101
141,180,click,2,101
360,67,click,2,101
444,118,view,1,101
376,184,view,1,101
360,175,view,1,101
118,3,view,1,101
53,134,cart,3,101
126,105,click,2,101
129,48,click,2,101
499,48,view,1,101
130,86,purchase,5,101
72,67,cart,3,101
337,160,view,1,101
149,70,purchase,5,101
95,5,purchase,5,101
319,117,click,2,102
3,35,view,1,102
212,164,click,2,102
476,168,cart,3,102
240,3,cart,3,102
317,134,click,2,102
356,134,view,1,102
437,70,view,1,102
489,34,click,2,102
214,105,purchase,5,102
6,134,click,2,102
297,16,click,2,102
487,63,view,1,102
155,57,cart,3,102
277,84,click,2,102
447,39,cart,3,102
19,105,click,2,102
476,117,view,1,102
215,105,cart,3,102
300,22,view,1,102
332,134,cart,3,102
477,67,cart,3,102
57,129,cart,3,102
155,67,click,2,102
312,168,click,2,102
256,48,click,2,102
488,44,cart,3,102
205,134,view,1,102
309,161,view,1,102
286,145,view,1,102
123,164,view,1,102
92,81,view,1,102
479,67,view,1,102
480,60,view,1,102
107,67,cart,3,102
79,48,view,1,102
477,36,view,1,102
118,29,click,2,102
19,160,view,1,102
244,160,purchase,5,102
276,54,view,1,102
404,34,view,1,102
144,134,purchase,5,102
299,84,view,1,102
118,29,view,1,102
349,105,view,1,102
161,164,cart,3,102
428,95,view,1,102
96,134,view,1,102
343,180,view,1,102
249,134,purchase,5,102
462,9,view,1,102
136,180,view,1,102
379,81,view,1,102
373,77,view,1,102
384,125,view,1,102
34,4,click,2,102
323,171,click,2,102
136,48,view,1,102
324,45,cart,3,102
221,84,cart,3,102
83,125,click,2,102
83,13,view,1,102
166,79,view,1,102
451,143,view,1,102
243,54,view,1,102
180,3,view,1,102
475,164,view,1,102
36,34,cart,3,102
82,35,click,2,102
5,120,view,1,102
172,105,view,1,102
202,95,click,2,102
148,59,view,1,102
374,160,purchase,5,102
288,5,click,2,102
38,54,cart,3,102
327,108,view,1,102
121,164,click,2,102
249,134,click,2,102
56,137,view,1,102
473,34,view,1,102
15,34,view,1,102
161,67,view,1,102
244,112,view,1,102
247,17,view,1,102
472,43,click,2,102
22,134,click,2,102
466,81,click,2,102
451,168,click,2,102
214,105,view,1,102
493,167,cart,3,102
192,8,view,1,102
199,134,purchase,5,102
20,81,click,2,102
441,165,view,1,102
340,67,cart,3,102
15,34,purchase,5,102
310,88,cart,3,102
499,4,view,1,102
131,160,cart,3,102
356,134,view,1,102
402,67,view,1,102
173,200,view,1,102
69,160,click,2,102
218,2,view,1,102
425,166,click,2,102
84,134,click,2,103
279,62,click,2,103
41,84,click,2,103
449,44,click,2,103
431,152,view,1,103
417,34,view,1,103
357,190,view,1,103
28,45,click,2,103
317,35,click,2,103
370,22,view,1,103
370,89,click,2,103
340,45,click,2,103
462,70,view,1,103
42,180,purchase,5,103
123,78,click,2,103
459,85,purchase,5,103
98,43,view,1,103
229,134,view,1,103
194,144,cart,3,103
468,134,click,2,103
372,157,view,1,103
41,67,cart,3,103
159,113,click,2,103
143,34,cart,3,103
431,152,click,2,103
143,185,click,2,103
271,150,view,1,103
39,180,view,1,103
333,22,cart,3,103
107,164,view,1,103
53,134,cart,3,103
478,51,view,1,103
163,29,view,1,103
165,134,view,1,103
382,81,view,1,103
16,70,view,1,103
378,180,purchase,5,103
155,88,view,1,103
145,94,view,1,103
225,164,purchase,5,103
322,189,purchase,5,103
422,22,click,2,103
35,108,view,1,103
165,96,click,2,103
166,4,click,2,103
22,134,view,1,103
434,29,view,1,103
111,134,view,1,103
338,133,view,1,103
172,105,purchase,5,103
292,129,view,1,103
379,180,click,2,103
261,166,cart,3,103
183,22,click,2,103
99,200,view,1,103
69,160,purchase,5,103
148,105,view,1,103
192,189,view,1,103
237,34,view,1,103
148,48,view,1,103
40,164,view,1,103
73,3,view,1,103
295,31,view,1,103
403,152,view,1,103
344,152,click,2,103
327,85,cart,3,103
164,112,view,1,103
454,155,view,1,103
197,84,view,1,103
487,180,purchase,5,103
265,67,view,1,103
481,29,click,2,103
380,150,click,2,103
139,152,cart,3,103
408,81,purchase,5,103
203,105,view,1,103
95,9,view,1,103
451,45,purchase,5,103
172,189,view,1,103
434,45,view,1,103
46,29,view,1,103
172,3,view,1,103
49,133,cart,3,103
71,44,cart,3,103
424,152,view,1,103
62,29,cart,3,103
288,97,purchase,5,103
437,169,cart,3,103
201,105,click,2,103
249,87,view,1,103
174,105,view,1,103
176,67,view,1,103
24,105,cart,3,103
122,150,view,1,103
104,195,view,1,103
130,77,view,1,103
461,118,view,1,103
344,51,cart,3,103
417,129,view,1,103
354,20,view,1,103
148,164,click,2,103
280,125,view,1,103
279,180,click,2,103
114,167,click,2,103
145,114,view,1,103
10,149,view,1,103
317,157,view,1,103
222,152,click,2,103
92,168,purchase,5,103
358,81,click,2,103
415,134,view,1,104
1,154,click,2,104
128,105,purchase,5,104
61,134,click,2,104
280,134,cart,3,104
441,120,purchase,5,104
414,183,cart,3,104
151,142,purchase,5,104
436,70,cart,3,104
250,58,click,2,104
193,113,cart,3,104
436,59,cart,3,104
149,126,click,2,104
112,67,view,1,104
499,4,cart,3,104
417,152,cart,3,104
55,109,view,1,104
55,77,click,2,104
57,195,view,1,104
427,110,click,2,104
353,105,click,2,104
406,133,purchase,5,104
56,192,view,1,104
369,67,view,1,104
17,29,purchase,5,104
351,105,view,1,104
162,200,view,1,104
178,176,view,1,104
325,164,cart,3,104
325,67,view,1,104
148,45,view,1,104
246,77,view,1,104
481,105,view,1,104
226,67,click,2,104
75,35,click,2,104
75,48,purchase,5,104
45,181,click,2,104
214,180,click,2,104
213,189,purchase,5,104
214,29,click,2,104
160,104,view,1,104
143,160,click,2,104
276,45,view,1,104
237,160,cart,3,104
359,151,purchase,5,104
371,129,click,2,104
351,67,view,1,104
345,123,click,2,104
88,129,view,1,104
481,105,view,1,104
180,105,view,1,104
227,134,view,1,104
394,36,cart,3,104
155,133,click,2,104
293,134,purchase,5,104
219,160,view,1,104
21,134,view,1,104
468,29,cart,3,104
22,168,click,2,104
163,105,view,1,104
6,195,view,1,104
153,86,view,1,104
440,67,cart,3,104
440,70,click,2,104
168,105,purchase,5,104
27,67,click,2,104
383,180,view,1,104
40,67,view,1,104
302,117,click,2,104
51,16,view,1,104
98,67,view,1,104
131,94,click,2,104
312,45,cart,3,104
408,132,click,2,104
356,81,view,1,104
255,200,click,2,104
420,105,view,1,104
373,81,view,1,104
109,134,cart,3,104
36,152,cart,3,104
157,77,cart,3,104
74,77,click,2,104
32,96,click,2,104
194,132,purchase,5,104
66,81,click,2,104
65,156,click,2,104
412,45,click,2,104
83,77,click,2,104
279,126,view,1,104
486,81,view,1,104
377,72,view,1,104
448,45,view,1,104
369,134,cart,3,104
131,22,click,2,104
357,152,view,1,104
356,134,view,1,104
237,34,view,1,104
236,2,view,1,104
90,105,cart,3,104
220,167,click,2,104
232,161,view,1,104
18,81,cart,3,104
47,57,click,2,104
441,84,view,1,104
435,81,cart,3,104
362,45,view,1,104
440,46,cart,3,104
275,5,click,2,104
55,30,click,2,104
406,191,purchase,5,104
327,81,view,1,105
472,132,cart,3,105
436,131,purchase,5,105
433,29,view,1,105
59,45,view,1,105
356,13,view,1,105
292,34,click,2,105
499,35,cart,3,105
128,105,view,1,105
110,200,view,1,105
427,166,click,2,105
238,105,purchase,5,105
251,112,click,2,105
287,35,purchase,5,105
235,196,purchase,5,105
120,125,view,1,105
303,5,cart,3,105
106,134,click,2,105
136,48,cart,3,105
26,86,view,1,105
36,152,click,2,105
273,4,purchase,5,105
227,134,click,2,105
227,146,cart,3,105
96,134,view,1,105
161,34,view,1,105
293,134,click,2,105
88,74,cart,3,105
270,59,purchase,5,105
305,60,view,1,105
143,160,click,2,105
218,84,click,2,105
441,33,view,1,105
71,43,click,2,105
22,134,view,1,105
303,79,cart,3,105
96,134,view,1,105
480,180,cart,3,105
139,164,cart,3,105
484,13,cart,3,105
268,152,view,1,105
40,173,cart,3,105
15,7,view,1,105
146,51,view,1,105
217,105,view,1,105
279,180,click,2,105
384,77,view,1,105
304,185,view,1,105
424,105,view,1,105
148,173,view,1,105
47,193,purchase,5,105
288,45,view,1,105
97,134,click,2,105
286,112,view,1,105
491,152,click,2,105
173,129,view,1,105
289,22,click,2,105
199,81,view,1,105
260,34,view,1,105
165,107,view,1,105
9,82,purchase,5,105
136,9,cart,3,105
324,22,view,1,105
447,88,click,2,105
447,105,cart,3,105
291,168,cart,3,105
220,152,view,1,105
54,167,cart,3,105
200,134,click,2,105
79,35,click,2,105
448,129,purchase,5,105
363,200,cart,3,105
186,109,click,2,105
90,45,view,1,105
404,54,view,1,105
135,81,click,2,105
440,2,view,1,105
49,67,view,1,105
46,77,click,2,105
74,35,cart,3,105
436,90,purchase,5,105
431,7,cart,3,105
360,102,view,1,105
422,22,cart,3,105
459,57,view,1,105
362,160,view,1,105
420,67,cart,3,105
109,134,view,1,105
57,129,purchase,5,105
122,152,view,1,105
390,67,view,1,105
9,118,click,2,105
254,2,click,2,105
319,45,view,1,105
437,34,view,1,105
357,121,cart,3,105
118,105,purchase,5,105
443,134,click,2,105
496,134,click,2,105
209,167,click,2,105
241,54,purchase,5,105
212,164,view,1,105
90,19,cart,3,105
209,81,cart,3,105
357,107,view,1,105
367,5,view,1,105
488,43,click,2,106
2,13,view,1,106
223,155,view,1,106
242,134,cart,3,106
180,105,view,1,106
242,134,cart,3,106
19,45,click,2,106
101,175,click,2,106
456,7,purchase,5,106
26,45,click,2,106
360,59,view,1,106
170,18,purchase,5,106
380,117,click,2,106
35,134,click,2,106
189,134,cart,3,106
164,18,view,1,106
37,109,view,1,106
352,138,view,1,106
38,70,click,2,106
5,67,purchase,5,106
203,84,view,1,106
141,171,cart,3,106
55,132,click,2,106
141,9,view,1,106
487,43,cart,3,106
372,105,click,2,106
487,152,view,1,106
68,105,view,1,106
68,22,view,1,106
426,164,view,1,106
57,167,view,1,106
66,35,view,1,106
326,10,view,1,106
293,13,view,1,106
490,81,purchase,5,106
294,190,purchase,5,106
473,7,cart,3,106
404,34,view,1,106
487,152,view,1,106
70,67,cart,3,106
333,16,purchase,5,106
297,132,click,2,106
332,67,click,2,106
404,135,click,2,106
491,48,cart,3,106
9,134,view,1,106
268,34,view,1,106
161,100,view,1,106
191,81,view,1,106
271,155,view,1,106
387,12,view,1,106
6,134,cart,3,106
249,195,view,1,106
470,34,cart,3,106
113,34,cart,3,106
336,180,view,1,106
292,18,cart,3,106
153,5,view,1,106
231,113,view,1,106
439,134,click,2,106
439,134,view,1,106
97,134,view,1,106
470,67,view,1,106
438,23,click,2,106
288,86,view,1,106
14,75,click,2,106
73,29,click,2,106
194,167,cart,3,106
112,19,cart,3,106
73,124,view,1,106
288,86,view,1,106
388,24,view,1,106
15,34,view,1,106
110,44,cart,3,106
281,77,purchase,5,106
46,81,purchase,5,106
231,105,view,1,106
61,66,view,1,106
87,131,view,1,106
379,143,cart,3,106
188,192,view,1,106
461,113,cart,3,106
167,134,click,2,106
458,134,view,1,106
356,65,click,2,106
33,34,view,1,106
28,22,view,1,106
260,34,purchase,5,106
224,105,view,1,106
224,132,click,2,106
66,126,view,1,106
325,166,view,1,106
309,51,click,2,106
321,192,click,2,106
59,86,view,1,106
310,164,purchase,5,106
129,88,view,1,106
414,109,view,1,107
124,152,click,2,107
419,189,click,2,107
324,168,view,1,107
419,134,click,2,107
476,155,view,1,107
58,160,click,2,107
422,86,view,1,107
243,120,view,1,107
475,67,purchase,5,107
182,35,view,1,107
459,35,view,1,107
309,107,cart,3,107
134,151,cart,3,107
200,134,click,2,107
221,43,click,2,107
256,157,click,2,107
101,166,click,2,107
5,44,click,2,107
35,118,cart,3,107
255,81,view,1,107
281,48,view,1,107
110,81,click,2,107
280,34,purchase,5,107
1,34,view,1,107
167,9,view,1,107
87,191,view,1,107
343,35,view,1,107
153,114,view,1,107
415,134,cart,3,107
380,92,cart,3,107
188,200,cart,3,107
280,118,view,1,107
280,134,view,1,107
362,168,view,1,107
194,43,cart,3,107
470,200,cart,3,107
437,134,view,1,107
435,77,view,1,107
115,104,view,1,107
272,105,click,2,107
348,22,click,2,107
387,164,view,1,107
40,138,click,2,107
388,5,view,1,107
41,54,view,1,107
434,172,view,1,107
433,134,cart,3,107
373,167,view,1,107
25,93,view,1,107
152,44,view,1,107
192,200,view,1,107
294,13,view,1,107
403,84,cart,3,107
438,94,cart,3,107
176,7,click,2,107
339,200,click,2,107
399,164,click,2,107
373,81,purchase,5,107
339,81,purchase,5,107
250,47,view,1,107
468,67,cart,3,107
278,107,click,2,107
279,180,view,1,107
4,129,view,1,107
148,57,view,1,107
472,54,view,1,107
145,94,cart,3,107
433,13,view,1,107
96,134,cart,3,107
302,77,click,2,107
423,129,click,2,107
96,152,cart,3,107
265,164,cart,3,107
455,13,view,1,107
263,105,click,2,107
189,185,view,1,107
37,16,view,1,107
267,105,click,2,107
179,70,view,1,107
57,5,view,1,107
57,5,purchase,5,107
499,84,cart,3,107
17,105,click,2,107
165,4,click,2,107
260,160,click,2,107
489,180,click,2,107
19,29,cart,3,107
243,76,view,1,107
371,43,click,2,107
415,22,view,1,107
124,134,click,2,107
417,53,view,1,107
416,43,view,1,107
91,103,purchase,5,107
94,31,view,1,107
353,45,cart,3,107
237,34,view,1,107
479,18,view,1,107
303,77,view,1,107
68,22,view,1,107
88,152,cart,3,107
117,81,view,1,107
219,9,view,1,107
96,122,view,1,107
333,81,click,2,107
268,18,purchase,5,107
144,39,view,1,107
495,164,cart,3,107
252,85,click,2,107
495,79,click,2,107
40,16,click,2,107
431,200,click,2,107
246,134,purchase,5,107
246,134,view,1,107
380,53,view,1,108
319,59,view,1,108
88,129,cart,3,108
88,63,click,2,108
376,56,click,2,108
440,59,view,1,108
442,63,cart,3,108
76,34,cart,3,108
380,34,view,1,108
479,152,view,1,108
359,167,view,1,108
347,129,click,2,108
393,57,view,1,108
158,105,view,1,108
442,167,cart,3,108
108,102,view,1,108
450,22,purchase,5,108
481,156,view,1,108
4,35,click,2,108
493,151,view,1,108
157,48,view,1,108
290,152,view,1,108
435,13,view,1,108
484,5,cart,3,108
113,152,purchase,5,108
48,16,cart,3,108
287,81,cart,3,108
288,49,view,1,108
147,99,click,2,108
283,85,purchase,5,108
396,43,click,2,108
437,105,view,1,108
47,134,click,2,108
87,59,cart,3,108
444,89,view,1,108
47,59,view,1,108
112,67,purchase,5,108
115,63,view,1,108
69,45,view,1,108
25,102,click,2,108
72,5,view,1,108
8,174,view,1,108
433,81,click,2,108
376,67,click,2,108
387,67,view,1,108
202,67,view,1,108
64,113,view,1,108
64,134,purchase,5,108
5,132,view,1,108
257,134,cart,3,108
255,5,view,1,108
305,134,purchase,5,108
227,134,click,2,108
131,134,click,2,108
65,133,purchase,5,108
310,34,cart,3,108
135,5,click,2,108
9,125,purchase,5,108
137,25,view,1,108
333,2,view,1,108
235,180,purchase,5,108
488,84,click,2,108
477,77,view,1,108
220,112,cart,3,108
201,105,view,1,108
333,166,cart,3,108
333,132,view,1,108
144,3,view,1,108
476,45,view,1,108
40,43,view,1,108
173,200,click,2,108
162,144,click,2,108
162,109,click,2,108
350,34,click,2,108
428,51,click,2,108
187,134,view,1,108
187,82,view,1,108
383,67,click,2,108
455,143,click,2,108
351,67,view,1,108
464,103,view,1,108
237,160,cart,3,108
227,106,view,1,108
330,81,purchase,5,108
353,167,click,2,108
141,129,click,2,108
21,70,view,1,108
487,153,view,1,108
11,166,click,2,108
364,142,cart,3,108
137,35,click,2,108
327,4,purchase,5,108
427,18,click,2,108
327,40,cart,3,108
240,29,click,2,108
475,34,view,1,108
368,67,view,1,108
182,35,view,1,108
365,150,purchase,5,108
369,181,cart,3,108
212,67,cart,3,108
499,43,view,1,109
166,180,view,1,109
260,34,view,1,109
222,183,cart,3,109
110,152,cart,3,109
3,48,purchase,5,109
275,167,view,1,109
344,53,click,2,109
372,105,click,2,109
166,180,purchase,5,109
302,81,view,1,109
302,97,view,1,109
301,167,view,1,109
435,112,view,1,109
291,168,cart,3,109
291,160,view,1,109
71,43,view,1,109
488,16,view,1,109
40,152,purchase,5,109
399,134,purchase,5,109
83,86,cart,3,109
354,5,view,1,109
355,30,click,2,109
45,94,view,1,109
481,105,view,1,109
353,77,view,1,109
352,67,view,1,109
15,87,cart,3,109
281,13,view,1,109
215,34,cart,3,109
215,105,view,1,109
312,168,view,1,109
129,121,view,1,109
235,152,click,2,109
235,134,view,1,109
230,17,click,2,109
123,164,view,1,109
280,93,view,1,109
468,129,purchase,5,109
408,67,view,1,109
408,132,cart,3,109
27,143,view,1,109
258,7,view,1,109
455,35,click,2,109
436,59,cart,3,109
303,81,purchase,5,109
303,136,click,2,109
303,81,view,1,109
302,180,click,2,109
219,129,cart,3,109
7,54,view,1,109
488,2,view,1,109
277,67,click,2,109
252,180,cart,3,109
118,29,cart,3,109
360,134,click,2,109
422,45,view,1,109
286,67,view,1,109
351,78,cart,3,109
105,34,view,1,109
442,105,click,2,109
228,29,purchase,5,109
328,84,view,1,109
486,5,purchase,5,109
487,152,view,1,109
18,195,click,2,109
165,134,view,1,109
214,180,view,1,109
4,118,view,1,109
39,48,purchase,5,109
452,123,view,1,109
118,152,click,2,109
331,196,purchase,5,109
42,9,click,2,109
157,70,click,2,109
276,67,view,1,109
399,134,click,2,109
98,196,click,2,109
56,5,view,1,109
118,166,cart,3,109
79,35,click,2,109
107,164,click,2,109
42,48,view,1,109
53,96,click,2,109
297,84,cart,3,109
144,134,view,1,109
298,44,click,2,109
144,129,view,1,109
363,134,click,2,109
146,94,purchase,5,109
73,105,view,1,109
347,140,click,2,109
9,81,view,1,109
83,143,view,1,109
83,81,click,2,109
102,47,view,1,109
124,45,cart,3,109
281,13,click,2,109
243,120,view,1,109
21,16,click,2,109
21,43,view,1,109
141,103,view,1,109
143,168,click,2,109
76,87,view,1,109
390,18,cart,3,109
296,164,view,1,110
243,132,view,1,110
243,72,view,1,110
371,54,cart,3,110
249,134,cart,3,110
322,142,view,1,110
235,51,cart,3,110
294,7,view,1,110
321,200,purchase,5,110
221,43,view,1,110
141,70,view,1,110
111,96,view,1,110
221,54,cart,3,110
415,96,view,1,110
321,192,view,1,110
319,43,cart,3,110
298,109,cart,3,110
295,155,view,1,110
289,5,click,2,110
360,175,purchase,5,110
466,81,cart,3,110
245,44,click,2,110
426,189,cart,3,110
304,18,cart,3,110
53,134,view,1,110
89,2,click,2,110
348,75,view,1,110
349,105,view,1,110
165,125,view,1,110
108,35,view,1,110
146,160,purchase,5,110
147,113,purchase,5,110
280,134,view,1,110
280,7,click,2,110
472,118,cart,3,110
311,77,view,1,110
105,129,view,1,110
277,44,click,2,110
258,129,view,1,110
204,58,click,2,110
277,43,click,2,110
78,44,view,1,110
223,81,click,2,110
111,118,view,1,110
55,88,view,1,110
148,18,view,1,110
426,34,cart,3,110
327,125,view,1,110
278,181,view,1,110
115,152,view,1,110
197,44,view,1,110
332,157,view,1,110
351,181,click,2,110
254,105,view,1,110
14,134,click,2,110
263,134,view,1,110
162,43,cart,3,110
238,194,click,2,110
424,85,click,2,110
137,126,view,1,110
13,89,click,2,110
376,67,view,1,110
194,2,view,1,110
337,183,view,1,110
23,164,view,1,110
23,152,view,1,110
340,114,purchase,5,110
46,29,click,2,110
100,67,cart,3,110
84,47,cart,3,110
72,54,click,2,110
145,129,purchase,5,110
222,54,view,1,110
242,189,click,2,110
139,180,view,1,110
271,45,view,1,110
48,159,click,2,110
48,84,click,2,110
273,88,view,1,110
160,34,view,1,110
161,134,view,1,110
415,86,purchase,5,110
417,63,view,1,110
233,67,click,2,110
420,166,cart,3,110
379,143,purchase,5,110
82,22,view,1,110
266,134,view,1,110
323,43,cart,3,110
311,164,cart,3,110
129,180,click,2,110
285,134,click,2,110
122,48,purchase,5,110
1,180,click,2,110
368,132,view,1,110
369,164,view,1,110
3,35,view,1,110
94,105,click,2,110
94,2,click,2,110
250,184,view,1,110
408,168,cart,3,110
406,180,view,1,110
276,185,cart,3,111
157,4,click,2,111
178,125,view,1,111
305,70,view,1,111
56,5,view,1,111
34,35,cart,3,111
428,157,view,1,111
56,77,purchase,5,111
72,159,click,2,111
99,81,click,2,111
49,79,view,1,111
434,29,click,2,111
321,4,view,1,111
263,105,view,1,111
212,164,click,2,111
160,152,view,1,111
21,105,click,2,111
65,194,cart,3,111
489,118,click,2,111
347,200,click,2,111
78,48,view,1,111
387,90,purchase,5,111
141,29,click,2,111
79,9,click,2,111
198,160,view,1,111
403,43,click,2,111
343,35,view,1,111
27,195,view,1,111
436,67,view,1,111
373,143,purchase,5,111
7,70,view,1,111
7,134,cart,3,111
420,18,click,2,111
172,29,view,1,111
173,34,cart,3,111
29,43,view,1,111
287,134,cart,3,111
285,35,click,2,111
328,120,click,2,111
406,48,click,2,111
351,175,click,2,111
280,34,view,1,111
329,7,cart,3,111
263,105,click,2,111
470,34,cart,3,111
454,168,cart,3,111
196,150,view,1,111
452,150,view,1,111
33,93,cart,3,111
361,35,view,1,111
115,34,view,1,111
278,200,view,1,111
117,130,click,2,111
426,129,view,1,111
138,134,cart,3,111
447,11,click,2,111
4,34,view,1,111
25,2,click,2,111
448,67,cart,3,111
341,19,purchase,5,111
291,155,purchase,5,111
82,45,click,2,111
102,105,view,1,111
319,22,view,1,111
232,70,cart,3,111
192,145,view,1,111
379,77,purchase,5,111
100,196,view,1,111
268,132,view,1,111
65,137,view,1,111
281,77,purchase,5,111
382,120,view,1,111
440,161,cart,3,111
59,53,click,2,111
155,67,view,1,111
158,171,view,1,111
199,45,purchase,5,111
29,134,view,1,111
356,134,cart,3,111
85,105,view,1,111
482,67,purchase,5,111
192,134,click,2,111
417,129,click,2,111
72,144,view,1,111
483,11,view,1,111
322,118,view,1,111
440,81,view,1,111
323,166,cart,3,111
230,143,view,1,111
230,5,click,2,111
144,105,view,1,111
4,129,view,1,111
88,34,purchase,5,111
300,185,purchase,5,111
167,130,cart,3,111
428,57,cart,3,111
91,84,view,1,111
1,88,purchase,5,111
211,34,click,2,111
2,81,view,1,112
294,34,view,1,112
21,43,click,2,112
368,1,click,2,112
94,152,click,2,112
498,134,click,2,112
497,84,view,1,112
49,152,view,1,112
126,108,purchase,5,112
126,95,click,2,112
281,138,cart,3,112
83,118,click,2,112
126,118,purchase,5,112
153,168,purchase,5,112
123,196,view,1,112
15,34,view,1,112
454,45,cart,3,112
15,152,click,2,112
233,134,view,1,112
251,81,cart,3,112
251,81,view,1,112
56,5,click,2,112
97,123,cart,3,112
182,62,purchase,5,112
396,81,view,1,112
463,180,click,2,112
29,8,view,1,112
348,148,view,1,112
488,43,click,2,112
403,167,click,2,112
477,143,view,1,112
477,143,view,1,112
148,164,cart,3,112
137,152,view,1,112
495,88,cart,3,112
436,88,click,2,112
79,48,cart,3,112
348,97,view,1,112
278,174,cart,3,112
70,81,view,1,112
318,67,view,1,112
6,134,click,2,112
356,134,view,1,112
121,164,cart,3,112
66,81,view,1,112
217,103,click,2,112
44,105,cart,3,112
15,152,cart,3,112
162,109,view,1,112
149,48,click,2,112
237,34,click,2,112
459,180,view,1,112
166,180,click,2,112
459,161,purchase,5,112
238,105,click,2,112
333,95,view,1,112
466,36,cart,3,112
491,9,cart,3,112
100,79,view,1,112
135,18,cart,3,112
305,171,view,1,112
378,121,view,1,112
197,16,view,1,112
331,49,click,2,112
28,22,view,1,112
201,105,view,1,112
6,96,view,1,112
493,164,view,1,112
493,166,click,2,112
384,134,cart,3,112
39,88,view,1,112
191,46,view,1,112
61,22,view,1,112
439,118,view,1,112
257,27,purchase,5,112
454,168,click,2,112
67,134,purchase,5,112
121,134,purchase,5,112
250,176,view,1,112
174,81,click,2,112
163,105,click,2,112
163,61,click,2,112
287,67,view,1,112
131,5,view,1,112
204,60,click,2,112
310,126,cart,3,112
300,81,cart,3,112
110,145,view,1,112
367,13,purchase,5,112
344,129,click,2,112
393,67,click,2,112
390,160,view,1,112
432,9,click,2,112
474,105,click,2,112
475,152,view,1,112
293,189,view,1,112
433,105,view,1,112
212,164,view,1,112
55,88,click,2,112
301,132,cart,3,112
213,134,purchase,5,112
363,152,view,1,112
365,134,purchase,5,112
109,129,purchase,5,112
41,43,view,1,112
386,168,view,1,112
347,129,view,1,112
108,134,cart,3,112
394,146,click,2,112
340,160,click,2,112
74,77,view,1,113
395,90,view,1,113
275,5,click,2,113
448,67,view,1,113
223,94,purchase,5,113
56,167,cart,3,113
427,67,view,1,113
158,8,purchase,5,113
21,107,cart,3,113
364,194,purchase,5,113
223,81,view,1,113
22,86,cart,3,113
435,5,click,2,113
180,103,cart,3,113
260,34,click,2,113
435,81,click,2,113
145,22,view,1,113
64,35,purchase,5,113
205,134,click,2,113
249,18,view,1,113
440,70,view,1,113
404,109,click,2,113
13,165,view,1,113
250,21,view,1,113
404,34,click,2,113
312,105,purchase,5,113
194,132,view,1,113
330,52,view,1,113
51,72,cart,3,113
430,174,cart,3,113
143,168,view,1,113
52,180,view,1,113
163,156,view,1,113
14,168,view,1,113
418,13,view,1,113
412,180,view,1,113
235,113,click,2,113
255,36,click,2,113
176,164,click,2,113
66,121,click,2,113
203,118,cart,3,113
481,81,click,2,113
41,43,view,1,113
7,132,view,1,113
361,70,click,2,113
282,134,purchase,5,113
319,117,click,2,113
356,134,cart,3,113
24,184,purchase,5,113
198,7,view,1,113
477,29,view,1,113
187,43,cart,3,113
422,180,view,1,113
40,51,view,1,113
437,67,cart,3,113
214,105,cart,3,113
487,34,view,1,113
378,85,cart,3,113
42,70,view,1,113
100,164,view,1,113
378,189,click,2,113
135,5,view,1,113
378,123,view,1,113
98,79,cart,3,113
334,112,view,1,113
427,67,view,1,113
303,5,view,1,113
163,105,click,2,113
65,134,click,2,113
192,134,view,1,113
46,105,click,2,113
460,30,cart,3,113
289,168,cart,3,113
145,89,click,2,113
90,160,cart,3,113
291,86,view,1,113
2,81,view,1,113
338,67,purchase,5,113
206,18,purchase,5,113
290,92,view,1,113
387,164,click,2,113
488,178,view,1,113
19,150,view,1,113
182,180,view,1,113
112,194,click,2,113
56,152,view,1,113
2,188,purchase,5,113
498,134,view,1,113
455,5,click,2,113
260,34,view,1,113
4,87,view,1,113
144,75,click,2,113
499,85,view,1,113
285,134,click,2,113
6,122,view,1,113
153,116,view,1,113
426,152,view,1,113
69,45,cart,3,113
68,13,cart,3,113
304,94,view,1,113
157,35,view,1,113
178,90,cart,3,113
182,48,click,2,113
19,22,cart,3,113
98,166,purchase,5,113
189,45,view,1,114
227,134,view,1,114
331,133,view,1,114
59,45,view,1,114
37,43,view,1,114
250,105,cart,3,114
176,67,click,2,114
390,48,purchase,5,114
371,43,click,2,114
222,30,click,2,114
347,129,view,1,114
109,134,cart,3,114
4,200,view,1,114
85,34,purchase,5,114
274,45,click,2,114
390,81,purchase,5,114
220,129,view,1,114
351,166,cart,3,114
105,132,cart,3,114
286,143,view,1,114
67,171,view,1,114
170,67,click,2,114
243,72,view,1,114
362,45,click,2,114
115,34,click,2,114
108,180,view,1,114
356,125,view,1,114
327,4,click,2,114
319,54,view,1,114
153,13,click,2,114
416,67,view,1,114
327,134,purchase,5,114
193,134,view,1,114
286,67,view,1,114
15,152,purchase,5,114
406,193,view,1,114
406,67,cart,3,114
122,34,click,2,114
177,13,view,1,114
118,103,cart,3,114
118,171,view,1,114
466,5,view,1,114
357,34,click,2,114
357,89,click,2,114
377,159,view,1,114
423,192,click,2,114
479,164,view,1,114
333,84,view,1,114
187,135,purchase,5,114
226,181,view,1,114
57,5,cart,3,114
455,13,purchase,5,114
268,129,click,2,114
436,18,view,1,114
288,180,click,2,114
495,180,click,2,114
359,5,cart,3,114
497,157,view,1,114
432,134,click,2,114
249,125,cart,3,114
212,133,view,1,114
322,82,view,1,114
25,132,click,2,114
97,134,purchase,5,114
291,45,view,1,114
288,45,view,1,114
35,84,view,1,114
437,192,view,1,114
165,154,view,1,114
139,80,view,1,114
301,126,view,1,114
460,84,cart,3,114
191,13,view,1,114
484,87,click,2,114
46,167,click,2,114
267,29,click,2,114
476,185,view,1,114
352,171,click,2,114
97,125,click,2,114
319,2,view,1,114
276,86,cart,3,114
333,16,cart,3,114
99,63,view,1,114
28,54,click,2,114
337,168,view,1,114
73,105,view,1,114
343,4,click,2,114
267,105,view,1,114
38,34,click,2,114
300,160,purchase,5,114
353,188,click,2,114
6,114,purchase,5,114
216,45,click,2,114
484,191,view,1,114
371,23,view,1,114
242,67,cart,3,114
292,152,cart,3,114
92,134,click,2,114
499,120,view,1,114
4,34,view,1,115
294,152,view,1,115
293,134,click,2,115
293,118,cart,3,115
499,132,click,2,115
1,9,click,2,115
297,132,cart,3,115
143,86,cart,3,115
489,63,view,1,115
21,48,view,1,115
477,124,click,2,115
148,86,view,1,115
191,13,view,1,115
289,81,view,1,115
420,51,view,1,115
265,81,view,1,115
383,67,purchase,5,115
89,143,cart,3,115
307,81,view,1,115
263,134,click,2,115
195,34,view,1,115
202,67,view,1,115
268,44,click,2,115
410,112,view,1,115
340,22,view,1,115
15,180,view,1,115
348,162,view,1,115
76,190,view,1,115
121,125,cart,3,115
437,67,view,1,115
408,67,purchase,5,115
154,81,purchase,5,115
454,160,cart,3,115
82,70,view,1,115
414,120,click,2,115
213,134,view,1,115
165,134,click,2,115
427,181,view,1,115
79,180,view,1,115
434,39,cart,3,115
463,48,click,2,115
347,174,view,1,115
446,137,view,1,115
118,105,view,1,115
487,152,view,1,115
191,36,view,1,115
422,45,cart,3,115
114,81,cart,3,115
261,48,cart,3,115
173,63,purchase,5,115
440,180,view,1,115
356,107,click,2,115
128,184,view,1,115
104,143,view,1,115
469,59,view,1,115
495,67,click,2,115
165,70,view,1,115
123,95,click,2,115
278,34,cart,3,115
466,5,click,2,115
332,95,click,2,115
26,77,view,1,115
386,34,purchase,5,115
451,165,view,1,115
146,150,click,2,115
240,105,view,1,115
89,44,view,1,115
429,50,view,1,115
242,67,cart,3,115
53,13,view,1,115
181,123,view,1,115
450,134,purchase,5,115
8,175,view,1,115
390,19,purchase,5,115
200,89,view,1,115
220,81,click,2,115
343,129,click,2,115
313,164,purchase,5,115
236,67,click,2,115
47,18,cart,3,115
70,13,view,1,115
64,134,view,1,115
380,22,click,2,115
499,43,view,1,115
498,29,cart,3,115
4,171,view,1,115
206,5,click,2,115
366,86,cart,3,115
40,84,click,2,115
27,5,cart,3,115
247,124,view,1,115
1,141,cart,3,115
85,74,purchase,5,115
496,84,view,1,115
344,45,click,2,115
294,104,click,2,115
214,62,view,1,115
363,160,click,2,115
86,81,view,1,115
166,138,click,2,115
47,29,view,1,115
233,67,click,2,115
127,131,click,2,115
128,56,cart,3,115
402,29,click,2,115
309,180,cart,3,115
218,38,view,1,115
275,105,view,1,115
335,152,cart,3,115
115,63,view,1,115
386,86,click,2,115
372,160,view,1,116
468,22,cart,3,116
474,67,click,2,116
265,133,click,2,116
99,34,view,1,116
35,134,cart,3,116
363,200,cart,3,116
307,35,view,1,116
13,64,click,2,116
442,195,view,1,116
194,16,view,1,116
25,43,cart,3,116
436,180,click,2,116
81,45,purchase,5,116
246,108,view,1,116
129,70,view,1,116
74,97,view,1,116
107,157,view,1,116
42,180,click,2,116
117,34,click,2,116
178,134,click,2,116
134,99,cart,3,116
478,88,view,1,116
479,164,view,1,116
416,1,view,1,116
145,97,view,1,116
49,57,click,2,116
260,105,click,2,116
416,82,click,2,116
348,132,view,1,116
271,97,view,1,116
7,126,click,2,116
380,5,click,2,116
261,134,click,2,116
472,44,cart,3,116
99,169,cart,3,116
470,63,click,2,116
14,134,click,2,116
39,35,purchase,5,116
73,61,click,2,116
252,180,view,1,116
283,152,view,1,116
182,121,view,1,116
347,7,click,2,116
356,134,view,1,116
24,29,click,2,116
7,120,view,1,116
88,34,cart,3,116
302,160,view,1,116
268,92,cart,3,116
384,134,purchase,5,116
352,166,purchase,5,116
495,67,cart,3,116
138,109,purchase,5,116
238,105,cart,3,116
151,77,cart,3,116
138,90,click,2,116
131,22,click,2,116
489,113,purchase,5,116
94,105,cart,3,116
369,164,cart,3,116
489,81,view,1,116
466,167,view,1,116
215,34,view,1,116
70,46,click,2,116
4,18,click,2,116
440,107,view,1,116
414,76,view,1,116
447,105,click,2,116
12,34,view,1,116
79,35,purchase,5,116
363,22,click,2,116
345,118,purchase,5,116
199,134,cart,3,116
78,43,click,2,116
323,84,view,1,116
124,118,view,1,116
107,164,click,2,116
318,5,cart,3,116
71,13,cart,3,116
447,48,cart,3,116
390,67,purchase,5,116
161,48,cart,3,116
499,84,click,2,116
4,152,click,2,116
251,13,cart,3,116
393,166,cart,3,116
221,134,purchase,5,116
252,126,view,1,116
497,166,view,1,116
1,48,click,2,117
166,105,click,2,117
4,22,view,1,117
6,160,purchase,5,117
46,22,click,2,117
203,189,cart,3,117
114,81,cart,3,117
277,13,view,1,117
488,45,view,1,117
495,85,click,2,117
423,34,purchase,5,117
178,108,click,2,117
155,157,view,1,117
155,164,click,2,117
155,138,cart,3,117
48,120,click,2,117
246,200,view,1,117
331,67,view,1,117
331,152,click,2,117
406,171,view,1,117
123,59,view,1,117
427,59,click,2,117
136,180,view,1,117
304,45,view,1,117
96,160,view,1,117
166,11,click,2,117
394,46,click,2,117
223,167,view,1,117
395,164,click,2,117
73,39,view,1,117
129,149,view,1,117
241,43,view,1,117
166,126,view,1,117
144,99,cart,3,117
246,134,view,1,117
361,77,click,2,117
404,34,view,1,117
331,157,view,1,117
13,149,view,1,117
278,63,click,2,117
404,200,view,1,117
201,105,view,1,117
138,43,view,1,117
400,67,view,1,117
360,23,view,1,117
57,167,cart,3,117
58,70,view,1,117
237,149,purchase,5,117
444,45,view,1,117
414,2,view,1,117
310,70,cart,3,117
358,160,view,1,117
401,48,cart,3,117
333,132,click,2,117
334,43,purchase,5,117
413,126,cart,3,117
263,140,view,1,117
258,160,view,1,117
437,34,cart,3,117
472,84,cart,3,117
352,164,view,1,117
382,55,click,2,117
493,143,click,2,117
380,22,click,2,117
282,133,click,2,117
100,67,view,1,117
21,84,view,1,117
441,43,purchase,5,117
416,16,click,2,117
224,29,view,1,117
21,180,cart,3,117
45,166,purchase,5,117
317,134,purchase,5,117
113,35,purchase,5,117
18,112,view,1,117
167,134,view,1,117
417,34,view,1,117
205,34,view,1,117
300,22,cart,3,117
434,89,click,2,117
206,143,cart,3,117
499,164,cart,3,117
145,168,click,2,117
260,129,purchase,5,117
344,34,view,1,117
390,67,cart,3,117
94,29,cart,3,117
59,174,cart,3,117
74,43,view,1,117
283,34,cart,3,117
310,7,click,2,117
327,9,view,1,117
496,132,purchase,5,117
289,13,cart,3,117
425,157,view,1,117
257,5,view,1,117
59,129,view,1,117
489,200,view,1,117
431,34,click,2,117
475,85,view,1,117
52,107,view,1,117
141,62,view,1,117
243,79,view,1,117
429,160,click,2,118
327,70,purchase,5,118
407,180,purchase,5,118
24,105,cart,3,118
145,86,cart,3,118
455,200,view,1,118
496,108,click,2,118
479,67,view,1,118
220,63,view,1,118
368,159,view,1,118
420,7,view,1,118
455,77,purchase,5,118
129,35,view,1,118
326,84,view,1,118
366,22,cart,3,118
368,132,view,1,118
43,171,click,2,118
319,86,click,2,118
308,185,view,1,118
20,152,view,1,118
445,181,view,1,118
139,35,view,1,118
54,77,click,2,118
20,167,view,1,118
21,43,click,2,118
387,164,view,1,118
472,134,view,1,118
299,80,click,2,118
110,159,click,2,118
390,143,cart,3,118
354,5,view,1,118
382,81,click,2,118
188,34,purchase,5,118
240,81,click,2,118
38,134,click,2,118
68,69,view,1,118
384,134,view,1,118
443,134,purchase,5,118
25,44,cart,3,118
302,81,click,2,118
348,86,click,2,118
275,81,click,2,118
235,134,view,1,118
149,85,cart,3,118
173,34,view,1,118
144,134,cart,3,118
118,124,view,1,118
459,48,view,1,118
412,62,purchase,5,118
332,169,cart,3,118
335,105,cart,3,118
427,67,view,1,118
173,63,view,1,118
117,129,view,1,118
117,34,click,2,118
13,118,click,2,118
88,34,cart,3,118
163,105,view,1,118
483,70,click,2,118
373,81,purchase,5,118
412,180,click,2,118
137,35,cart,3,118
89,83,cart,3,118
340,126,view,1,118
447,180,view,1,118
15,152,view,1,118
153,149,click,2,118
6,15,view,1,118
337,200,view,1,118
4,152,click,2,118
225,18,purchase,5,118
215,174,view,1,118
32,77,view,1,118
498,65,view,1,118
1,180,click,2,118
498,134,click,2,118
287,134,click,2,118
255,81,view,1,118
254,105,view,1,118
382,43,view,1,118
327,118,view,1,118
123,67,purchase,5,118
268,30,click,2,118
331,18,view,1,118
48,43,click,2,118
425,67,view,1,118
473,34,click,2,118
484,152,cart,3,118
14,168,click,2,118
138,120,click,2,118
214,105,view,1,118
455,189,click,2,118
64,118,purchase,5,118
181,180,view,1,118
362,67,view,1,118
107,67,view,1,118
331,133,view,1,118
214,107,click,2,119
227,126,click,2,119
422,168,cart,3,119
442,13,purchase,5,119
348,86,click,2,119
435,152,view,1,119
255,29,purchase,5,119
449,84,cart,3,119
368,200,view,1,119
1,174,click,2,119
94,58,cart,3,119
44,84,click,2,119
417,34,view,1,119
21,5,view,1,119
261,45,click,2,119
191,180,cart,3,119
432,134,cart,3,119
52,161,view,1,119
80,81,view,1,119
145,97,click,2,119
9,176,click,2,119
263,134,view,1,119
474,67,view,1,119
1,48,click,2,119
221,2,cart,3,119
265,166,click,2,119
453,160,view,1,119
23,165,click,2,119
110,54,purchase,5,119
431,129,view,1,119
475,152,cart,3,119
394,105,cart,3,119
109,70,view,1,119
189,134,cart,3,119
158,67,view,1,119
388,117,view,1,119
195,171,click,2,119
227,8,view,1,119
456,157,view,1,119
384,143,view,1,119
65,18,click,2,119
58,121,click,2,119
306,45,view,1,119
138,70,view,1,119
107,67,cart,3,119
386,86,click,2,119
350,152,click,2,119
484,129,view,1,119
7,25,view,1,119
321,152,click,2,119
157,13,purchase,5,119
223,160,view,1,119
447,46,view,1,119
249,143,view,1,119
245,70,view,1,119
443,43,purchase,5,119
118,152,view,1,119
157,70,cart,3,119
230,174,view,1,119
373,77,cart,3,119
412,150,view,1,119
278,63,click,2,119
446,34,view,1,119
441,54,view,1,119
9,134,view,1,119
17,105,view,1,119
189,22,view,1,119
351,90,view,1,119
108,70,click,2,119
288,17,view,1,119
331,67,click,2,119
111,134,cart,3,119
89,54,click,2,119
23,90,view,1,119
108,70,view,1,119
468,105,view,1,119
463,48,click,2,119
90,105,purchase,5,119
240,105,view,1,119
414,54,click,2,119
70,5,click,2,119
83,5,view,1,119
494,77,click,2,119
447,107,cart,3,119
352,79,cart,3,119
225,70,view,1,119
416,84,click,2,119
428,67,view,1,119
450,149,click,2,119
124,134,click,2,119
450,150,view,1,119
292,34,cart,3,119
47,162,view,1,119
166,47,click,2,119
500,94,click,2,120
432,180,cart,3,120
91,156,click,2,120
294,152,view,1,120
365,173,view,1,120
212,70,purchase,5,120
211,129,cart,3,120
497,95,view,1,120
294,34,view,1,120
243,43,cart,3,120
352,41,cart,3,120
138,134,view,1,120
477,156,view,1,120
476,149,click,2,120
148,134,view,1,120
426,105,view,1,120
436,67,click,2,120
351,67,cart,3,120
57,152,view,1,120
136,35,view,1,120
19,86,click,2,120
238,105,view,1,120
437,165,click,2,120
224,105,view,1,120
369,100,view,1,120
111,134,view,1,120
73,29,view,1,120
347,152,click,2,120
59,86,purchase,5,120
286,167,view,1,120
308,45,purchase,5,120
40,67,click,2,120
272,180,view,1,120
28,94,click,2,120
253,155,view,1,120
463,35,click,2,120
146,164,view,1,120
434,160,click,2,120
379,77,cart,3,120
101,95,view,1,120
356,134,click,2,120
470,34,view,1,120
101,90,click,2,120
66,100,click,2,120
194,129,cart,3,120
68,22,purchase,5,120
328,13,cart,3,120
486,62,click,2,120
105,16,view,1,120
167,134,click,2,120
362,160,purchase,5,120
98,81,click,2,120
241,120,purchase,5,120
263,105,cart,3,120
454,22,view,1,120
263,13,cart,3,120
38,44,click,2,120
319,160,click,2,120
126,160,view,1,120
336,35,view,1,120
337,94,click,2,120
466,15,view,1,120
337,147,cart,3,120
338,29,view,1,120
482,164,view,1,120
420,18,view,1,120
415,124,view,1,120
423,152,view,1,120
187,132,view,1,120
421,5,view,1,120
278,105,cart,3,120
13,150,purchase,5,120
334,29,click,2,120
27,81,purchase,5,120
251,5,purchase,5,120
251,81,click,2,120
334,180,view,1,120
334,192,view,1,120
293,134,view,1,120
242,111,view,1,120
126,63,click,2,120
459,85,click,2,120
437,132,purchase,5,120
157,48,view,1,120
165,148,view,1,120
348,22,view,1,120
213,105,click,2,120
163,105,click,2,120
352,85,cart,3,120
192,34,view,1,120
15,152,purchase,5,120
54,5,click,2,120
20,5,click,2,120
290,113,click,2,120
25,63,view,1,120
43,105,view,1,120
127,5,view,1,120
307,5,view,1,120
359,15,cart,3,120
414,24,view,1,120
249,105,purchase,5,120
260,134,click,2,120
345,134,click,2,120
243,84,view,1,120
40,71,view,1,120
392,134,click,2,120
76,22,view,1,120
281,167,view,1,120
408,10,view,1,120
324,90,click,2,120
325,166,view,1,120
490,143,cart,3,120
431,152,click,2,120
53,48,click,2,120
432,155,view,1,120
9,134,view,1,120
53,134,view,1,120
479,181,cart,3,120
311,168,view,1,120
237,45,view,1,120
312,45,click,2,120
285,134,view,1,120
249,44,click,2,120
438,167,cart,3,120
220,13,cart,3,120
177,43,cart,3,121
390,150,purchase,5,121
311,160,click,2,121
477,29,click,2,121
85,192,view,1,121
479,67,cart,3,121
244,138,view,1,121
297,54,cart,3,121
454,45,view,1,121
180,29,click,2,121
166,35,click,2,121
406,166,view,1,121
449,120,view,1,121
163,61,click,2,121
327,35,click,2,121
432,88,click,2,121
155,164,view,1,121
442,40,view,1,121
122,168,view,1,121
403,16,view,1,121
428,55,click,2,121
104,70,purchase,5,121
263,105,click,2,121
15,87,view,1,121
42,70,cart,3,121
108,48,purchase,5,121
5,135,view,1,121
429,45,click,2,121
499,43,cart,3,121
260,134,view,1,121
449,132,view,1,121
345,134,cart,3,121
403,134,cart,3,121
332,79,purchase,5,121
484,174,view,1,121
277,84,view,1,121
115,34,cart,3,121
483,105,click,2,121
63,200,view,1,121
197,159,cart,3,121
466,46,view,1,121
38,48,view,1,121
4,34,view,1,121
453,185,click,2,121
440,88,click,2,121
220,81,view,1,121
40,132,view,1,121
401,159,cart,3,121
203,105,click,2,121
324,45,cart,3,121
454,160,cart,3,121
249,195,cart,3,121
47,67,click,2,121
384,81,click,2,121
359,81,view,1,121
202,67,purchase,5,121
404,34,cart,3,121
331,67,cart,3,121
227,148,view,1,121
197,16,view,1,121
79,35,view,1,121
360,169,click,2,121
386,45,view,1,121
404,132,view,1,121
124,134,view,1,121
126,105,cart,3,121
41,16,view,1,121
263,105,click,2,121
415,118,view,1,121
336,70,view,1,121
251,13,view,1,121
27,167,click,2,121
366,89,view,1,121
306,160,view,1,121
57,67,purchase,5,121
229,134,click,2,121
203,29,view,1,121
440,81,click,2,121
339,77,view,1,121
199,134,cart,3,121
161,57,view,1,121
190,103,click,2,121
286,63,cart,3,121
78,134,cart,3,121
348,45,click,2,121
2,132,view,1,121
49,164,view,1,121
500,86,view,1,121
1,126,view,1,121
211,152,view,1,121
431,34,view,1,121
1,88,view,1,121
431,152,view,1,121
206,18,click,2,121
498,80,view,1,121
2,13,cart,3,121
48,159,click,2,121
122,86,cart,3,121
426,34,view,1,121
407,67,cart,3,121
59,150,view,1,121
129,9,click,2,121
347,26,cart,3,121
461,81,purchase,5,121
291,81,click,2,121
356,134,view,1,121
214,85,cart,3,121
354,179,click,2,121
229,134,view,1,121
331,129,view,1,121
121,34,purchase,5,121
25,2,view,1,121
254,67,cart,3,121
386,70,view,1,121
317,160,view,1,121
123,166,cart,3,122
200,166,click,2,122
327,35,view,1,122
324,22,click,2,122
164,132,view,1,122
273,121,cart,3,122
76,134,view,1,122
30,134,cart,3,122
24,105,view,1,122
377,144,view,1,122
483,35,view,1,122
292,34,click,2,122
392,134,purchase,5,122
268,34,cart,3,122
71,132,view,1,122
13,117,cart,3,122
263,180,cart,3,122
447,126,view,1,122
447,29,view,1,122
12,5,cart,3,122
447,105,view,1,122
157,112,click,2,122
29,180,view,1,122
5,18,view,1,122
481,34,view,1,122
58,45,purchase,5,122
276,86,view,1,122
415,167,view,1,122
128,13,cart,3,122
279,70,view,1,122
360,67,click,2,122
80,77,purchase,5,122
13,185,view,1,122
4,104,view,1,122
405,152,cart,3,122
466,43,view,1,122
360,81,cart,3,122
203,55,view,1,122
64,99,view,1,122
161,7,click,2,122
487,7,view,1,122
165,134,view,1,122
192,82,click,2,122
213,134,click,2,122
97,134,purchase,5,122
308,105,purchase,5,122
319,43,view,1,122
147,134,view,1,122
272,141,view,1,122
327,85,view,1,122
440,167,view,1,122
110,43,cart,3,122
38,146,cart,3,122
76,34,click,2,122
429,45,purchase,5,122
94,58,view,1,122
28,45,view,1,122
155,164,click,2,122
279,180,view,1,122
405,34,click,2,122
356,134,view,1,122
96,134,view,1,122
177,43,click,2,122
177,2,cart,3,122
434,105,view,1,122
146,22,cart,3,122
84,79,click,2,122
300,94,view,1,122
356,65,view,1,122
353,81,view,1,122
405,92,view,1,122
120,134,view,1,122
162,132,view,1,122
405,200,view,1,122
328,67,view,1,122
98,181,view,1,122
244,67,view,1,122
423,34,view,1,122
72,1,view,1,122
465,46,view,1,122
456,152,view,1,122
347,152,view,1,122
49,57,click,2,122
282,67,view,1,122
316,5,view,1,122
176,152,click,2,122
420,67,view,1,122
17,47,view,1,122
129,85,click,2,122
109,129,view,1,122
490,137,view,1,122
418,5,view,1,122
477,81,click,2,122
294,37,click,2,122
477,119,view,1,122
492,100,cart,3,122
351,34,cart,3,122
268,129,view,1,122
451,45,view,1,122
255,13,click,2,122
29,134,view,1,122
352,79,click,2,122
294,152,click,2,122
212,67,click,2,123
246,134,cart,3,123
84,123,view,1,123
101,118,click,2,123
340,126,purchase,5,123
74,116,view,1,123
276,45,click,2,123
387,67,click,2,123
222,10,click,2,123
298,13,view,1,123
297,43,click,2,123
339,167,purchase,5,123
172,105,view,1,123
27,81,purchase,5,123
455,74,view,1,123
366,45,view,1,123
372,29,view,1,123
89,117,view,1,123
340,34,view,1,123
339,81,view,1,123
489,7,cart,3,123
10,172,cart,3,123
111,134,cart,3,123
9,164,view,1,123
336,77,view,1,123
271,96,view,1,123
292,152,cart,3,123
435,152,view,1,123
179,120,cart,3,123
73,29,cart,3,123
27,67,click,2,123
279,88,view,1,123
108,48,view,1,123
79,126,cart,3,123
49,193,view,1,123
96,174,purchase,5,123
97,54,view,1,123
83,108,view,1,123
416,152,view,1,123
282,181,click,2,123
45,17,cart,3,123
481,142,click,2,123
18,81,cart,3,123
440,180,view,1,123
216,22,cart,3,123
403,54,view,1,123
301,186,click,2,123
55,72,view,1,123
20,73,view,1,123
147,1,view,1,123
13,159,view,1,123
80,59,purchase,5,123
79,126,click,2,123
348,172,view,1,123
258,3,click,2,123
373,77,click,2,123
427,67,purchase,5,123
374,162,view,1,123
374,27,view,1,123
487,200,view,1,123
250,29,view,1,123
66,134,purchase,5,123
254,105,view,1,123
351,39,view,1,123
105,13,click,2,123
203,84,cart,3,123
101,67,click,2,123
453,160,cart,3,123
125,67,cart,3,123
414,182,click,2,123
415,66,view,1,123
237,168,view,1,123
378,105,click,2,123
86,40,click,2,123
289,160,view,1,123
476,114,view,1,123
56,152,view,1,123
238,47,click,2,123
154,80,cart,3,123
124,134,view,1,123
231,105,cart,3,123
484,188,view,1,123
325,85,cart,3,123
14,134,view,1,123
495,67,view,1,123
454,121,click,2,123
449,43,view,1,123
211,152,view,1,123
1,34,view,1,123
498,105,click,2,123
260,123,view,1,123
368,67,purchase,5,123
237,150,view,1,123
236,164,view,1,123
236,67,view,1,123
310,9,cart,3,123
9,134,purchase,5,123
9,134,click,2,123
345,134,click,2,123
109,134,view,1,123
499,180,cart,3,124
260,134,cart,3,124
294,124,purchase,5,124
90,103,click,2,124
211,192,view,1,124
498,177,view,1,124
470,168,purchase,5,124
137,35,click,2,124
173,152,view,1,124
412,180,view,1,124
470,54,cart,3,124
440,81,cart,3,124
9,140,click,2,124
432,123,cart,3,124
463,107,click,2,124
337,152,click,2,124
340,168,view,1,124
111,134,view,1,124
341,18,click,2,124
276,149,purchase,5,124
73,105,view,1,124
75,70,click,2,124
348,134,view,1,124
477,81,view,1,124
137,148,click,2,124
56,34,click,2,124
305,29,cart,3,124
187,134,view,1,124
469,67,click,2,124
65,110,view,1,124
230,29,view,1,124
163,110,view,1,124
348,86,cart,3,124
351,67,click,2,124
90,105,click,2,124
434,94,purchase,5,124
255,5,view,1,124
217,105,view,1,124
289,45,view,1,124
226,67,view,1,124
134,134,click,2,124
420,95,click,2,124
386,160,cart,3,124
332,79,view,1,124
18,13,click,2,124
108,48,view,1,124
317,4,cart,3,124
401,147,purchase,5,124
496,35,cart,3,124
199,96,purchase,5,124
449,43,purchase,5,124
79,48,click,2,124
223,13,cart,3,124
222,43,view,1,124
414,43,view,1,124
491,180,click,2,124
38,84,view,1,124
38,16,click,2,124
215,105,view,1,124
30,51,view,1,124
217,105,view,1,124
351,57,click,2,124
457,134,view,1,124
144,134,cart,3,124
384,134,view,1,124
397,167,click,2,124
436,80,click,2,124
118,171,view,1,124
456,129,view,1,124
200,134,purchase,5,124
35,134,purchase,5,124
417,152,click,2,124
235,113,view,1,124
283,88,cart,3,124
315,180,view,1,124
439,5,cart,3,124
93,48,cart,3,124
226,182,view,1,124
449,132,cart,3,124
344,22,click,2,124
244,79,view,1,124
121,75,click,2,124
194,132,click,2,124
486,5,purchase,5,124
23,31,cart,3,124
139,67,cart,3,124
139,48,purchase,5,124
487,129,view,1,124
198,168,view,1,124
433,105,click,2,124
361,102,click,2,124
291,45,view,1,124
333,90,view,1,124
445,70,view,1,124
59,81,click,2,124
265,36,view,1,124
243,190,purchase,5,124
294,34,cart,3,124
294,152,click,2,124
51,44,cart,3,124
80,58,view,1,124
279,48,click,2,124
166,70,cart,3,125
252,70,cart,3,125
245,48,view,1,125
268,152,cart,3,125
10,22,view,1,125
35,118,click,2,125
13,115,click,2,125
245,105,cart,3,125
145,22,view,1,125
435,152,cart,3,125
65,105,click,2,125
459,35,view,1,125
52,126,cart,3,125
144,118,click,2,125
489,152,purchase,5,125
109,96,view,1,125
480,85,view,1,125
367,81,purchase,5,125
489,129,click,2,125
489,147,view,1,125
469,67,view,1,125
192,43,view,1,125
237,22,view,1,125
281,180,click,2,125
250,105,click,2,125
56,152,cart,3,125
79,35,purchase,5,125
349,91,view,1,125
354,81,view,1,125
83,8,cart,3,125
101,67,view,1,125
191,5,view,1,125
69,45,view,1,125
480,48,cart,3,125
6,134,cart,3,125
495,134,view,1,125
229,106,click,2,125
408,197,click,2,125
327,121,view,1,125
442,195,click,2,125
278,102,cart,3,125
331,67,view,1,125
73,105,view,1,125
186,45,click,2,125
268,129,cart,3,125
83,81,purchase,5,125
21,16,click,2,125
25,84,view,1,125
25,44,cart,3,125
199,134,view,1,125
218,23,view,1,125
362,160,cart,3,125
258,150,cart,3,125
40,43,click,2,125
219,11,view,1,125
402,89,click,2,125
347,161,view,1,125
463,48,view,1,125
280,113,cart,3,125
363,123,view,1,125
344,134,view,1,125
226,81,view,1,125
155,164,cart,3,125
40,157,cart,3,125
36,200,view,1,125
162,43,click,2,125
48,120,click,2,125
290,105,click,2,125
173,34,click,2,125
42,180,click,2,125
48,84,click,2,125
201,142,view,1,125
435,45,view,1,125
293,81,view,1,125
438,160,view,1,125
479,164,click,2,125
480,35,view,1,125
393,164,view,1,125
431,105,view,1,125
433,105,purchase,5,125
9,123,click,2,125
369,49,view,1,125
60,123,view,1,125
191,13,view,1,125
379,160,click,2,125
420,166,purchase,5,125
128,57,view,1,125
438,116,cart,3,125
317,134,view,1,125
110,129,view,1,125
131,77,view,1,126
131,150,view,1,126
283,180,purchase,5,126
418,195,cart,3,126
100,18,cart,3,126
316,190,cart,3,126
215,190,purchase,5,126
100,134,click,2,126
131,81,cart,3,126
265,199,cart,3,126
356,118,view,1,126
475,107,click,2,126
390,81,view,1,126
311,29,cart,3,126
188,7,cart,3,126
200,117,view,1,126
455,5,cart,3,126
427,164,cart,3,126
252,9,click,2,126
455,81,click,2,126
36,129,click,2,126
221,132,click,2,126
345,134,cart,3,126
431,34,click,2,126
5,105,click,2,126
202,67,click,2,126
434,105,click,2,126
229,189,view,1,126
472,134,view,1,126
229,134,click,2,126
212,164,view,1,126
269,114,click,2,126
386,165,click,2,126
493,166,purchase,5,126
128,156,click,2,126
58,25,click,2,126
279,35,view,1,126
252,48,cart,3,126
147,134,cart,3,126
428,164,view,1,126
402,157,view,1,126
309,48,purchase,5,126
322,134,purchase,5,126
233,138,view,1,126
126,51,view,1,126
406,67,view,1,126
280,134,view,1,126
138,30,view,1,126
195,200,view,1,126
197,71,click,2,126
408,132,cart,3,126
155,67,click,2,126
218,194,view,1,126
122,160,view,1,126
405,7,click,2,126
487,87,purchase,5,126
69,84,view,1,126
120,148,click,2,126
443,129,view,1,126
217,105,view,1,126
64,134,cart,3,126
318,188,purchase,5,126
18,195,view,1,126
18,143,view,1,126
493,79,cart,3,126
281,81,cart,3,126
422,45,view,1,126
174,29,click,2,126
235,13,cart,3,126
127,79,cart,3,126
112,57,click,2,126
496,62,view,1,126
218,105,click,2,126
371,43,view,1,126
354,105,view,1,126
96,134,view,1,126
334,105,view,1,126
115,152,cart,3,126
477,29,cart,3,126
65,29,view,1,126
199,102,click,2,126
387,152,view,1,126
123,131,view,1,126
148,138,purchase,5,126
250,105,cart,3,126
25,34,view,1,126
19,118,click,2,126
123,95,view,1,126
434,142,click,2,126
435,34,view,1,126
245,43,click,2,126
180,105,view,1,126
266,45,view,1,126
371,132,click,2,126
480,197,click,2,126
206,94,view,1,126
108,126,purchase,5,126
395,105,cart,3,126
111,125,click,2,126
489,148,view,1,126
345,113,view,1,126
389,134,click,2,126
223,81,cart,3,126
475,62,view,1,126
159,34,click,2,126
4,34,view,1,126
212,67,purchase,5,126
211,34,click,2,126
352,45,cart,3,126
209,143,cart,3,126
13,43,click,2,126
352,67,view,1,126
252,88,view,1,126
348,165,view,1,126
252,180,view,1,126
340,168,purchase,5,126
235,99,cart,3,127
417,34,view,1,127
206,67,click,2,127
42,67,view,1,127
302,46,view,1,127
487,192,click,2,127
67,105,cart,3,127
454,22,cart,3,127
368,157,view,1,127
344,149,view,1,127
9,54,view,1,127
48,16,click,2,127
481,184,click,2,127
29,102,click,2,127
6,117,view,1,127
237,129,view,1,127
279,85,view,1,127
58,70,view,1,127
218,10,cart,3,127
199,189,cart,3,127
241,128,cart,3,127
27,195,view,1,127
426,34,view,1,127
79,107,click,2,127
429,97,view,1,127
88,153,cart,3,127
453,22,click,2,127
229,118,view,1,127
403,152,click,2,127
217,101,purchase,5,127
227,45,view,1,127
308,155,view,1,127
319,189,cart,3,127
437,181,view,1,127
215,29,click,2,127
349,152,cart,3,127
66,9,view,1,127
88,34,view,1,127
403,84,click,2,127
277,10,cart,3,127
385,134,purchase,5,127
80,13,view,1,127
58,48,click,2,127
355,84,view,1,127
212,79,view,1,127
201,59,view,1,127
291,86,cart,3,127
138,122,view,1,127
206,90,cart,3,127
167,96,cart,3,127
288,89,view,1,127
245,43,view,1,127
28,45,view,1,127
5,44,cart,3,127
100,151,click,2,127
49,53,click,2,127
428,67,click,2,127
300,86,click,2,127
348,134,view,1,127
203,134,cart,3,127
15,123,view,1,127
18,81,click,2,127
217,105,view,1,127
73,105,click,2,127
431,174,click,2,127
340,45,cart,3,127
321,152,click,2,127
34,86,cart,3,127
192,134,view,1,127
181,99,cart,3,127
410,152,cart,3,127
412,43,view,1,127
459,48,click,2,127
324,45,view,1,127
93,70,cart,3,127
141,85,view,1,127
85,164,view,1,127
370,43,click,2,127
212,48,click,2,127
1,180,purchase,5,128
260,125,view,1,128
91,43,click,2,128
369,82,view,1,128
242,67,cart,3,128
261,88,purchase,5,128
473,129,purchase,5,128
181,134,cart,3,128
86,67,view,1,128
333,167,view,1,128
231,105,view,1,128
403,132,view,1,128
378,134,view,1,128
330,143,click,2,128
230,171,click,2,128
14,89,cart,3,128
428,27,purchase,5,128
101,51,purchase,5,128
13,94,view,1,128
257,167,view,1,128
277,2,cart,3,128
218,2,view,1,128
466,81,view,1,128
402,166,purchase,5,128
404,164,view,1,128
428,51,cart,3,128
351,166,cart,3,128
41,30,click,2,128
399,113,view,1,128
276,45,cart,3,128
403,53,purchase,5,128
414,132,cart,3,128
268,63,cart,3,128
73,105,cart,3,128
73,142,view,1,128
491,88,click,2,128
311,77,view,1,128
492,67,purchase,5,128
138,189,view,1,128
435,5,cart,3,128
128,105,view,1,128
244,67,view,1,128
437,67,cart,3,128
238,105,cart,3,128
425,131,purchase,5,128
480,43,purchase,5,128
420,88,purchase,5,128
201,194,view,1,128
145,22,click,2,128
145,22,view,1,128
111,134,view,1,128
108,35,click,2,128
424,180,click,2,128
188,152,cart,3,128
437,191,click,2,128
422,18,view,1,128
437,67,view,1,128
111,43,view,1,128
111,134,click,2,128
448,70,cart,3,128
273,9,view,1,128
490,43,click,2,128
345,134,view,1,128
220,34,click,2,128
246,134,click,2,128
24,137,view,1,128
180,22,cart,3,128
143,150,view,1,128
263,176,view,1,128
374,149,click,2,128
456,63,view,1,128
300,97,click,2,128
327,134,click,2,128
67,134,purchase,5,128
486,5,cart,3,128
327,134,click,2,128
407,59,purchase,5,128
66,164,click,2,128
404,34,purchase,5,128
250,105,view,1,128
442,81,click,2,129
20,81,cart,3,129
487,129,view,1,129
53,35,cart,3,129
261,62,view,1,129
260,101,view,1,129
72,19,cart,3,129
71,132,cart,3,129
249,134,click,2,129
73,167,view,1,129
112,57,cart,3,129
337,34,view,1,129
72,43,purchase,5,129
321,104,click,2,129
321,34,click,2,129
125,134,view,1,129
15,63,click,2,129
400,67,view,1,129
277,43,view,1,129
27,5,click,2,129
115,200,cart,3,129
103,48,view,1,129
353,181,view,1,129
115,134,cart,3,129
100,13,view,1,129
256,67,cart,3,129
29,75,view,1,129
241,16,click,2,129
354,167,view,1,129
203,29,click,2,129
203,123,view,1,129
217,29,view,1,129
193,90,view,1,129
65,184,purchase,5,129
115,34,click,2,129
157,81,cart,3,129
117,43,view,1,129
242,173,click,2,129
289,22,view,1,129
88,34,view,1,129
22,16,view,1,129
35,134,click,2,129
54,34,click,2,129
181,134,purchase,5,129
242,175,view,1,129
97,134,view,1,129
366,180,purchase,5,129
366,97,cart,3,129
437,95,cart,3,129
288,150,cart,3,129
183,86,view,1,129
460,72,cart,3,129
162,43,purchase,5,129
337,51,cart,3,129
384,134,view,1,129
166,121,cart,3,129
419,65,view,1,129
285,105,view,1,129
419,134,purchase,5,129
489,134,click,2,129
481,105,view,1,129
236,166,view,1,129
17,103,cart,3,129
311,160,view,1,129
352,131,view,1,129
461,143,cart,3,129
254,105,purchase,5,129
397,22,view,1,129
41,35,purchase,5,129
443,152,click,2,129
128,101,view,1,129
317,113,view,1,129
459,70,view,1,129
459,126,view,1,129
402,160,purchase,5,129
153,79,view,1,129
435,34,view,1,129
245,129,view,1,129
56,61,view,1,129
170,67,click,2,129
287,78,purchase,5,129
151,81,purchase,5,129
237,22,click,2,129
423,104,click,2,129
137,161,cart,3,129
224,29,view,1,129
178,123,click,2,129
178,134,purchase,5,129
449,16,purchase,5,129
108,79,purchase,5,129
490,7,purchase,5,129
48,43,click,2,129
473,174,cart,3,129
74,45,purchase,5,129
345,82,purchase,5,129
489,34,click,2,129
309,180,cart,3,129
310,126,view,1,129
300,22,view,1,129
366,45,purchase,5,129
24,124,view,1,129
432,85,view,1,129
431,192,view,1,129
141,126,purchase,5,129
98,19,view,1,129
496,126,view,1,129
68,94,view,1,129
68,22,click,2,129
122,59,click,2,129
228,105,cart,3,129
155,132,purchase,5,129
294,81,view,1,129
432,126,click,2,129
431,152,click,2,129
431,129,click,2,129
49,95,view,1,129
179,54,view,1,130
367,81,purchase,5,130
94,126,click,2,130
44,132,view,1,130
495,67,click,2,130
88,34,purchase,5,130
26,45,view,1,130
89,43,click,2,130
430,34,view,1,130
292,104,cart,3,130
470,34,view,1,130
4,174,view,1,130
96,134,click,2,130
456,129,view,1,130
437,157,view,1,130
271,22,click,2,130
394,134,purchase,5,130
199,134,click,2,130
252,48,cart,3,130
223,172,view,1,130
391,43,view,1,130
110,43,view,1,130
176,178,view,1,130
131,43,cart,3,130
348,125,view,1,130
47,113,view,1,130
399,113,purchase,5,130
40,166,view,1,130
57,133,click,2,130
318,55,view,1,130
128,105,cart,3,130
447,35,view,1,130
108,127,cart,3,130
254,105,click,2,130
186,44,cart,3,130
350,86,view,1,130
245,84,cart,3,130
48,44,view,1,130
23,22,view,1,130
138,134,view,1,130
244,149,click,2,130
252,35,view,1,130
46,77,view,1,130
285,134,click,2,130
395,67,view,1,130
448,141,click,2,130
73,43,view,1,130
160,81,view,1,130
162,84,click,2,130
249,77,view,1,130
488,43,view,1,130
72,43,cart,3,130
131,13,view,1,130
311,167,click,2,130
177,81,view,1,130
248,77,view,1,130
288,22,click,2,130
238,105,click,2,130
425,34,view,1,130
305,86,cart,3,130
162,152,click,2,130
425,67,view,1,130
109,174,cart,3,130
310,70,cart,3,130
440,35,click,2,130
441,120,view,1,130
61,134,view,1,130
242,134,view,1,130
65,105,click,2,130
54,34,click,2,130
302,97,view,1,130
323,51,cart,3,130
99,152,cart,3,130
86,89,click,2,130
165,134,click,2,130
87,134,view,1,130
227,134,view,1,130
15,152,view,1,130
117,7,purchase,5,130
455,5,click,2,130
415,96,purchase,5,130
277,180,cart,3,130
494,81,view,1,130
355,144,click,2,130
354,81,purchase,5,130
20,170,view,1,130
301,83,view,1,130
380,152,view,1,130
301,105,view,1,130
127,45,view,1,130
415,134,click,2,130
371,54,view,1,130
371,34,view,1,130
211,190,click,2,130
500,117,view,1,130
474,200,view,1,130
243,183,purchase,5,130
434,86,cart,3,130
428,133,view,1,130
118,29,view,1,130
25,104,view,1,130
281,5,cart,3,130
249,81,purchase,5,130
252,4,view,1,130
70,112,cart,3,130
167,134,click,2,131
388,160,purchase,5,131
238,61,cart,3,131
134,35,click,2,131
309,70,click,2,131
287,105,view,1,131
307,81,view,1,131
477,143,click,2,131
374,45,view,1,131
229,152,click,2,131
325,67,click,2,131
280,134,purchase,5,131
498,134,view,1,131
206,164,view,1,131
362,152,click,2,131
141,9,click,2,131
260,75,cart,3,131
165,113,click,2,131
136,132,view,1,131
387,95,click,2,131
28,105,click,2,131
161,78,cart,3,131
167,118,view,1,131
448,104,click,2,131
416,134,view,1,131
417,152,view,1,131
481,21,cart,3,131
283,141,view,1,131
316,67,click,2,131
29,184,click,2,131
241,152,purchase,5,131
218,63,click,2,131
41,132,click,2,131
450,22,click,2,131
348,82,view,1,131
218,30,click,2,131
236,67,view,1,131
13,45,cart,3,131
74,36,cart,3,131
80,36,click,2,131
57,81,purchase,5,131
424,48,view,1,131
309,105,view,1,131
200,164,click,2,131
490,34,view,1,131
424,58,cart,3,131
288,149,view,1,131
341,79,cart,3,131
423,129,cart,3,131
111,8,click,2,131
110,16,click,2,131
393,43,view,1,131
362,168,view,1,131
94,105,view,1,131
280,67,view,1,131
299,43,purchase,5,131
180,29,click,2,131
181,134,view,1,131
432,180,click,2,131
300,86,view,1,131
301,36,cart,3,131
115,129,cart,3,131
281,79,cart,3,131
226,166,cart,3,131
141,88,cart,3,131
289,35,view,1,131
217,105,view,1,131
215,29,purchase,5,131
115,152,view,1,131
322,48,cart,3,131
403,23,view,1,131
230,29,cart,3,131
412,89,view,1,131
250,124,view,1,131
328,13,click,2,131
442,195,cart,3,131
197,54,cart,3,131
251,5,view,1,131
279,126,view,1,131
376,166,click,2,131
226,45,view,1,131
113,152,click,2,131
126,105,view,1,131
65,29,view,1,131
194,94,purchase,5,131
414,132,cart,3,131
400,5,view,1,131
242,134,cart,3,131
242,18,view,1,131
99,152,click,2,131
358,45,cart,3,131
434,30,purchase,5,131
5,67,view,1,131
376,67,view,1,131
166,9,click,2,131
4,152,click,2,131
33,152,purchase,5,131
366,160,cart,3,131
497,81,click,2,131
369,79,cart,3,131
206,67,click,2,132
4,200,click,2,132
210,45,view,1,132
474,44,view,1,132
372,105,click,2,132
280,192,cart,3,132
496,152,cart,3,132
181,123,cart,3,132
404,152,click,2,132
468,105,cart,3,132
366,45,purchase,5,132
250,184,view,1,132
367,77,click,2,132
497,132,click,2,132
468,105,view,1,132
25,43,cart,3,132
64,134,cart,3,132
239,132,click,2,132
304,150,view,1,132
472,134,view,1,132
435,5,view,1,132
287,193,cart,3,132
255,164,view,1,132
382,13,view,1,132
383,79,view,1,132
104,18,click,2,132
390,164,cart,3,132
219,200,cart,3,132
444,152,cart,3,132
251,13,view,1,132
251,36,view,1,132
403,2,view,1,132
442,200,purchase,5,132
58,150,click,2,132
287,157,view,1,132
47,134,click,2,132
273,126,view,1,132
275,73,purchase,5,132
286,143,click,2,132
494,134,view,1,132
448,18,click,2,132
449,113,click,2,132
477,17,purchase,5,132
477,70,click,2,132
214,9,view,1,132
495,67,view,1,132
379,81,click,2,132
263,160,cart,3,132
359,13,click,2,132
301,77,view,1,132
54,143,view,1,132
214,11,click,2,132
17,105,view,1,132
157,180,click,2,132
163,3,view,1,132
163,39,view,1,132
453,89,cart,3,132
56,167,click,2,132
341,189,cart,3,132
27,81,purchase,5,132
464,105,view,1,132
27,132,click,2,132
112,12,view,1,132
246,134,click,2,132
450,7,view,1,132
437,67,purchase,5,132
354,5,click,2,132
380,94,view,1,132
48,43,click,2,132
357,180,click,2,132
100,79,view,1,132
205,8,view,1,132
265,5,view,1,132
354,13,view,1,132
84,2,click,2,132
115,7,purchase,5,132
203,105,view,1,132
30,189,click,2,132
82,35,view,1,132
380,160,view,1,132
454,45,click,2,132
267,61,click,2,132
336,157,cart,3,132
46,13,view,1,132
235,134,click,2,132
27,46,click,2,132
65,184,cart,3,132
233,30,purchase,5,132
126,85,click,2,132
199,134,click,2,132
438,70,cart,3,132
24,29,view,1,132
189,134,cart,3,132
96,125,view,1,132
431,151,view,1,132
180,59,click,2,132
108,180,click,2,132
78,70,view,1,132
370,84,click,2,132
8,34,view,1,132
201,105,view,1,132
65,29,click,2,132
322,105,view,1,132
123,123,cart,3,132
454,168,cart,3,132
53,81,click,2,132
263,123,cart,3,132
97,134,click,2,132
213,131,cart,3,132
372,105,view,1,132
371,44,view,1,133
454,149,purchase,5,133
495,35,view,1,133
496,180,purchase,5,133
374,105,view,1,133
165,134,cart,3,133
410,129,click,2,133
484,81,cart,3,133
66,134,purchase,5,133
230,5,view,1,133
212,67,cart,3,133
435,93,view,1,133
107,5,view,1,133
78,35,click,2,133
277,132,view,1,133
402,57,click,2,133
438,43,view,1,133
131,81,purchase,5,133
319,76,click,2,133
64,118,click,2,133
115,48,purchase,5,133
337,117,click,2,133
368,118,view,1,133
235,123,view,1,133
211,129,view,1,133
294,34,click,2,133
145,87,view,1,133
209,180,click,2,133
490,129,view,1,133
162,200,click,2,133
217,124,cart,3,133
127,67,purchase,5,133
435,117,view,1,133
139,84,cart,3,133
138,134,cart,3,133
241,16,cart,3,133
38,70,click,2,133
128,180,view,1,133
104,81,cart,3,133
129,30,purchase,5,133
321,81,click,2,133
373,107,view,1,133
100,164,view,1,133
5,67,view,1,133
263,123,cart,3,133
435,81,view,1,133
317,185,view,1,133
463,48,view,1,133
225,121,click,2,133
435,34,click,2,133
224,29,click,2,133
78,70,view,1,133
450,168,click,2,133
289,13,view,1,133
199,134,click,2,133
101,5,click,2,133
167,134,cart,3,133
488,2,cart,3,133
6,22,view,1,133
36,139,purchase,5,133
157,81,view,1,133
489,174,view,1,133
57,152,view,1,133
425,59,click,2,133
383,160,click,2,133
218,84,click,2,133
198,45,click,2,133
434,67,click,2,133
469,79,click,2,133
367,55,purchase,5,133
366,45,click,2,133
441,132,view,1,133
499,84,cart,3,133
299,132,cart,3,133
434,171,click,2,133
121,134,view,1,133
484,81,click,2,133
407,175,view,1,133
212,166,view,1,133
212,59,click,2,133
363,34,click,2,133
404,43,view,1,133
288,94,click,2,133
172,142,view,1,133
81,67,cart,3,133
105,84,click,2,133
172,105,click,2,133
390,196,view,1,133
462,85,purchase,5,133
149,62,view,1,133
134,125,view,1,133
310,130,click,2,133
143,150,cart,3,133
94,105,view,1,133
497,67,cart,3,133
497,67,view,1,133
382,44,click,2,133
335,105,view,1,134
400,51,click,2,134
278,86,view,1,134
41,43,click,2,134
12,134,view,1,134
233,105,view,1,134
115,34,click,2,134
212,67,cart,3,134
179,48,cart,3,134
386,45,view,1,134
490,45,view,1,134
322,110,cart,3,134
94,171,click,2,134
455,4,view,1,134
280,134,view,1,134
181,66,view,1,134
428,67,view,1,134
360,164,cart,3,134
365,69,click,2,134
89,2,click,2,134
371,10,view,1,134
15,26,view,1,134
166,25,view,1,134
331,105,cart,3,134
487,34,click,2,134
442,174,view,1,134
405,162,click,2,134
499,48,click,2,134
38,2,view,1,134
242,95,view,1,134
456,34,view,1,134
436,180,click,2,134
344,152,view,1,134
87,67,view,1,134
359,15,click,2,134
377,44,click,2,134
443,34,view,1,134
165,60,view,1,134
164,43,purchase,5,134
197,159,view,1,134
55,132,purchase,5,134
56,81,view,1,134
481,168,purchase,5,134
252,126,view,1,134
378,134,view,1,134
487,152,view,1,134
197,16,purchase,5,134
240,103,click,2,134
267,105,view,1,134
354,5,view,1,134
435,87,click,2,134
283,70,click,2,134
153,45,cart,3,134
6,69,cart,3,134
70,5,view,1,134
237,22,view,1,134
187,44,purchase,5,134
147,134,click,2,134
9,134,click,2,134
38,170,click,2,134
168,152,cart,3,134
339,34,purchase,5,134
139,180,view,1,134
454,160,view,1,134
427,157,purchase,5,134
486,36,cart,3,134
328,143,cart,3,134
80,81,click,2,134
163,105,cart,3,134
7,35,view,1,134
178,134,purchase,5,134
422,94,view,1,134
231,103,view,1,134
56,77,view,1,134
238,70,view,1,134
7,183,click,2,134
149,11,click,2,134
252,48,purchase,5,134
69,168,cart,3,134
238,184,view,1,134
448,7,click,2,134
442,34,view,1,134
243,72,purchase,5,134
35,134,purchase,5,134
425,18,purchase,5,134
300,149,click,2,134
367,195,click,2,134
52,126,view,1,134
45,64,click,2,134
21,2,click,2,134
475,126,click,2,134
73,184,purchase,5,134
110,183,view,1,134
472,2,click,2,134
490,81,cart,3,134
280,200,click,2,134
442,63,view,1,134
97,134,click,2,134
363,150,click,2,134
242,194,cart,3,134
292,34,view,1,135
146,67,view,1,135
52,85,view,1,135
181,106,view,1,135
363,152,cart,3,135
435,166,cart,3,135
371,84,view,1,135
372,61,cart,3,135
95,81,view,1,135
362,45,purchase,5,135
455,81,view,1,135
7,180,cart,3,135
80,81,view,1,135
365,95,view,1,135
243,30,click,2,135
432,35,click,2,135
437,166,click,2,135
345,134,click,2,135
220,5,view,1,135
108,4,view,1,135
58,168,view,1,135
187,54,view,1,135
307,48,view,1,135
469,43,view,1,135
492,107,view,1,135
137,72,view,1,135
435,152,cart,3,135
236,95,view,1,135
426,152,click,2,135
286,34,view,1,135
238,105,view,1,135
131,81,click,2,135
437,164,view,1,135
47,67,click,2,135
420,51,view,1,135
303,13,cart,3,135
464,105,view,1,135
236,67,view,1,135
396,84,view,1,135
183,168,cart,3,135
417,34,view,1,135
70,81,purchase,5,135
317,123,view,1,135
245,2,purchase,5,135
476,67,view,1,135
353,48,cart,3,135
476,195,view,1,135
399,134,click,2,135
339,24,view,1,135
392,134,purchase,5,135
223,168,view,1,135
393,60,click,2,135
310,35,view,1,135
236,43,click,2,135
483,29,cart,3,135
191,5,view,1,135
427,191,view,1,135
197,84,click,2,135
301,34,view,1,135
55,132,click,2,135
99,92,purchase,5,135
469,77,view,1,135
300,160,view,1,135
233,164,cart,3,135
213,134,view,1,135
36,34,view,1,135
181,7,purchase,5,135
368,67,view,1,135
497,79,purchase,5,135
499,41,cart,3,135
212,157,view,1,135
245,16,view,1,135
229,134,view,1,135
195,62,view,1,135
260,36,view,1,135
144,142,click,2,135
174,103,click,2,135
65,171,cart,3,135
176,67,cart,3,135
120,23,view,1,135
281,81,click,2,135
496,30,cart,3,135
242,63,view,1,135
484,5,view,1,135
310,35,view,1,136
188,186,click,2,136
433,134,cart,3,136
292,190,view,1,136
370,160,view,1,136
352,100,cart,3,136
340,22,cart,3,136
74,77,click,2,136
74,160,view,1,136
111,134,click,2,136
58,94,view,1,136
343,70,view,1,136
131,86,view,1,136
177,2,view,1,136
18,77,view,1,136
347,34,click,2,136
167,157,view,1,136
256,160,view,1,136
348,134,cart,3,136
287,108,click,2,136
383,81,cart,3,136
80,5,view,1,136
161,95,click,2,136
453,22,click,2,136
268,34,purchase,5,136
452,168,view,1,136
461,134,view,1,136
106,96,click,2,136
304,45,click,2,136
472,2,cart,3,136
186,43,view,1,136
34,121,view,1,136
366,45,view,1,136
499,84,view,1,136
206,67,view,1,136
106,134,click,2,136
425,67,view,1,136
476,165,purchase,5,136
218,22,purchase,5,136
350,129,cart,3,136
349,105,cart,3,136
155,49,view,1,136
34,126,click,2,136
166,180,click,2,136
336,81,purchase,5,136
447,110,view,1,136
41,1,view,1,136
336,167,click,2,136
27,13,purchase,5,136
46,5,click,2,136
282,67,click,2,136
416,43,view,1,136
29,113,purchase,5,136
400,152,click,2,136
41,84,view,1,136
10,114,view,1,136
215,182,click,2,136
291,22,purchase,5,136
256,129,view,1,136
30,67,click,2,136
438,13,purchase,5,136
439,189,click,2,136
24,105,purchase,5,136
240,81,purchase,5,136
353,184,cart,3,136
422,22,click,2,136
250,152,view,1,136
352,95,cart,3,136
242,134,cart,3,136
266,113,click,2,136
460,57,view,1,136
7,141,view,1,136
352,67,view,1,136
199,14,purchase,5,136
205,82,click,2,136
20,81,view,1,136
373,168,view,1,136
88,34,purchase,5,136
193,134,view,1,136
42,105,view,1,136
468,105,view,1,136
403,44,view,1,136
446,34,click,2,136
69,150,view,1,136
42,70,view,1,136
403,34,view,1,136
414,84,view,1,136
357,48,purchase,5,136
21,180,view,1,136
293,67,click,2,136
49,90,view,1,136
88,34,cart,3,136
486,195,click,2,136
484,77,view,1,136
328,13,purchase,5,136
328,43,view,1,136
179,88,view,1,136
181,178,view,1,136
331,166,click,2,136
68,160,cart,3,136
252,140,click,2,136
466,143,view,1,136
440,197,view,1,136
205,134,cart,3,136
140,30,view,1,136
403,67,cart,3,136
416,105,click,2,136
70,143,view,1,136
144,105,cart,3,136
212,67,purchase,5,136
406,163,purchase,5,136
122,132,view,1,136
404,98,view,1,136
92,81,click,2,136
35,134,view,1,136
260,104,view,1,136
497,132,view,1,136
92,5,view,1,136
498,134,click,2,136
497,67,cart,3,137
211,152,click,2,137
89,43,view,1,137
28,94,click,2,137
6,160,cart,3,137
417,152,cart,3,137
452,34,click,2,137
224,105,view,1,137
427,157,click,2,137
240,67,view,1,137
288,134,view,1,137
302,45,purchase,5,137
141,73,purchase,5,137
59,34,view,1,137
132,15,click,2,137
422,187,purchase,5,137
494,129,view,1,137
85,34,view,1,137
449,84,click,2,137
40,164,view,1,137
449,167,view,1,137
318,164,cart,3,137
232,129,purchase,5,137
252,48,click,2,137
199,177,click,2,137
24,184,view,1,137
19,160,purchase,5,137
151,105,view,1,137
338,171,click,2,137
440,20,click,2,137
108,48,click,2,137
406,166,cart,3,137
9,134,view,1,137
197,67,click,2,137
114,81,purchase,5,137
155,67,cart,3,137
404,34,view,1,137
332,133,click,2,137
118,35,view,1,137
195,152,cart,3,137
226,126,purchase,5,137
278,152,purchase,5,137
252,48,purchase,5,137
41,170,click,2,137
463,121,click,2,137
157,67,view,1,137
157,13,view,1,137
386,105,view,1,137
412,160,click,2,137
15,34,view,1,137
322,105,view,1,137
322,123,view,1,137
14,106,view,1,137
294,7,cart,3,137
431,152,purchase,5,137
433,29,view,1,137
386,29,purchase,5,137
101,166,view,1,137
41,2,view,1,137
83,134,click,2,137
312,22,view,1,137
312,86,click,2,137
102,67,view,1,137
475,16,view,1,137
491,57,cart,3,137
149,85,view,1,137
245,138,cart,3,137
122,22,click,2,137
93,48,view,1,137
368,67,view,1,137
452,109,cart,3,137
137,81,view,1,137
166,107,cart,3,137
458,134,view,1,137
366,160,click,2,137
165,88,cart,3,137
37,16,view,1,137
457,159,click,2,137
263,176,purchase,5,137
37,132,cart,3,137
99,54,view,1,137
57,81,view,1,137
18,6,cart,3,137
268,152,click,2,137
268,43,view,1,137
268,5,click,2,137
453,150,cart,3,137
256,191,view,1,137
288,22,click,2,137
388,117,view,1,137
331,54,view,1,137
229,96,view,1,137
441,183,view,1,137
173,152,cart,3,137
261,35,cart,3,137
2,77,view,1,137
136,88,purchase,5,137
241,81,purchase,5,137
303,13,view,1,137
426,34,cart,3,137
435,81,view,1,137
473,46,cart,3,137
413,120,view,1,138
322,134,view,1,138
337,160,view,1,138
249,167,purchase,5,138
46,5,view,1,138
153,22,view,1,138
24,105,view,1,138
336,77,view,1,138
85,144,purchase,5,138
161,57,purchase,5,138
344,160,click,2,138
46,61,view,1,138
166,13,purchase,5,138
461,67,view,1,138
452,137,purchase,5,138
203,113,view,1,138
85,152,cart,3,138
254,187,view,1,138
206,191,view,1,138
428,16,view,1,138
235,45,view,1,138
59,129,click,2,138
139,161,click,2,138
250,194,click,2,138
472,134,purchase,5,138
187,134,click,2,138
66,161,click,2,138
407,18,purchase,5,138
445,121,click,2,138
276,35,purchase,5,138
402,81,click,2,138
333,166,click,2,138
24,105,view,1,138
287,167,view,1,138
390,164,cart,3,138
345,77,cart,3,138
391,150,view,1,138
233,105,view,1,138
387,95,cart,3,138
245,2,purchase,5,138
108,88,purchase,5,138
344,22,view,1,138
298,132,view,1,138
433,165,view,1,138
80,167,purchase,5,138
380,185,cart,3,138
101,59,click,2,138
319,132,view,1,138
318,67,click,2,138
431,190,cart,3,138
475,192,click,2,138
276,117,view,1,138
217,105,view,1,138
253,34,view,1,138
126,134,view,1,138
321,34,cart,3,138
130,67,purchase,5,138
216,43,click,2,138
341,191,click,2,138
249,134,click,2,138
24,29,click,2,138
331,164,view,1,138
371,45,view,1,138
362,22,click,2,138
206,131,view,1,138
257,195,click,2,138
249,5,click,2,138
384,125,view,1,138
79,70,click,2,138
79,70,click,2,138
250,194,view,1,138
77,105,click,2,138
68,89,view,1,138
330,13,view,1,138
18,81,cart,3,138
331,67,view,1,138
19,22,view,1,138
500,67,click,2,138
240,112,view,1,138
303,5,cart,3,138
426,200,purchase,5,138
425,49,view,1,138
306,45,view,1,138
363,152,click,2,138
266,75,cart,3,138
459,171,view,1,138
455,87,click,2,138
455,168,cart,3,138
166,180,view,1,138
206,67,cart,3,139
365,67,click,2,139
498,134,cart,3,139
362,168,view,1,139
371,132,view,1,139
306,152,view,1,139
453,160,click,2,139
164,138,click,2,139
333,49,cart,3,139
115,18,click,2,139
496,43,cart,3,139
95,13,view,1,139
303,81,cart,3,139
423,33,view,1,139
188,7,cart,3,139
256,44,view,1,139
453,168,click,2,139
363,34,view,1,139
361,143,view,1,139
257,77,click,2,139
331,49,cart,3,139
330,5,click,2,139
347,8,click,2,139
48,109,view,1,139
229,58,view,1,139
229,105,view,1,139
328,98,view,1,139
68,89,view,1,139
42,170,click,2,139
468,39,view,1,139
146,180,view,1,139
434,22,view,1,139
79,48,view,1,139
348,149,view,1,139
66,4,click,2,139
407,27,purchase,5,139
406,67,click,2,139
22,134,purchase,5,139
146,97,view,1,139
436,67,view,1,139
22,54,cart,3,139
14,22,click,2,139
410,125,view,1,139
41,132,purchase,5,139
157,81,click,2,139
157,4,view,1,139
468,105,view,1,139
482,81,view,1,139
41,2,view,1,139
447,107,cart,3,139
404,109,click,2,139
149,180,view,1,139
440,167,click,2,139
336,180,purchase,5,139
110,43,cart,3,139
390,164,view,1,139
472,66,click,2,139
436,138,view,1,139
289,55,view,1,139
230,36,view,1,139
472,134,view,1,139
41,16,cart,3,139
380,129,cart,3,139
351,193,click,2,139
383,5,view,1,139
352,67,view,1,139
383,95,cart,3,139
170,81,click,2,139
141,48,click,2,139
353,29,cart,3,139
430,77,view,1,139
430,77,cart,3,139
215,34,view,1,139
204,16,cart,3,139
268,150,click,2,139
40,79,view,1,139
40,81,view,1,139
353,143,click,2,139
380,152,view,1,139
339,34,view,1,139
24,105,view,1,139
332,67,view,1,139
249,81,view,1,139
489,134,view,1,139
339,34,purchase,5,139
441,43,cart,3,139
281,81,purchase,5,139
46,105,view,1,139
440,35,click,2,139
440,105,view,1,139
176,84,cart,3,139
43,105,purchase,5,139
428,85,click,2,139
302,77,view,1,139
422,160,view,1,139
420,67,cart,3,139
29,113,view,1,139
312,155,cart,3,139
452,200,cart,3,139
377,171,view,1,139
87,44,view,1,139
210,35,view,1,139
366,160,cart,3,140
24,29,view,1,140
400,44,view,1,140
340,150,click,2,140
285,134,click,2,140
344,7,purchase,5,140
397,55,cart,3,140
340,45,view,1,140
176,133,view,1,140
151,96,cart,3,140
420,67,view,1,140
420,67,cart,3,140
256,86,click,2,140
461,81,view,1,140
214,180,click,2,140
239,2,click,2,140
180,105,view,1,140
53,81,cart,3,140
52,48,click,2,140
430,5,click,2,140
414,43,view,1,140
203,164,cart,3,140
355,43,view,1,140
379,77,click,2,140
475,190,view,1,140
21,48,view,1,140
382,72,view,1,140
158,105,cart,3,140
448,67,purchase,5,140
491,121,click,2,140
351,79,view,1,140
21,70,cart,3,140
291,86,view,1,140
66,5,cart,3,140
66,45,purchase,5,140
325,18,cart,3,140
48,171,click,2,140
15,200,purchase,5,140
7,70,view,1,140
157,168,view,1,140
42,164,view,1,140
149,48,purchase,5,140
487,200,view,1,140
487,34,click,2,140
487,152,view,1,140
68,22,purchase,5,140
115,192,click,2,140
251,13,view,1,140
42,88,click,2,140
440,180,cart,3,140
390,195,view,1,140
8,54,click,2,140
8,152,cart,3,140
9,113,purchase,5,140
148,95,click,2,140
194,43,click,2,140
486,167,click,2,140
67,134,click,2,140
406,67,view,1,140
406,180,view,1,140
200,134,click,2,140
279,35,click,2,140
349,105,purchase,5,140
350,168,view,1,140
6,134,click,2,140
493,134,cart,3,140
386,103,view,1,140
258,134,view,1,140
36,190,cart,3,140
263,142,cart,3,140
425,160,purchase,5,140
165,180,cart,3,140
458,35,cart,3,140
18,167,cart,3,140
138,54,purchase,5,140
423,95,view,1,140
166,62,cart,3,140
214,105,click,2,140
360,105,click,2,140
360,59,view,1,140
96,192,cart,3,140
368,164,purchase,5,140
89,105,cart,3,141
372,5,view,1,141
374,105,view,1,141
5,67,click,2,141
5,164,cart,3,141
135,143,view,1,141
186,43,view,1,141
137,48,purchase,5,141
2,81,view,1,141
164,54,cart,3,141
368,135,view,1,141
368,84,cart,3,141
368,120,cart,3,141
455,28,click,2,141
473,152,cart,3,141
178,177,cart,3,141
278,180,cart,3,141
76,118,view,1,141
79,85,cart,3,141
79,1,cart,3,141
347,174,cart,3,141
328,54,click,2,141
155,67,cart,3,141
347,152,cart,3,141
260,4,cart,3,141
1,34,click,2,141
166,121,view,1,141
2,92,view,1,141
371,54,click,2,141
264,1,view,1,141
36,34,purchase,5,141
322,134,view,1,141
466,13,cart,3,141
447,180,view,1,141
446,69,cart,3,141
252,180,view,1,141
325,196,view,1,141
351,67,click,2,141
385,134,view,1,141
291,45,click,2,141
83,134,view,1,141
325,95,view,1,141
351,200,view,1,141
277,54,purchase,5,141
463,100,purchase,5,141
466,134,click,2,141
448,132,view,1,141
144,134,click,2,141
287,134,click,2,141
149,45,click,2,141
286,81,purchase,5,141
26,160,click,2,141
447,70,view,1,141
334,5,view,1,141
387,104,cart,3,141
402,94,purchase,5,141
281,143,click,2,141
345,134,view,1,141
348,134,click,2,141
387,7,view,1,141
200,96,view,1,141
330,81,click,2,141
436,67,purchase,5,141
79,46,click,2,141
231,105,view,1,141
293,134,cart,3,141
255,105,cart,3,141
240,134,cart,3,141
307,5,view,1,141
189,176,view,1,141
318,95,cart,3,141
451,120,cart,3,141
268,72,purchase,5,141
422,185,view,1,141
343,70,view,1,141
440,141,click,2,141
309,35,click,2,141
429,29,view,1,141
59,34,cart,3,141
378,85,click,2,141
464,105,purchase,5,141
494,132,view,1,141
448,67,view,1,141
414,84,cart,3,141
477,81,click,2,141
189,132,view,1,141
381,161,view,1,141
64,134,purchase,5,141
215,171,view,1,141
268,109,cart,3,141
249,134,click,2,141
72,132,click,2,141
115,180,view,1,141
199,178,click,2,141
333,43,view,1,141
282,18,cart,3,141
397,81,click,2,141
358,45,click,2,141
27,13,cart,3,141
322,134,view,1,141
205,164,view,1,141
6,118,cart,3,141
52,180,view,1,141
449,2,cart,3,141
423,147,cart,3,142
425,51,cart,3,142
348,111,view,1,142
384,5,view,1,142
35,148,view,1,142
173,152,cart,3,142
367,143,view,1,142
366,105,cart,3,142
476,162,click,2,142
38,132,view,1,142
454,89,click,2,142
57,104,view,1,142
211,152,view,1,142
206,164,cart,3,142
4,139,view,1,142
56,179,view,1,142
237,22,purchase,5,142
138,134,purchase,5,142
265,67,cart,3,142
362,22,cart,3,142
363,34,click,2,142
238,105,click,2,142
372,134,view,1,142
96,134,purchase,5,142
15,34,cart,3,142
293,96,view,1,142
145,150,view,1,142
242,70,purchase,5,142
15,129,cart,3,142
123,162,purchase,5,142
80,73,view,1,142
352,167,click,2,142
491,70,view,1,142
104,200,cart,3,142
203,77,view,1,142
352,140,view,1,142
147,134,click,2,142
42,35,cart,3,142
244,118,click,2,142
382,162,click,2,142
147,22,view,1,142
122,69,view,1,142
468,105,view,1,142
335,105,click,2,142
437,79,view,1,142
23,67,view,1,142
387,134,view,1,142
221,43,click,2,142
70,167,purchase,5,142
45,45,click,2,142
448,181,view,1,142
251,77,click,2,142
331,193,view,1,142
280,63,cart,3,142
229,45,view,1,142
96,200,cart,3,142
260,152,view,1,142
459,7,click,2,142
500,22,click,2,142
2,188,view,1,142
426,29,purchase,5,142
303,77,click,2,142
298,54,view,1,142
482,67,view,1,142
215,29,click,2,142
141,180,click,2,142
233,171,view,1,142
414,23,view,1,142
416,84,purchase,5,142
127,59,view,1,142
191,81,cart,3,142
87,19,click,2,142
162,53,view,1,142
360,67,click,2,142
378,134,cart,3,142
87,67,view,1,142
476,22,view,1,142
214,85,view,1,142
215,34,view,1,142
59,45,view,1,142
53,167,view,1,142
52,193,click,2,142
481,81,cart,3,142
52,161,view,1,142
167,66,view,1,142
215,21,cart,3,142
27,5,view,1,142
252,180,view,1,142
441,185,click,2,142
112,57,view,1,142
489,134,view,1,142
394,81,purchase,5,142
111,125,view,1,142
393,67,cart,3,142
242,67,view,1,142
440,81,click,2,142
153,94,view,1,142
199,82,view,1,142
489,134,view,1,142
113,174,click,2,142
69,165,cart,3,142
472,2,cart,3,142
438,81,view,1,142
91,43,click,2,142
3,45,cart,3,143
369,87,purchase,5,143
368,132,click,2,143
368,43,click,2,143
497,166,view,1,143
368,1,view,1,143
56,35,cart,3,143
477,167,cart,3,143
476,45,click,2,143
19,94,cart,3,143
214,124,view,1,143
374,114,click,2,143
214,85,view,1,143
373,13,click,2,143
98,166,view,1,143
57,81,view,1,143
496,132,view,1,143
96,134,view,1,143
461,77,cart,3,143
241,34,cart,3,143
6,34,view,1,143
104,152,click,2,143
252,35,click,2,143
172,29,view,1,143
240,142,purchase,5,143
477,105,view,1,143
102,105,view,1,143
358,150,view,1,143
423,200,click,2,143
101,67,click,2,143
453,86,click,2,143
101,164,click,2,143
390,81,view,1,143
222,45,view,1,143
59,117,purchase,5,143
490,81,purchase,5,143
466,134,cart,3,143
76,152,view,1,143
76,34,view,1,143
345,134,view,1,143
25,153,view,1,143
340,22,view,1,143
223,160,purchase,5,143
469,181,cart,3,143
314,134,click,2,143
340,45,view,1,143
431,152,click,2,143
300,160,click,2,143
466,5,view,1,143
277,84,view,1,143
428,59,click,2,143
445,9,cart,3,143
107,166,view,1,143
278,126,purchase,5,143
441,86,view,1,143
301,149,view,1,143
350,34,click,2,143
218,16,view,1,143
404,81,click,2,143
150,168,click,2,143
128,105,view,1,143
225,67,cart,3,143
224,105,cart,3,143
113,190,cart,3,143
124,87,view,1,143
48,16,cart,3,143
258,86,cart,3,143
371,10,view,1,143
407,67,view,1,143
325,19,view,1,143
49,173,view,1,143
408,105,click,2,143
23,166,purchase,5,143
21,35,cart,3,143
414,77,click,2,143
146,67,view,1,143
244,57,view,1,143
245,109,view,1,143
291,155,view,1,143
325,164,click,2,143
120,134,purchase,5,143
178,109,view,1,143
403,200,cart,3,143
118,39,view,1,143
472,134,view,1,143
436,123,view,1,143
148,51,view,1,143
489,152,view,1,143
327,126,click,2,143
437,166,cart,3,143
455,5,cart,3,143
265,195,click,2,143
263,29,view,1,143
89,54,cart,3,143
96,72,cart,3,143
457,134,click,2,143
384,81,view,1,144
275,112,click,2,144
41,43,click,2,144
446,200,view,1,144
273,8,cart,3,144
18,36,purchase,5,144
238,29,click,2,144
353,113,click,2,144
161,157,view,1,144
39,121,click,2,144
254,137,view,1,144
268,200,cart,3,144
29,43,view,1,144
237,97,view,1,144
58,180,view,1,144
307,77,purchase,5,144
495,166,cart,3,144
30,67,cart,3,144
453,160,click,2,144
38,67,view,1,144
366,22,cart,3,144
497,67,view,1,144
305,180,view,1,144
368,67,view,1,144
476,160,view,1,144
99,153,purchase,5,144
100,79,view,1,144
162,109,click,2,144
88,34,view,1,144
99,105,purchase,5,144
360,29,cart,3,144
182,48,click,2,144
24,105,view,1,144
44,183,click,2,144
224,38,click,2,144
53,13,view,1,144
243,43,view,1,144
46,77,view,1,144
153,165,view,1,144
111,184,view,1,144
144,110,view,1,144
9,8,click,2,144
417,63,view,1,144
110,144,purchase,5,144
479,51,view,1,144
59,130,cart,3,144
60,134,view,1,144
479,78,view,1,144
76,7,cart,3,144
76,53,cart,3,144
345,101,view,1,144
221,134,click,2,144
201,38,cart,3,144
201,105,purchase,5,144
235,4,click,2,144
310,67,cart,3,144
108,4,cart,3,144
418,84,view,1,144
191,81,purchase,5,144
236,34,cart,3,144
155,67,view,1,144
173,104,click,2,144
278,9,view,1,144
173,152,view,1,144
157,9,purchase,5,144
277,43,cart,3,144
141,105,cart,3,144
420,95,view,1,144
157,88,cart,3,144
36,129,view,1,144
286,198,click,2,144
472,118,view,1,144
330,81,purchase,5,144
291,22,click,2,144
70,81,view,1,144
194,54,click,2,144
416,84,click,2,144
317,9,view,1,144
291,105,click,2,144
14,22,click,2,144
123,27,view,1,144
66,126,click,2,144
325,35,view,1,144
330,143,cart,3,144
328,143,view,1,144
288,95,view,1,144
337,45,view,1,144
470,13,view,1,144
47,84,view,1,144
153,22,purchase,5,144
319,180,view,1,144
281,81,purchase,5,144
402,168,cart,3,144
124,134,cart,3,144
113,132,cart,3,144
339,152,cart,3,144
322,134,view,1,144
123,67,view,1,144
192,200,click,2,144
230,13,cart,3,144
180,29,view,1,144
432,134,view,1,144
49,59,click,2,144
191,167,view,1,144
414,76,view,1,144
437,67,view,1,144
292,34,view,1,144
49,9,click,2,144
305,70,view,1,144
260,200,click,2,144
51,61,cart,3,144
457,134,view,1,144
38,120,view,1,144
496,180,click,2,144
263,105,view,1,144
37,7,click,2,144
453,45,click,2,144
265,35,view,1,144
2,81,view,1,145
240,143,purchase,5,145
433,134,click,2,145
474,103,purchase,5,145
145,86,click,2,145
144,137,view,1,145
64,134,cart,3,145
414,54,click,2,145
15,34,view,1,145
217,18,click,2,145
452,134,view,1,145
495,81,view,1,145
452,152,view,1,145
255,77,click,2,145
25,144,click,2,145
155,193,click,2,145
347,124,purchase,5,145
347,34,click,2,145
77,105,view,1,145
496,48,view,1,145
265,13,view,1,145
422,45,view,1,145
300,49,purchase,5,145
157,5,click,2,145
157,121,cart,3,145
277,67,view,1,145
26,22,cart,3,145
442,81,view,1,145
79,9,purchase,5,145
475,70,view,1,145
59,86,click,2,145
479,67,click,2,145
429,4,cart,3,145
221,54,click,2,145
325,67,view,1,145
484,54,cart,3,145
323,10,click,2,145
291,36,view,1,145
404,129,click,2,145
48,98,purchase,5,145
290,190,click,2,145
48,9,cart,3,145
56,152,click,2,145
302,13,view,1,145
201,184,view,1,145
218,105,click,2,145
83,134,view,1,145
276,180,click,2,145
71,132,purchase,5,145
71,43,view,1,145
25,44,click,2,145
249,134,view,1,145
469,181,click,2,145
469,200,click,2,145
344,129,cart,3,145
281,143,view,1,145
53,134,purchase,5,145
353,188,cart,3,145
353,151,view,1,145
82,165,view,1,145
493,81,click,2,145
202,67,click,2,145
380,85,view,1,145
382,43,click,2,145
101,95,click,2,145
416,134,click,2,145
415,134,cart,3,145
63,34,view,1,145
144,47,click,2,145
224,10,cart,3,145
7,54,view,1,145
107,67,cart,3,145
139,163,view,1,145
307,13,click,2,145
237,34,click,2,145
57,134,purchase,5,145
254,142,click,2,145
254,105,view,1,145
167,180,view,1,145
400,85,cart,3,145
404,70,view,1,145
118,105,view,1,145
118,74,click,2,145
68,149,view,1,145
287,164,view,1,145
286,200,click,2,145
286,134,cart,3,145
47,90,view,1,145
333,60,click,2,145
403,76,view,1,145
318,43,click,2,145
62,152,cart,3,145
62,105,cart,3,145
448,169,view,1,145
167,134,view,1,145
161,95,cart,3,145
449,132,purchase,5,145
370,22,purchase,5,145
4,123,view,1,145
212,18,click,2,145
146,34,purchase,5,145
123,67,purchase,5,145
145,45,view,1,145
408,84,click,2,145
323,10,view,1,145
214,70,view,1,145
495,67,cart,3,145
96,7,view,1,145
98,5,view,1,145
372,194,view,1,145
267,14,purchase,5,145
95,13,click,2,145
136,54,purchase,5,145
261,75,purchase,5,145
137,180,click,2,145
138,112,view,1,145
303,143,cart,3,145
239,105,view,1,145
57,13,view,1,145
305,171,click,2,145
94,105,click,2,145
499,4,view,1,146
368,67,purchase,5,146
366,160,view,1,146
165,134,view,1,146
425,34,cart,3,146
57,13,view,1,146
184,134,view,1,146
425,18,view,1,146
237,165,click,2,146
373,167,view,1,146
4,35,view,1,146
376,41,click,2,146
97,134,purchase,5,146
88,129,purchase,5,146
363,105,click,2,146
49,67,view,1,146
438,114,cart,3,146
402,164,view,1,146
400,79,view,1,146
151,103,click,2,146
69,126,click,2,146
283,35,purchase,5,146
285,134,click,2,146
469,198,view,1,146
35,161,view,1,146
128,171,click,2,146
448,93,view,1,146
322,148,view,1,146
15,129,view,1,146
123,95,cart,3,146
241,10,view,1,146
351,131,purchase,5,146
394,134,view,1,146
350,22,cart,3,146
273,121,view,1,146
435,192,view,1,146
120,189,click,2,146
23,59,view,1,146
293,134,view,1,146
241,87,view,1,146
140,150,view,1,146
67,105,purchase,5,146
300,165,view,1,146
55,54,cart,3,146
301,5,click,2,146
415,118,cart,3,146
319,43,view,1,146
127,134,click,2,146
439,123,click,2,146
112,67,view,1,146
64,70,view,1,146
384,13,view,1,146
319,124,cart,3,146
319,43,view,1,146
281,13,click,2,146
39,126,cart,3,146
463,35,view,1,146
436,29,view,1,146
237,129,purchase,5,146
58,48,cart,3,146
28,155,view,1,146
70,167,purchase,5,146
115,34,click,2,146
176,93,view,1,146
7,180,view,1,146
496,180,view,1,146
386,160,view,1,146
490,180,click,2,146
76,104,purchase,5,146
491,48,view,1,146
468,105,view,1,146
155,191,click,2,146
244,28,view,1,146
357,9,click,2,146
379,105,view,1,146
163,105,cart,3,146
75,48,view,1,146
220,34,view,1,146
345,113,click,2,146
76,168,view,1,146
217,105,cart,3,146
348,122,view,1,146
141,105,click,2,146
134,67,purchase,5,146
260,88,view,1,146
164,67,click,2,146
309,121,click,2,146
311,150,view,1,146
134,177,view,1,146
141,105,view,1,146
189,134,cart,3,146
444,45,click,2,146
121,96,view,1,146
323,95,view,1,146
291,45,click,2,146
179,70,view,1,146
319,44,view,1,146
148,160,view,1,146
149,70,cart,3,147
197,16,cart,3,147
13,185,cart,3,147
287,134,cart,3,147
400,59,view,1,147
47,67,view,1,147
455,36,view,1,147
368,164,click,2,147
455,171,view,1,147
271,105,view,1,147
28,150,view,1,147
270,48,view,1,147
274,84,view,1,147
470,34,view,1,147
412,160,view,1,147
261,134,view,1,147
425,67,cart,3,147
366,117,view,1,147
93,105,purchase,5,147
93,70,cart,3,147
1,59,click,2,147
363,86,click,2,147
186,160,view,1,147
423,152,view,1,147
182,126,view,1,147
257,3,cart,3,147
123,164,view,1,147
360,90,purchase,5,147
89,44,click,2,147
235,123,view,1,147
473,34,cart,3,147
429,168,view,1,147
492,81,click,2,147
111,8,cart,3,147
298,84,view,1,147
317,70,view,1,147
249,134,cart,3,147
74,114,view,1,147
249,52,cart,3,147
351,67,view,1,147
80,195,view,1,147
158,17,view,1,147
383,200,view,1,147
383,57,view,1,147
6,146,cart,3,147
348,117,cart,3,147
13,134,cart,3,147
169,165,view,1,147
339,34,cart,3,147
244,45,cart,3,147
227,134,purchase,5,147
336,36,view,1,147
120,16,click,2,147
254,171,click,2,147
64,113,click,2,147
46,103,view,1,147
271,45,view,1,147
42,47,click,2,147
381,35,cart,3,147
227,134,view,1,147
260,134,view,1,147
56,81,view,1,147
96,113,cart,3,147
458,85,cart,3,147
164,16,click,2,147
133,171,click,2,147
59,34,purchase,5,147
59,34,view,1,147
310,126,click,2,147
310,126,purchase,5,147
245,132,view,1,147
435,195,view,1,147
129,142,cart,3,147
121,134,view,1,147
342,126,view,1,147
79,88,click,2,147
417,63,view,1,147
300,69,view,1,147
473,63,view,1,147
280,134,view,1,147
45,27,view,1,147
209,13,cart,3,147
176,67,cart,3,147
250,105,click,2,147
496,180,cart,3,147
387,166,click,2,147
390,13,view,1,147
440,4,cart,3,147
29,132,purchase,5,147
100,95,cart,3,147
320,180,cart,3,147
255,5,view,1,147
41,132,click,2,147
484,81,click,2,147
356,108,click,2,147
100,48,view,1,147
415,125,view,1,147
51,83,click,2,147
481,105,cart,3,147
240,81,view,1,147
240,39,cart,3,147
484,81,view,1,147
454,81,click,2,147
425,67,click,2,148
305,105,view,1,148
303,5,view,1,148
1,34,click,2,148
363,114,purchase,5,148
306,86,view,1,148
366,126,cart,3,148
263,105,view,1,148
454,94,view,1,148
155,164,click,2,148
442,81,click,2,148
58,45,view,1,148
32,40,view,1,148
468,137,click,2,148
238,35,click,2,148
10,160,view,1,148
21,95,view,1,148
141,62,cart,3,148
277,132,view,1,148
466,5,click,2,148
238,58,click,2,148
236,4,view,1,148
131,89,view,1,148
479,67,cart,3,148
128,105,view,1,148
128,103,view,1,148
129,88,cart,3,148
479,67,click,2,148
431,104,click,2,148
280,107,view,1,148
468,70,click,2,148
333,164,cart,3,148
153,67,purchase,5,148
283,70,view,1,148
235,125,view,1,148
61,86,cart,3,148
319,168,click,2,148
128,105,view,1,148
7,132,purchase,5,148
101,181,view,1,148
151,119,purchase,5,148
321,129,click,2,148
273,180,purchase,5,148
481,29,click,2,148
272,35,cart,3,148
448,67,view,1,148
41,132,view,1,148
449,84,cart,3,148
438,45,view,1,148
447,36,view,1,148
380,77,click,2,148
384,81,view,1,148
276,86,view,1,148
63,129,cart,3,148
282,1,view,1,148
108,9,view,1,148
382,86,click,2,148
224,29,view,1,148
111,134,view,1,148
394,81,view,1,148
10,45,click,2,148
224,105,view,1,148
344,84,purchase,5,148
281,81,cart,3,148
70,77,cart,3,148
433,134,view,1,148
206,104,cart,3,148
237,34,click,2,148
99,88,view,1,148
360,67,view,1,148
254,105,view,1,148
414,182,purchase,5,148
65,105,view,1,148
432,107,view,1,148
180,105,click,2,148
215,2,view,1,148
379,81,view,1,148
101,67,click,2,148
414,16,click,2,148
496,170,cart,3,148
19,45,purchase,5,148
423,190,view,1,148
138,158,view,1,148
436,59,click,2,148
406,48,view,1,148
361,48,cart,3,148
374,105,view,1,148
361,62,purchase,5,148
206,67,view,1,148
433,29,click,2,148
32,181,view,1,148
456,34,view,1,148
292,92,click,2,148
414,43,view,1,148
180,124,click,2,148
266,134,click,2,148
294,34,cart,3,148
404,174,cart,3,148
332,67,cart,3,148
197,72,view,1,148
151,29,view,1,148
435,81,view,1,148
228,105,view,1,148
118,105,click,2,148
404,134,view,1,148
403,152,click,2,148
469,43,cart,3,148
286,34,click,2,148
143,89,view,1,149
282,18,view,1,149
144,29,click,2,149
26,22,click,2,149
457,120,view,1,149
363,89,view,1,149
302,167,click,2,149
303,81,click,2,149
137,48,view,1,149
429,152,view,1,149
417,168,click,2,149
201,9,view,1,149
442,52,click,2,149
344,150,cart,3,149
44,157,cart,3,149
281,5,click,2,149
279,35,click,2,149
430,81,click,2,149
367,167,view,1,149
209,55,view,1,149
177,76,purchase,5,149
117,34,view,1,149
246,134,purchase,5,149
336,167,cart,3,149
493,5,view,1,149
139,128,view,1,149
139,164,view,1,149
161,151,view,1,149
242,2,view,1,149
475,107,view,1,149
382,77,view,1,149
319,54,view,1,149
353,105,cart,3,149
79,48,click,2,149
112,45,cart,3,149
489,104,click,2,149
41,54,click,2,149
113,13,purchase,5,149
199,14,view,1,149
73,184,cart,3,149
24,29,cart,3,149
470,48,view,1,149
343,180,view,1,149
111,134,cart,3,149
79,105,cart,3,149
491,48,purchase,5,149
6,160,click,2,149
490,55,view,1,149
113,192,purchase,5,149
488,160,purchase,5,149
422,22,purchase,5,149
370,168,click,2,149
155,67,click,2,149
466,167,cart,3,149
280,75,view,1,149
155,67,view,1,149
441,43,view,1,149
280,22,cart,3,149
166,70,click,2,149
387,103,cart,3,149
363,174,click,2,149
3,70,cart,3,149
138,82,click,2,149
325,49,cart,3,149
216,97,cart,3,149
100,166,view,1,149
86,44,click,2,149
376,22,purchase,5,149
85,45,view,1,149
436,22,view,1,149
437,67,purchase,5,149
66,81,view,1,149
423,152,view,1,149
477,149,view,1,149
121,178,view,1,149
246,130,click,2,149
168,30,view,1,149
167,134,view,1,149
437,51,click,2,149
5,84,view,1,149
149,35,view,1,149
452,112,view,1,149
58,134,click,2,149
436,152,view,1,149
408,160,click,2,149
408,132,click,2,149
410,200,view,1,149
52,126,click,2,149
475,105,view,1,149
432,107,cart,3,149
52,48,click,2,149
52,107,click,2,149
124,134,purchase,5,149
235,189,view,1,149
215,63,view,1,149
214,35,cart,3,149
493,67,purchase,5,149
5,84,cart,3,149
254,38,view,1,149
267,157,cart,3,149
5,67,click,2,149
98,18,cart,3,149
206,67,view,1,149
206,49,click,2,149
257,105,view,1,149
56,174,view,1,149
454,160,view,1,149
323,109,view,1,149
4,53,click,2,149
191,70,click,2,149
412,35,view,1,149
192,134,click,2,149
455,134,cart,3,149
457,13,click,2,149
166,85,cart,3,149
263,29,click,2,149
