customer_id,age,gender,region,tenure_months,contract_type,usage_prev_30d_gb,usage_last_30d_gb,avg_call_minutes,support_tickets_last_90d,avg_ticket_resolution_days,monthly_charges,total_charges,late_payments_last_6m,payment_method,churn
100000,23,Female,South,66,Month-to-month,6.94,7.76,147.6,1,0.61,73.45,4998.21,1,Bank transfer,0
100001,62,Female,North,37,Month-to-month,31.76,14.84,55.6,0,3.08,117.66,4256.82,1,Digital wallet,1
100002,55,Female,East,44,Month-to-month,58.46,56.7,119.5,1,4.49,54.94,2496.96,1,Bank transfer,0
100003,43,Female,North,26,Two year,29.54,16.88,48.1,0,5.13,45.57,1072.65,0,Credit card,1
100004,42,Male,North,64,Month-to-month,21.48,24.28,134.4,0,1.37,36.09,2322.77,0,Bank transfer,0
100005,66,Male,South,6,Month-to-month,55.53,48.18,93.4,1,5.14,87.07,480.09,0,Bank transfer,1
100006,22,Male,East,20,Month-to-month,19.87,20.83,318.7,0,0.85,42.1,776.56,0,Digital wallet,0
100007,57,Female,West,71,Two year,32.89,34.68,,1,2.72,48.8,3226.33,0,Digital wallet,0
100008,29,Male,West,35,Month-to-month,14.56,16.05,79.5,2,4.07,77.85,2468.66,1,Bank transfer,0
100009,23,Male,West,13,Month-to-month,37.84,21.04,30.4,0,3.33,56.84,774.53,0,Credit card,0
100010,48,Male,West,30,Month-to-month,35.23,12.59,106.0,1,4.62,68.79,2058.7,0,Digital wallet,0
100011,73,Female,East,19,Month-to-month,26.02,25.79,86.2,0,0.96,33.57,660.52,0,Mailed check,0
100012,59,Female,North,38,Two year,38.3,35.32,112.5,1,2.23,15.0,525.43,1,Credit card,1
100013,61,Female,East,17,One year,17.08,14.74,102.4,1,2.2,97.12,1682.96,1,Digital wallet,1
100014,58,Female,North,29,Month-to-month,22.64,22.41,322.1,1,4.21,93.97,2490.15,0,Credit card,0
100015,62,Male,North,65,Two year,33.9,33.43,141.9,0,2.15,58.83,3519.29,2,Credit card,0
100016,47,Male,North,6,Month-to-month,16.17,9.57,169.8,1,2.85,67.63,418.43,0,Digital wallet,1
100017,25,Male,West,55,Two year,41.7,39.91,114.6,0,2.11,41.5,2115.18,0,Credit card,0
100018,65,Female,East,6,Month-to-month,27.6,14.36,125.6,0,3.04,58.47,358.07,1,Credit card,1
100019,43,Female,West,33,Month-to-month,31.12,9.62,112.0,0,1.37,125.58,4297.08,2,Credit card,1
100020,46,Male,West,48,Two year,38.32,39.89,113.3,0,0.82,109.81,4773.67,1,Bank transfer,1
100021,39,Male,West,68,Two year,17.19,17.35,74.8,2,1.75,72.04,5096.94,0,Bank transfer,0
100022,28,Male,North,18,One year,25.62,22.67,167.3,0,1.12,17.44,308.42,1,Bank transfer,1
100023,70,Female,West,4,One year,36.93,31.92,,0,2.2,78.08,309.92,0,Mailed check,0
100024,62,Male,West,54,Two year,22.73,4.88,114.5,0,3.67,58.4,3234.99,0,Credit card,0
100025,54,Female,West,64,One year,24.15,13.96,57.7,0,0.49,54.67,3501.43,0,Mailed check,0
100026,40,Male,North,41,Month-to-month,69.11,77.21,189.9,0,1.88,64.86,2777.81,0,Credit card,0
100027,64,Female,North,5,Month-to-month,27.01,28.97,256.8,0,5.76,113.22,587.48,0,Credit card,0
100028,49,Female,West,36,One year,24.48,24.21,77.6,1,0.1,68.71,2319.42,0,Credit card,0
100029,43,Male,North,28,One year,59.02,16.69,49.1,1,0.82,89.95,2546.34,1,Digital wallet,1
100030,43,Female,South,33,Two year,6.5,1.67,157.1,1,2.95,75.71,2393.31,2,Bank transfer,0
100031,30,Female,South,4,Month-to-month,32.18,32.15,116.7,0,0.1,74.92,274.96,0,Bank transfer,0
100032,23,Female,North,23,Month-to-month,36.99,15.17,148.8,3,2.3,81.73,1777.33,0,Bank transfer,1
100033,49,Female,North,71,Month-to-month,25.64,22.67,109.2,1,5.01,54.64,3520.83,0,Bank transfer,0
100034,68,Male,West,4,Two year,9.21,6.09,95.4,0,1.56,31.17,122.02,1,Credit card,0
100035,21,Male,West,65,Month-to-month,21.19,19.69,60.4,2,1.16,104.99,6145.71,1,Digital wallet,1
100036,66,Female,West,37,Two year,11.37,12.48,137.7,0,0.1,27.0,925.27,0,Bank transfer,0
100037,65,Male,North,42,Month-to-month,23.2,12.97,44.0,0,1.18,72.32,3187.39,2,Bank transfer,1
100038,33,Male,North,67,Month-to-month,33.76,29.97,166.9,0,2.14,110.47,7705.28,0,Bank transfer,0
100039,54,Male,South,16,Two year,25.89,22.82,160.6,2,5.7,73.74,1168.38,0,Mailed check,0
100040,27,Male,South,70,Month-to-month,23.75,24.17,134.6,0,2.22,80.15,5877.68,0,Digital wallet,0
100041,61,Male,North,20,Two year,26.87,29.61,217.7,1,2.29,80.15,1554.16,0,Digital wallet,1
100042,57,Male,West,25,Month-to-month,55.91,53.89,90.1,0,2.43,94.26,2291.68,0,Digital wallet,0
100043,38,Female,West,32,Month-to-month,19.34,20.19,88.2,1,1.19,99.07,3064.07,0,Mailed check,0
100044,21,Female,South,43,One year,35.89,21.5,84.1,2,0.1,29.29,1140.29,0,Credit card,0
100045,73,Male,South,23,Two year,45.1,50.54,120.1,0,4.66,97.94,2142.99,1,Mailed check,1
100046,43,Male,South,57,Month-to-month,11.76,3.94,100.4,1,3.41,63.51,3543.56,0,Digital wallet,1
100047,68,Female,North,2,Month-to-month,38.95,43.53,82.3,1,4.17,46.13,90.14,0,Digital wallet,0
100048,56,Male,North,48,One year,27.87,27.6,86.7,2,2.85,38.16,1788.09,0,Bank transfer,0
100049,62,Male,South,47,Two year,58.26,35.97,131.0,1,4.24,71.47,3202.66,0,Credit card,0
100050,61,Male,South,38,Two year,51.62,21.05,205.6,0,0.18,51.07,1955.02,0,Bank transfer,0
100051,29,Male,South,44,Two year,25.98,24.39,73.6,1,2.58,66.93,3070.39,0,Digital wallet,0
100052,38,Male,West,54,Month-to-month,31.21,31.9,20.2,0,3.27,64.96,3578.25,2,Credit card,1
100053,44,Male,North,65,One year,23.68,26.69,155.1,1,4.48,72.33,4458.91,0,Digital wallet,0
100054,46,Female,North,16,Two year,45.32,47.77,57.8,1,3.12,84.95,1281.61,0,Digital wallet,0
100055,20,Female,North,34,Two year,37.11,42.18,205.3,0,3.13,94.47,3316.87,0,Credit card,1
100056,49,Male,North,40,Two year,25.21,25.81,170.5,0,2.84,93.94,3504.24,0,Credit card,0
100057,26,Female,East,25,Two year,26.59,18.34,179.2,0,0.28,102.97,2362.18,0,Bank transfer,1
100058,60,Female,West,70,Two year,22.83,19.55,112.5,0,1.61,58.49,3848.12,0,Credit card,0
100059,56,Male,West,37,Month-to-month,50.5,49.71,199.3,0,1.74,46.73,1695.62,0,Bank transfer,0
100060,70,Male,East,43,Month-to-month,29.19,32.72,136.8,1,3.75,62.89,2436.96,0,Bank transfer,0
100061,60,Female,South,14,Two year,17.25,14.83,130.4,1,3.27,52.77,686.64,0,Digital wallet,0
100062,38,Male,North,30,Month-to-month,43.03,44.55,117.7,0,4.76,32.19,906.18,0,Mailed check,0
100063,73,Male,South,45,Month-to-month,7.22,3.5,145.4,0,3.23,58.58,2593.2,1,Mailed check,1
100064,41,Male,South,31,Month-to-month,25.72,24.78,38.9,0,2.18,82.19,2571.78,0,Bank transfer,0
100065,36,Male,West,55,One year,49.04,24.67,81.6,0,4.42,95.26,5487.36,0,Mailed check,0
100066,69,Male,South,10,Two year,63.59,61.75,81.7,0,0.63,62.65,582.6,2,Credit card,1
100067,39,Male,North,11,Two year,29.62,30.22,102.3,0,2.06,92.03,,0,Mailed check,0
100068,22,Male,North,25,Month-to-month,35.69,23.47,55.8,1,1.08,65.16,1521.92,0,Bank transfer,0
100069,44,Female,North,23,Month-to-month,21.77,14.68,71.3,0,0.82,15.0,341.44,0,Digital wallet,1
100070,63,Male,West,58,Month-to-month,75.95,15.86,46.5,0,0.87,31.0,1687.09,0,Bank transfer,0
100071,28,Female,North,62,Two year,32.48,31.61,70.8,0,1.51,75.19,4520.19,0,Digital wallet,0
100072,44,Female,North,34,Month-to-month,34.86,39.25,62.0,0,2.79,19.73,651.84,0,Bank transfer,1
100073,25,Female,,36,One year,2.84,0.9,69.7,0,1.97,31.62,1187.91,1,Digital wallet,0
100074,57,Female,West,21,One year,22.93,21.58,172.6,1,2.89,26.88,529.97,0,Digital wallet,0
100075,45,Male,South,38,One year,36.49,39.33,104.1,2,2.83,59.75,2324.39,2,Credit card,0
100076,36,Male,East,51,One year,11.8,10.36,93.7,1,0.1,70.92,3651.16,0,Bank transfer,0
100077,30,Male,South,52,One year,29.17,27.71,216.7,0,2.73,22.25,1136.27,0,Bank transfer,0
100078,50,Female,North,69,One year,60.9,54.65,132.1,0,1.37,83.87,5823.88,1,Credit card,0
100079,56,Female,West,42,Month-to-month,48.51,24.6,138.3,1,0.1,65.22,2612.11,0,Credit card,0
100080,71,Female,North,25,Month-to-month,34.12,31.26,117.9,1,2.84,31.92,793.57,1,Mailed check,1
100081,42,Male,North,5,Month-to-month,27.11,27.63,174.9,0,2.6,65.94,303.95,1,Digital wallet,1
100082,27,Male,East,49,Month-to-month,12.9,12.29,190.4,1,2.72,46.06,2298.27,0,Credit card,0
100083,65,Female,North,58,One year,26.72,23.1,129.0,0,3.54,45.7,2519.01,0,Credit card,0
100084,53,Female,North,40,Month-to-month,42.6,47.25,173.7,0,1.48,33.28,1394.91,0,Credit card,1
100085,57,Female,West,66,Two year,16.35,17.21,145.2,0,1.01,64.51,4109.41,0,Credit card,0
100086,23,Male,South,23,Month-to-month,40.22,45.71,131.9,1,2.44,58.68,1403.03,0,Digital wallet,0
100087,35,Male,North,4,One year,31.18,6.29,88.8,2,1.81,58.44,219.49,0,Credit card,1
100088,61,Male,South,45,Month-to-month,12.05,13.13,68.6,1,6.55,61.79,2624.23,0,Bank transfer,0
100089,65,Female,East,9,Month-to-month,12.77,13.0,39.6,0,2.26,70.84,650.54,2,Digital wallet,1
100090,42,Male,North,6,Month-to-month,0.59,0.21,250.4,1,2.45,59.95,371.3,0,Bank transfer,1
100091,63,Female,North,50,One year,31.5,31.12,174.7,1,1.13,15.28,743.57,1,Mailed check,0
100092,65,Male,East,31,Month-to-month,53.41,60.56,83.3,1,0.87,63.75,1797.58,0,Credit card,0
100093,40,Male,East,43,One year,25.71,25.13,34.6,0,0.1,40.75,1668.88,2,Mailed check,0
100094,69,Male,West,54,One year,63.04,18.8,145.8,0,1.92,93.03,5127.92,0,Mailed check,1
100095,34,Female,South,28,Two year,14.18,14.37,90.7,0,2.09,75.63,2058.12,1,Bank transfer,0
100096,31,Female,North,44,One year,27.91,26.51,179.9,0,4.04,89.66,3975.68,1,Digital wallet,1
100097,56,Female,South,39,One year,37.55,17.34,59.2,0,2.01,51.28,1913.45,0,Mailed check,0
100098,54,Female,East,42,Two year,31.25,29.2,81.4,0,1.78,87.24,3315.8,1,Mailed check,1
100099,25,Male,North,50,Month-to-month,24.77,27.34,96.4,0,2.73,36.95,1850.23,1,Bank transfer,1
100100,65,Male,East,28,One year,30.88,28.53,157.4,0,2.21,64.44,1704.43,0,Mailed check,0
100101,29,Female,North,36,Month-to-month,25.97,23.2,72.2,1,3.8,42.19,,0,Credit card,0
100102,63,Male,West,42,One year,38.79,41.44,,0,4.51,79.85,3477.2,0,Bank transfer,0
100103,18,Male,West,10,Month-to-month,25.83,12.88,41.2,1,2.3,107.99,1007.87,1,Mailed check,0
100104,63,Female,South,16,Month-to-month,9.52,10.49,104.7,1,0.89,73.71,1123.32,1,Mailed check,1
100105,62,Female,West,7,One year,21.24,23.96,231.9,0,2.13,27.58,178.28,0,Digital wallet,0
100106,62,Male,West,15,Month-to-month,22.98,24.13,286.8,0,,48.06,652.77,0,Credit card,1
100107,55,Female,North,32,Month-to-month,33.67,32.14,,0,0.32,141.45,4353.79,1,Mailed check,1
100108,44,Female,South,67,Month-to-month,51.55,51.72,33.9,0,1.91,85.47,5238.63,0,Digital wallet,0
100109,58,Female,East,66,Two year,22.23,6.55,98.7,0,0.1,45.65,2847.03,0,Mailed check,0
100110,33,Female,North,55,Month-to-month,33.17,30.05,106.6,0,2.97,87.98,4971.35,0,Digital wallet,0
100111,62,Male,South,40,Month-to-month,66.24,60.52,,0,0.69,68.07,2468.09,0,Credit card,0
100112,49,Male,North,15,Two year,48.88,54.69,,0,1.86,130.64,1949.75,0,Digital wallet,0
100113,44,Female,West,26,Two year,11.69,12.91,56.7,0,2.12,66.75,1663.14,0,Bank transfer,0
100114,46,Male,South,55,Month-to-month,20.67,19.3,198.5,0,0.42,58.61,3090.12,0,Credit card,0
100115,50,Male,West,65,Month-to-month,4.72,2.21,266.9,1,2.42,63.19,4005.18,0,Credit card,0
100116,20,Female,South,69,Month-to-month,43.12,17.18,167.4,1,0.73,55.28,3630.17,0,Credit card,0
100117,25,Male,North,28,Two year,14.63,14.1,,0,4.58,47.11,1203.3,0,Credit card,0
100118,31,Female,West,35,Month-to-month,32.72,22.75,301.9,0,4.36,36.88,1333.2,0,Credit card,0
100119,24,Male,North,37,Month-to-month,31.09,7.23,176.0,1,4.12,53.01,1821.85,0,Bank transfer,0
100120,43,Male,North,4,Month-to-month,55.36,34.34,159.9,1,2.58,84.22,337.77,0,Credit card,1
100121,56,Female,South,9,One year,34.65,39.42,260.5,0,2.87,58.58,534.03,1,Credit card,0
100122,55,Female,East,4,Month-to-month,28.44,19.9,178.7,0,2.1,50.58,188.37,0,Digital wallet,1
100123,44,Male,South,53,One year,40.81,39.49,101.0,0,3.17,31.85,1559.53,0,Credit card,0
100124,66,Male,North,16,Month-to-month,52.8,50.07,242.3,1,4.82,82.61,1370.6,2,Credit card,0
100125,50,Male,South,50,One year,0.0,0.0,60.6,0,0.9,105.23,4755.63,0,Credit card,1
100126,22,Male,North,27,Two year,25.95,14.02,68.2,0,3.03,43.81,1141.99,1,Bank transfer,0
100127,61,Female,North,57,Month-to-month,62.01,16.37,78.6,2,0.1,49.07,2546.47,0,Mailed check,0
100128,50,Male,South,9,Month-to-month,77.07,70.15,118.5,0,1.75,196.74659691918603,364.06,0,Digital wallet,1
100129,54,Male,North,24,Month-to-month,16.92,6.35,129.0,0,2.27,85.46,1904.77,0,Credit card,1
100130,50,Male,North,15,One year,40.53,39.41,97.0,0,2.84,91.05,,0,Bank transfer,0
100131,49,Male,East,31,Month-to-month,18.71,17.95,100.0,0,3.38,68.83,2021.02,0,Bank transfer,0
100132,23,Female,East,40,One year,18.24,19.53,132.7,3,4.33,35.29,1439.32,0,Credit card,0
100133,49,Male,North,12,Month-to-month,25.08,23.93,60.7,0,0.26,74.75,857.62,0,Credit card,0
100134,63,Female,South,48,One year,52.75,52.09,152.2,0,3.67,70.86,3331.8,1,Bank transfer,0
100135,35,Male,North,69,One year,24.61,23.29,18.7,1,,73.34,5068.11,1,Digital wallet,1
100136,52,Male,West,4,Month-to-month,42.14,39.86,109.3,0,1.81,38.89,155.68,0,Credit card,0
100137,19,Female,North,7,Month-to-month,56.03,51.85,78.3,2,1.62,37.2,267.56,1,Credit card,0
100138,37,Male,North,68,One year,23.81,23.8,295.0,1,2.68,24.41,1573.0,0,Credit card,0
100139,42,Male,South,47,Month-to-month,26.11,25.56,92.4,2,2.27,93.81,4290.54,0,Bank transfer,0
100140,74,Male,North,66,One year,30.0,26.02,118.9,1,2.17,94.61,6402.07,0,Credit card,0
100141,30,Male,North,51,Two year,26.26,29.65,95.3,0,4.65,24.54,1186.66,1,Digital wallet,0
100142,33,Female,North,51,Month-to-month,26.1,24.92,53.6,2,6.07,45.05,2140.19,0,Bank transfer,1
100143,41,Female,East,12,Month-to-month,35.64,38.39,52.1,0,2.01,45.18,510.55,1,Digital wallet,1
100144,74,Male,East,37,Month-to-month,31.27,35.08,46.0,1,5.97,87.73,3081.32,0,Digital wallet,0
100145,66,Female,East,26,Month-to-month,15.58,13.3,108.4,0,1.97,67.16,1612.86,0,Bank transfer,1
100146,19,Female,West,60,Two year,68.42,60.69,90.2,2,3.63,103.56,5761.92,0,Bank transfer,0
100147,31,Female,South,4,Two year,27.98,25.38,,2,0.93,57.72,209.6,0,Bank transfer,1
100148,64,Male,West,2,Month-to-month,8.52,9.51,273.3,0,1.17,31.5,58.81,0,Digital wallet,1
100149,21,Female,East,40,Two year,43.88,44.49,160.0,1,2.01,46.59,1930.77,0,Digital wallet,0
100150,66,Male,West,69,Month-to-month,15.26,4.44,120.3,1,3.75,42.25,2891.01,0,Digital wallet,0
100151,34,Female,East,71,Two year,41.53,39.17,24.4,2,2.81,91.29,6155.19,0,Digital wallet,1
100152,70,Female,South,43,Two year,16.95,14.64,138.2,1,0.1,113.07,4960.1,0,Credit card,0
100153,34,Male,North,31,Month-to-month,76.26,37.5,116.3,0,,77.26,2370.81,0,Digital wallet,0
100154,42,Male,South,20,One year,55.56,47.82,178.8,1,0.1,47.57,882.87,0,Mailed check,1
100155,55,Female,North,71,One year,29.73,19.95,69.1,0,2.98,71.41,5035.62,0,Credit card,0
100156,25,Male,South,14,Month-to-month,39.13,8.41,81.4,0,2.72,24.2,352.47,0,Bank transfer,0
100157,49,Female,North,9,Month-to-month,38.14,39.03,127.0,1,2.69,59.99,492.12,0,Digital wallet,0
100158,46,Female,North,37,One year,17.02,18.06,79.3,0,2.68,23.16,898.52,0,Digital wallet,0
100159,62,Male,West,28,Month-to-month,40.97,39.56,137.1,0,1.36,77.02,2078.13,0,Bank transfer,1
100160,74,Male,East,36,Month-to-month,33.87,31.71,52.6,0,2.75,60.84,2131.78,0,Credit card,1
100161,55,Male,East,65,Month-to-month,37.09,16.59,103.3,0,4.65,85.49,5020.18,0,Bank transfer,0
100162,41,Male,South,20,One year,34.3,37.46,69.8,2,3.35,83.55,1570.09,1,Credit card,0
100163,41,Male,East,63,Month-to-month,29.86,33.13,173.7,0,0.74,51.12,3080.55,0,Mailed check,0
100164,41,Male,West,16,Month-to-month,15.68,15.13,310.8,2,2.0,90.37,1511.25,2,Digital wallet,1
100165,64,Female,East,23,Month-to-month,42.12,23.66,268.2,1,1.56,35.4,822.96,0,Credit card,1
100166,36,Male,East,1,Month-to-month,51.09,54.9,,2,3.82,130.88,136.23,0,Credit card,1
100167,27,Female,South,49,One year,33.32,37.01,144.1,0,0.91,31.49,1558.21,0,Bank transfer,0
100168,37,Female,South,61,Month-to-month,41.61,40.12,69.1,0,,83.63,5239.92,0,Digital wallet,1
100169,19,Female,East,63,One year,37.11,33.33,51.6,0,1.98,96.09,5477.12,0,Bank transfer,0
100170,24,Female,West,12,Month-to-month,11.39,10.94,141.8,0,1.33,69.5,858.73,1,Mailed check,0
100171,23,Male,South,55,One year,83.3,72.36,51.6,0,2.81,39.17,2201.7,1,Digital wallet,1
100172,61,Female,South,11,Month-to-month,43.81,18.19,204.9,0,2.17,45.65,496.66,0,Bank transfer,0
100173,59,Male,South,45,Two year,22.53,19.39,143.5,2,3.62,39.44,1784.12,1,Bank transfer,0
100174,57,Male,South,50,Month-to-month,42.64,20.02,181.3,1,1.77,64.87,3294.76,0,Mailed check,0
100175,44,Male,West,11,Two year,11.15,12.23,127.2,1,0.72,84.8,846.66,0,Bank transfer,0
100176,58,Female,East,8,Month-to-month,37.61,41.59,47.4,1,2.19,77.09,578.07,1,Bank transfer,1
100177,27,Female,South,6,Month-to-month,23.75,24.8,88.1,1,2.88,66.39,414.57,0,Digital wallet,1
100178,69,Female,South,51,One year,17.94,19.86,225.5,2,3.42,30.08,1449.8,0,Credit card,0
100179,46,Female,South,44,Month-to-month,15.62,17.67,101.0,2,2.22,107.53,4331.6,0,Bank transfer,0
100180,71,Male,North,9,Month-to-month,34.82,36.77,96.7,0,3.76,60.62,546.93,1,Digital wallet,0
100181,26,Female,South,36,Two year,35.66,40.06,239.5,0,0.49,55.5,1911.98,1,Digital wallet,1
100182,46,Male,,57,One year,15.44,17.38,124.7,2,3.97,70.77,4130.23,0,Mailed check,1
100183,57,Female,East,17,One year,23.95,22.33,212.0,0,3.35,23.54,394.9,0,Digital wallet,0
100184,46,Male,North,44,Two year,32.58,36.98,102.0,0,1.83,63.55,2932.6,0,Credit card,0
100185,43,Female,East,21,Month-to-month,25.46,29.15,59.5,1,4.07,59.78,1264.67,1,Digital wallet,1
100186,27,Male,East,19,Month-to-month,78.32,73.14,21.0,0,2.97,60.72,1150.76,0,Bank transfer,1
100187,39,Female,,28,Two year,32.96,14.06,100.6,1,4.42,95.51,2605.01,1,Credit card,1
100188,31,Male,East,26,Month-to-month,33.1,34.37,116.5,0,1.33,33.74,797.95,0,Credit card,0
100189,35,Male,East,36,Month-to-month,53.02,48.57,200.6,0,1.48,64.03,2085.91,1,Credit card,1
100190,56,Female,West,15,Month-to-month,39.98,38.71,5.9,0,3.32,49.59,753.02,2,Mailed check,1
100191,53,Male,North,28,Month-to-month,41.84,43.4,151.2,1,2.6,59.61,1692.66,0,Bank transfer,0
100192,52,Male,North,45,Month-to-month,37.34,32.16,110.5,1,0.34,85.79,3596.16,1,Bank transfer,0
100193,38,Male,South,28,Month-to-month,45.65,47.65,98.4,1,5.31,61.78,1700.0,0,Credit card,1
100194,72,Male,North,47,One year,22.13,22.04,302.5,1,5.13,58.14,2593.61,0,Bank transfer,0
100195,22,Male,South,9,One year,9.92,8.8,144.1,0,2.79,15.0,136.37,0,Digital wallet,1
100196,37,Female,West,10,Two year,54.18,27.02,244.8,0,1.47,84.61,865.5,1,Digital wallet,0
100197,24,Male,North,62,Month-to-month,31.61,33.36,67.8,1,1.5,24.42,1462.93,1,Digital wallet,0
100198,37,Male,South,33,Month-to-month,25.7,29.11,85.4,3,3.08,53.23,1762.7,0,Digital wallet,0
100199,72,Male,West,44,One year,16.21,3.8,201.6,0,4.65,43.59,1830.05,0,Digital wallet,0
100200,38,Female,South,53,Month-to-month,14.99,12.75,61.4,0,6.47,15.0,777.79,1,Digital wallet,0
100201,69,Female,South,11,Month-to-month,30.46,29.89,63.6,0,2.05,68.47,761.47,1,Bank transfer,0
100202,46,Male,East,70,One year,28.45,25.26,56.1,0,1.97,54.45,3499.89,0,Credit card,0
100203,57,Male,North,31,One year,54.63,25.86,78.1,0,,77.84,2178.34,0,Bank transfer,1
100204,44,Male,North,64,Month-to-month,38.33,34.96,127.8,1,3.11,78.61,5015.79,0,Credit card,1
100205,33,Female,East,30,One year,46.27,21.09,150.3,0,1.22,80.38,2455.69,0,Bank transfer,0
100206,61,Female,South,29,One year,50.34,14.65,121.0,0,0.46,77.68,2239.55,0,Mailed check,1
100207,73,Female,North,43,Two year,32.28,32.2,,3,2.15,77.33,3083.7,0,Bank transfer,0
100208,33,Male,North,14,Month-to-month,67.15,62.94,113.0,3,2.96,88.87,1213.87,0,Credit card,1
100209,62,Female,West,44,One year,23.97,25.05,246.2,1,5.07,73.97,3127.29,1,Bank transfer,0
100210,32,Male,North,70,One year,48.78,45.33,111.1,3,0.88,70.36,5130.29,0,Digital wallet,0
100211,58,Female,East,46,Month-to-month,9.32,10.09,85.9,0,4.19,60.82,2808.19,0,Bank transfer,0
100212,62,Female,South,5,One year,10.32,9.34,18.0,0,2.35,71.45,349.36,0,Digital wallet,0
100213,43,Male,East,50,One year,9.54,10.71,105.0,3,2.13,78.0,3742.76,1,Digital wallet,1
100214,60,Female,North,3,Month-to-month,25.4,11.87,196.5,0,0.17,77.27,220.42,0,Credit card,1
100215,33,Female,North,8,Month-to-month,10.85,10.53,32.8,1,3.09,60.51,445.46,0,Bank transfer,1
100216,22,Male,South,21,Month-to-month,21.87,18.96,46.3,0,,578.0087992824831,2492.54,0,Credit card,1
100217,23,Male,East,22,One year,21.58,9.31,79.8,1,5.9,103.28,2228.76,0,Credit card,1
100218,43,Male,North,1,Month-to-month,74.46,65.52,72.6,0,2.11,44.5,40.57,0,Credit card,0
100219,69,Female,South,2,Month-to-month,25.0,12.41,,0,4.83,64.79,124.58,0,Credit card,1
100220,25,Male,South,57,Month-to-month,35.11,16.92,285.0,0,2.04,105.27,6090.09,1,Digital wallet,1
100221,43,Male,North,33,One year,44.11,44.54,53.9,2,1.99,42.84,1303.16,0,Credit card,1
100222,58,Female,East,15,One year,6.92,2.78,71.5,0,0.1,34.09,519.83,0,Bank transfer,0
100223,29,Male,North,31,Month-to-month,61.29,36.2,99.7,0,4.22,131.9,3960.9,0,Credit card,0
100224,59,Male,South,50,Month-to-month,36.13,40.58,67.9,0,2.71,52.84,2405.24,0,Mailed check,0
100225,35,Female,North,53,Month-to-month,51.33,51.57,117.0,1,2.49,15.0,827.61,0,Bank transfer,0
100226,64,Female,South,21,Month-to-month,36.76,36.21,147.4,0,2.06,44.42,865.54,0,Digital wallet,1
100227,51,Female,South,12,One year,14.19,5.37,72.8,0,2.85,54.28,590.33,0,Digital wallet,1
100228,49,Male,South,69,Month-to-month,14.14,15.29,179.7,0,1.43,85.22,5759.79,0,Bank transfer,0
100229,28,Male,South,45,One year,47.03,43.18,87.3,0,3.17,65.82,2731.93,0,Credit card,0
100230,44,Male,West,70,One year,21.53,9.41,67.5,0,1.07,29.72,1887.58,1,Credit card,0
100231,66,Female,South,22,Two year,4.81,1.99,38.8,2,2.3,15.0,330.29,0,Bank transfer,0
100232,19,Male,,8,Month-to-month,22.35,23.53,156.3,0,3.25,77.19,565.77,0,Bank transfer,0
100233,61,Male,North,28,Month-to-month,28.41,26.01,129.9,1,4.61,66.48,1944.92,0,Bank transfer,1
100234,46,Female,South,24,Month-to-month,55.27,24.48,51.8,0,2.81,95.12,2332.61,0,Digital wallet,0
100235,59,Female,North,52,Two year,28.4,17.04,62.2,2,4.44,49.04,2628.44,0,Digital wallet,0
100236,55,Female,South,51,One year,27.78,30.66,,0,2.48,58.15,2966.68,0,Credit card,0
100237,42,Male,East,6,One year,36.58,40.77,150.5,0,1.1,51.4,302.78,0,Credit card,1
100238,35,Female,West,42,One year,54.59,49.59,132.6,1,5.62,49.55,2086.67,1,Credit card,0
100239,53,Male,East,25,Month-to-month,21.1,18.85,155.8,0,2.33,74.46,1839.05,0,Credit card,1
100240,25,Female,East,44,One year,35.68,19.8,335.5,0,3.92,53.43,2400.75,1,Bank transfer,0
100241,51,Male,North,28,Two year,20.65,22.03,181.5,0,1.57,22.75,591.01,0,Credit card,0
100242,23,Female,North,39,Month-to-month,57.15,59.77,158.7,2,3.28,311.39668681657463,3503.94,0,Credit card,0
100243,55,Male,West,51,Two year,64.28,66.63,77.3,1,3.02,70.36,3594.4,0,Credit card,0
100244,53,Female,North,21,Two year,31.69,31.78,48.2,2,2.5,81.31,1587.91,0,Digital wallet,1
100245,22,Male,North,15,Two year,34.16,30.36,225.8,1,5.54,97.62,1533.09,0,Bank transfer,0
100246,61,Female,West,51,Two year,28.11,29.96,79.9,0,3.14,59.64,2805.87,0,Mailed check,0
100247,41,Male,West,68,Month-to-month,10.2,9.17,140.2,1,1.94,59.76,4060.58,0,Mailed check,0
100248,62,Male,East,32,One year,28.02,28.38,37.4,2,4.86,37.88,1235.99,1,Digital wallet,1
100249,20,Male,South,71,Month-to-month,29.32,6.48,27.6,1,0.1,86.3,5775.71,1,Digital wallet,0
100250,28,Female,West,14,One year,22.46,21.42,180.6,0,0.31,26.03,364.65,1,Credit card,0
100251,46,Male,North,59,Month-to-month,23.42,22.23,66.5,0,3.82,69.88,4302.42,1,Digital wallet,1
100252,28,Male,South,71,Two year,37.29,41.01,139.5,0,2.84,77.91,5769.7,0,Bank transfer,0
100253,36,Female,South,22,Month-to-month,33.47,14.97,67.0,0,1.68,31.91,,2,Digital wallet,1
100254,55,Male,West,11,Month-to-month,23.87,23.55,,0,3.09,95.71,965.55,0,Credit card,1
100255,26,Male,West,48,Month-to-month,62.59,62.47,,2,4.1,15.33,695.88,1,Digital wallet,1
100256,56,Female,East,62,One year,7.41,8.29,92.4,0,0.91,31.78,1790.8,0,Credit card,0
100257,23,Female,North,6,Month-to-month,28.08,28.58,131.8,1,2.37,64.14,354.48,1,Digital wallet,1
100258,27,Female,South,46,Month-to-month,47.6,51.9,144.3,1,2.56,82.82,3648.14,1,Credit card,1
100259,51,Female,North,62,Month-to-month,7.65,8.48,70.8,1,2.96,30.8,1722.23,1,Mailed check,1
100260,63,Male,West,3,Month-to-month,13.51,14.3,140.1,0,3.47,83.09,226.95,0,Mailed check,0
100261,27,Male,North,37,Two year,17.7,15.81,146.7,1,0.1,85.44,3302.73,1,Bank transfer,1
100262,35,Male,North,6,Month-to-month,36.96,32.74,,1,3.3,55.12,333.33,1,Mailed check,0
100263,70,Female,East,13,Month-to-month,24.14,23.66,212.3,2,0.1,68.27,840.34,0,Credit card,1
100264,74,Female,South,35,Month-to-month,35.29,30.67,106.0,3,2.44,94.19,3026.47,2,Bank transfer,0
100265,51,Male,West,24,Month-to-month,9.48,8.92,67.4,1,0.92,103.15,2405.99,1,Digital wallet,0
100266,43,Female,North,7,Month-to-month,20.49,18.7,57.0,2,2.79,52.1,360.9,0,Digital wallet,0
100267,37,Male,West,57,Month-to-month,40.64,10.66,74.1,1,3.5,44.17,2369.29,0,Credit card,0
100268,52,Male,North,15,Month-to-month,33.45,28.82,78.1,1,2.59,61.01,901.46,2,Credit card,1
100269,51,Female,North,62,Month-to-month,22.86,12.91,86.0,0,1.52,37.97,,0,Credit card,0
100270,34,Female,South,13,Month-to-month,36.04,34.95,104.1,1,0.53,96.28,1246.05,0,Credit card,0
100271,19,Female,North,37,One year,23.99,16.63,118.9,0,2.44,77.22,2751.14,2,Credit card,1
100272,26,Female,East,52,Month-to-month,35.35,32.69,123.2,0,1.89,64.9,3291.67,1,Digital wallet,0
100273,72,Female,North,35,One year,36.9,18.79,164.7,0,3.0,92.95,2987.56,0,Bank transfer,0
100274,41,Female,North,30,One year,62.44,54.99,224.9,1,1.85,84.33,2358.0,0,Credit card,1
100275,45,Male,East,54,Two year,63.08,67.44,123.8,0,4.6,89.36,4681.48,0,Credit card,0
100276,44,Male,North,1,Month-to-month,18.53,7.23,78.2,0,2.57,78.87,77.25,0,Credit card,1
100277,62,Female,East,59,One year,29.77,33.45,162.8,0,3.88,100.38,6017.26,0,Bank transfer,0
100278,21,Male,East,49,Two year,19.76,20.48,156.9,0,1.75,30.74,1396.85,1,Credit card,0
100279,22,Male,North,55,Two year,34.98,39.49,73.2,0,3.6,78.06,4312.81,0,Digital wallet,0
100280,33,Male,,30,Two year,29.01,26.1,158.4,0,3.44,104.28,3029.57,0,Credit card,0
100281,45,Male,North,28,Month-to-month,50.56,54.63,13.7,1,1.48,57.07,1445.23,1,Mailed check,1
100282,56,Female,South,41,Two year,29.14,28.34,56.8,0,0.25,50.7,1886.93,1,Digital wallet,0
100283,45,Male,North,46,Two year,60.12,59.93,48.6,0,4.4,55.77,2509.14,0,Credit card,0
100284,43,Male,West,66,Month-to-month,70.64,74.12,59.1,2,1.87,65.05,4298.61,0,Credit card,0
100285,71,Female,East,61,Month-to-month,64.97,70.5,164.8,0,1.53,92.02,5777.63,0,Bank transfer,0
100286,27,Male,South,4,Two year,6.41,5.56,91.5,1,2.05,65.15,243.63,1,Mailed check,1
100287,50,Male,West,11,Month-to-month,29.04,28.06,176.4,0,1.08,93.31,1049.6,0,Bank transfer,1
100288,48,Male,South,68,One year,31.34,33.83,236.3,0,3.45,77.08,4855.56,0,Bank transfer,0
100289,44,Female,West,28,Month-to-month,33.43,33.78,229.5,0,2.49,88.42,2469.91,0,Credit card,0
100290,64,Male,East,42,One year,46.7,44.48,71.8,1,2.58,66.22,2574.0,0,Bank transfer,0
100291,33,Female,West,5,Month-to-month,32.85,28.32,93.9,1,4.21,58.92,292.81,0,Mailed check,0
100292,72,Male,West,8,One year,32.12,27.38,106.0,0,2.65,31.78,239.21,0,Bank transfer,0
100293,36,Female,West,30,Month-to-month,28.07,27.44,255.8,1,4.86,15.0,430.53,0,Credit card,0
100294,49,Male,North,51,Two year,3.73,0.88,70.9,1,2.47,55.18,2805.69,1,Bank transfer,0
100295,47,Female,West,55,Month-to-month,18.36,6.73,193.1,0,0.24,15.0,808.14,1,Digital wallet,0
100296,66,Male,West,64,Month-to-month,50.92,50.67,139.5,1,1.17,62.65,3662.07,0,Mailed check,1
100297,43,Female,East,14,Month-to-month,6.22,5.71,18.0,1,1.41,81.53,1133.03,1,Digital wallet,1
100298,34,Male,North,15,Month-to-month,37.09,40.43,89.5,0,2.67,65.59,968.5,0,Digital wallet,0
100299,19,Male,West,39,Two year,17.88,8.27,54.4,1,4.78,15.0,591.52,0,Bank transfer,0
100300,38,Male,North,39,Month-to-month,27.89,29.76,87.5,0,2.78,54.39,2180.23,1,Credit card,0
100301,65,Male,South,3,Month-to-month,41.13,37.28,18.8,0,2.16,78.04,217.62,2,Credit card,1
100302,18,Male,South,32,Two year,13.05,8.36,264.9,1,2.05,96.23,3082.69,0,Credit card,0
100303,69,Female,North,64,Month-to-month,23.69,21.47,82.3,2,3.32,77.55,4729.71,0,Bank transfer,0
100304,48,Male,East,12,Month-to-month,14.78,16.4,88.1,0,3.12,64.35,722.32,0,Digital wallet,1
100305,25,Male,North,59,One year,36.44,41.02,250.3,0,3.7,76.19,4526.52,0,Bank transfer,0
100306,35,Female,East,32,Month-to-month,20.65,23.65,42.9,1,1.44,110.55,3456.56,0,Credit card,1
100307,49,Male,West,38,Two year,19.12,20.19,142.7,2,5.88,65.12,2558.93,0,Bank transfer,0
100308,35,Male,South,46,One year,41.23,46.53,66.1,0,1.98,27.27,1174.25,1,Mailed check,0
100309,24,Male,East,51,Month-to-month,13.35,11.94,28.2,0,1.55,52.72,2489.86,0,Bank transfer,0
100310,55,Male,North,46,One year,26.25,23.54,153.4,1,4.29,45.78,2054.37,0,Bank transfer,0
100311,56,Male,West,8,Two year,13.82,6.31,215.9,1,3.85,35.35,287.94,0,Mailed check,0
100312,24,Male,,21,Month-to-month,34.73,29.95,102.1,0,1.53,46.64,957.49,0,Bank transfer,0
100313,34,Male,North,61,One year,33.88,34.27,167.2,1,3.52,133.41,7845.42,1,Bank transfer,0
100314,31,Female,East,3,Month-to-month,23.96,21.96,70.7,2,1.86,38.87,116.23,0,Bank transfer,1
100315,55,Male,South,51,Month-to-month,57.38,58.57,145.7,0,3.13,51.79,,2,Bank transfer,0
100316,59,Female,South,37,One year,50.43,42.98,108.2,0,2.85,134.14,4941.56,0,Bank transfer,0
100317,59,Female,East,9,Month-to-month,19.49,13.49,76.0,1,6.32,78.56,716.7,0,Bank transfer,1
100318,71,Male,South,9,Month-to-month,91.67,92.47,52.7,2,4.59,72.8,686.19,1,Bank transfer,1
100319,61,Male,East,70,Month-to-month,48.54,54.21,213.6,0,4.1,77.58,5086.7,1,Mailed check,0
100320,36,Female,North,3,One year,40.2,42.92,110.7,0,3.65,68.85,204.55,0,Digital wallet,0
100321,24,Female,South,2,One year,39.24,15.09,84.2,0,0.62,52.44,103.86,0,Credit card,0
100322,53,Male,West,2,Month-to-month,12.8,12.29,91.2,0,,72.11,134.76,0,Digital wallet,0
100323,70,Female,North,45,Month-to-month,56.58,11.33,148.3,0,1.84,77.78,3655.2,1,Credit card,1
100324,73,Female,East,66,Two year,5.93,5.16,164.1,0,2.42,21.77,1462.91,0,Credit card,0
100325,31,Male,North,13,Month-to-month,35.4,18.21,108.6,1,2.63,52.59,638.22,0,Credit card,1
100326,31,Male,West,57,Month-to-month,57.07,52.71,141.0,0,0.1,21.56,1286.85,0,Credit card,0
100327,20,Female,East,52,Month-to-month,20.02,20.04,87.4,0,2.07,41.5,2015.12,0,Credit card,0
100328,26,Male,South,17,One year,44.71,41.46,94.5,1,2.69,77.04,1228.36,0,Mailed check,1
100329,49,Female,North,5,Month-to-month,32.76,35.48,154.8,0,3.89,53.23,240.06,0,Bank transfer,0
100330,49,Male,South,35,Two year,44.83,13.88,85.4,1,1.32,58.0,1861.27,1,Credit card,0
100331,39,Female,West,6,One year,40.19,45.44,49.9,0,,15.0,82.07,0,Bank transfer,0
100332,35,Male,South,9,Month-to-month,56.58,51.09,150.1,2,1.21,30.21,282.78,0,Bank transfer,0
100333,65,Male,South,34,One year,57.37,48.86,134.7,0,2.02,34.91,1220.78,0,Mailed check,0
100334,44,Male,East,58,Month-to-month,6.15,5.38,180.2,1,0.81,21.07,1224.65,1,Credit card,0
100335,64,Male,South,71,Month-to-month,16.88,18.41,148.8,1,4.49,68.74,4675.92,0,Digital wallet,0
100336,72,Female,South,45,One year,33.27,28.81,132.5,2,3.66,66.08,3011.6,0,Credit card,0
100337,36,Male,South,20,Month-to-month,46.27,49.69,44.9,1,6.57,85.02,1653.6,0,Credit card,0
100338,29,Female,North,24,Two year,15.95,15.49,106.8,0,1.7,96.75,2424.57,0,Bank transfer,0
100339,72,Female,East,44,One year,45.55,44.54,78.5,0,3.79,99.32,3954.62,0,Mailed check,1
100340,54,Male,West,13,Month-to-month,61.37,65.62,148.1,0,0.68,73.84,865.0,2,Credit card,0
100341,34,Female,West,37,Two year,45.27,42.82,,0,4.7,69.75,2469.96,0,Bank transfer,0
100342,53,Female,West,55,Month-to-month,42.75,46.73,162.2,1,2.18,72.04,4065.96,0,Credit card,0
100343,47,Female,South,60,Month-to-month,23.07,20.26,42.8,1,2.37,39.65,2384.33,1,Credit card,1
100344,69,Male,North,5,Month-to-month,28.25,30.11,128.1,1,,71.78,340.46,0,Credit card,0
100345,32,Female,East,21,Two year,80.97,90.78,78.8,0,4.32,52.13,1001.56,1,Credit card,0
100346,74,Female,West,19,Month-to-month,2.32,2.08,157.2,0,1.03,34.26,,1,Digital wallet,1
100347,71,Female,East,40,Month-to-month,27.79,28.25,172.2,1,2.34,20.05,789.34,0,Mailed check,1
100348,28,Male,South,14,Month-to-month,20.65,21.53,104.9,1,4.64,15.0,189.99,0,Bank transfer,0
100349,27,Female,East,68,Month-to-month,13.82,12.3,86.0,0,1.95,58.58,4080.67,0,Mailed check,0
100350,48,Male,West,66,Month-to-month,39.24,12.63,132.3,1,,47.95,3207.5,1,Credit card,0
100351,20,Male,West,24,One year,35.31,35.77,73.0,0,3.31,46.2,1080.47,0,Credit card,0
100352,35,Male,West,29,Two year,24.33,22.52,175.1,1,4.61,36.07,,1,Credit card,0
100353,42,Female,South,32,One year,32.25,6.73,,1,3.5,50.91,1596.15,1,Credit card,1
100354,73,Female,North,4,Month-to-month,49.16,52.9,83.8,2,2.13,37.54,149.33,1,Credit card,0
100355,74,Male,South,64,Month-to-month,32.67,33.33,54.8,3,0.1,67.3,4465.06,0,Digital wallet,0
100356,26,Female,South,56,Month-to-month,34.47,33.54,124.3,1,3.56,83.42,4369.34,0,Bank transfer,0
100357,68,Male,West,24,Month-to-month,25.6,27.46,193.6,0,2.76,52.78,1288.77,0,Credit card,0
100358,23,Male,South,39,One year,33.16,35.47,168.2,0,5.16,92.21,3508.15,0,Credit card,0
100359,60,Female,South,28,Month-to-month,53.15,48.54,49.3,0,3.36,45.57,1158.63,0,Credit card,0
100360,66,Female,South,17,Two year,48.53,41.62,140.8,0,1.65,16.73,290.14,0,Credit card,0
100361,68,Female,East,22,Month-to-month,65.05,60.14,149.4,0,0.63,99.05,2150.34,0,Credit card,1
100362,30,Female,South,8,One year,14.92,16.64,95.2,0,2.24,15.0,108.88,0,Credit card,0
100363,68,Male,North,58,Two year,26.7,25.87,111.0,0,3.04,50.99,2964.41,1,Credit card,0
100364,24,Female,West,47,One year,36.82,17.15,163.2,0,2.66,84.58,3910.35,1,Credit card,0
100365,47,Male,South,67,Two year,18.56,6.01,118.1,0,0.61,95.97,6174.5,1,Digital wallet,0
100366,44,Female,South,1,Two year,40.85,37.19,24.3,2,0.1,60.94,55.68,0,Bank transfer,1
100367,36,Male,North,45,One year,32.92,31.62,64.4,3,1.06,50.66,2356.3,1,Bank transfer,0
100368,19,Male,East,40,Month-to-month,19.15,18.48,82.9,1,0.1,117.49,4885.14,0,Credit card,0
100369,62,Male,East,45,Month-to-month,36.51,36.01,65.6,0,1.03,87.98,4119.24,0,Digital wallet,1
100370,37,Female,West,71,Two year,19.41,19.12,174.4,0,2.86,91.9,6491.06,2,Credit card,0
100371,55,Male,North,28,Month-to-month,62.9,59.09,,0,4.67,76.86,1957.28,1,Bank transfer,1
100372,41,Female,West,11,Two year,21.64,20.34,44.7,0,0.1,80.1,877.22,0,Credit card,0
100373,39,Female,East,1,Month-to-month,16.93,18.46,,0,0.96,71.43,73.22,0,Digital wallet,0
100374,68,Male,North,35,One year,37.12,38.94,182.0,1,3.09,211.88018722665865,2265.42,0,Credit card,0
100375,23,Female,,13,Month-to-month,33.48,35.28,95.6,1,1.82,18.65,238.64,0,Bank transfer,1
100376,59,Male,North,11,Two year,21.85,15.23,130.8,0,,31.49,330.25,0,Credit card,1
100377,60,Male,West,11,Month-to-month,19.73,12.19,,0,3.07,81.92,871.93,1,Credit card,1
100378,39,Female,North,20,Month-to-month,9.08,8.24,52.6,1,1.88,95.03,1874.36,1,Credit card,1
100379,32,Male,South,9,Two year,44.25,50.77,136.3,2,4.31,69.49,640.32,0,Digital wallet,0
100380,18,Male,East,35,Month-to-month,53.25,29.85,77.6,0,6.14,37.43,1364.68,0,Digital wallet,1
100381,71,Male,West,47,Month-to-month,51.66,45.26,233.0,1,0.9,70.01,3072.17,0,Digital wallet,0
100382,72,Female,East,21,Two year,23.62,24.91,50.4,1,3.89,74.43,1465.23,0,Credit card,0
100383,31,Male,West,10,Two year,36.66,39.33,107.7,2,5.66,17.34,177.81,1,Bank transfer,1
100384,19,Male,North,41,Month-to-month,37.84,35.2,187.9,0,4.67,102.51,4072.98,0,Credit card,0
100385,24,Female,West,7,One year,10.55,9.21,83.7,1,1.47,86.53,570.13,1,Credit card,1
100386,21,Male,North,53,Month-to-month,19.88,21.3,134.8,0,2.01,38.42,1869.46,0,Mailed check,0
100387,65,Female,North,28,Month-to-month,37.66,38.4,489.9,0,0.1,62.87,1632.87,0,Bank transfer,0
100388,68,Male,West,30,One year,9.8,11.17,180.3,2,1.65,56.65,1614.34,0,Bank transfer,0
100389,26,Female,North,18,Month-to-month,15.41,16.46,138.8,1,1.69,97.19,1582.12,1,Credit card,1
100390,60,Female,North,21,Month-to-month,46.19,52.15,167.5,0,3.19,50.77,1114.9,0,Credit card,0
100391,28,Male,East,11,Month-to-month,13.85,14.41,143.1,0,0.8,35.03,378.4,0,Mailed check,1
100392,38,Male,South,40,Two year,11.4,4.3,62.6,0,2.61,62.0,2538.29,0,Credit card,1
100393,52,Female,North,11,One year,52.38,52.35,132.4,0,2.81,38.83,412.62,0,Bank transfer,0
100394,59,Female,East,49,Month-to-month,22.85,25.9,323.9,1,1.8,89.06,4554.51,0,Digital wallet,0
100395,67,Male,West,19,Two year,47.0,51.49,210.6,1,3.76,62.58,1145.67,0,Digital wallet,1
100396,20,Female,,41,Two year,70.42,60.6,,0,1.82,35.19,1384.7,1,Credit card,0
100397,29,Male,North,39,Month-to-month,14.09,14.44,98.1,0,2.99,46.53,1831.16,0,Credit card,0
100398,33,Female,East,45,Two year,20.61,18.44,336.4,0,0.55,53.17,2355.26,0,Credit card,0
100399,35,Female,West,54,Month-to-month,33.18,7.82,107.6,1,1.33,56.88,2905.51,2,Bank transfer,1
100400,74,Female,North,40,Month-to-month,50.62,57.43,84.7,1,3.94,23.62,850.46,0,Bank transfer,0
100401,62,Female,North,61,Month-to-month,25.23,26.56,63.9,1,0.1,35.5,1989.08,2,Bank transfer,1
100402,36,Male,North,19,Month-to-month,3.18,1.7,120.4,1,3.63,71.32,1272.45,0,Credit card,0
100403,73,Female,South,54,One year,11.7,2.47,81.5,0,2.01,96.56,4776.74,0,Bank transfer,1
100404,46,Female,North,25,One year,21.01,20.7,117.5,2,0.1,51.61,1261.31,0,Credit card,0
100405,46,Female,East,45,Two year,41.44,47.15,136.7,1,1.83,66.84,2859.63,1,Digital wallet,0
100406,42,Female,West,35,Month-to-month,19.99,19.01,225.3,1,3.6,122.86,4321.26,1,Credit card,1
100407,26,Female,North,65,Month-to-month,40.05,39.38,97.0,0,5.96,70.54,4452.97,0,Credit card,0
100408,71,Female,East,20,Month-to-month,24.2,23.46,23.7,0,5.3,15.79,294.21,0,Digital wallet,0
100409,18,Female,North,37,Month-to-month,32.16,13.53,93.9,1,1.1,78.56,2807.49,1,Mailed check,1
100410,27,Female,North,12,Two year,43.96,39.11,94.7,0,3.7,69.89,846.48,1,Credit card,0
100411,31,Male,West,45,One year,48.65,11.01,90.0,0,1.83,53.62,2359.89,0,Credit card,0
100412,33,Male,South,3,One year,71.53,64.02,,1,1.58,36.16,104.55,0,Digital wallet,0
100413,25,Male,,30,One year,32.65,33.54,30.7,1,4.01,85.01,2432.66,0,Digital wallet,0
100414,19,Male,South,1,Month-to-month,12.11,5.81,51.9,0,2.84,15.0,15.06,0,Bank transfer,1
100415,56,Male,North,24,Month-to-month,38.02,33.11,87.6,1,2.85,53.81,1300.73,0,Digital wallet,0
100416,73,Male,South,35,Month-to-month,21.54,24.33,180.1,0,0.1,55.57,1934.04,1,Digital wallet,0
100417,24,Male,North,24,Two year,39.04,18.73,109.1,1,1.05,46.83,1107.56,0,Credit card,0
100418,34,Female,West,28,Month-to-month,33.7,31.95,149.6,0,1.15,61.81,1650.75,0,Credit card,1
100419,46,Male,East,11,Month-to-month,48.77,46.15,47.1,0,3.27,33.34,371.12,0,Credit card,0
100420,70,Female,South,51,One year,22.58,20.14,69.0,0,3.6,78.38,4123.77,0,Credit card,0
100421,57,Male,South,57,Month-to-month,39.0,37.26,9.4,0,5.1,137.55,7204.58,1,Bank transfer,1
100422,61,Male,East,33,Month-to-month,42.35,19.71,27.5,0,1.09,142.28278932539254,1437.4,0,Credit card,0
100423,51,Female,West,4,Month-to-month,0.0,0.0,307.1,0,5.14,74.95,280.27,1,Digital wallet,1
100424,41,Female,North,5,Month-to-month,33.36,37.94,44.9,1,2.11,68.61,315.66,1,Bank transfer,0
100425,29,Female,North,48,Month-to-month,5.98,5.43,58.5,0,2.62,69.88,3354.37,0,Digital wallet,0
100426,67,Female,North,66,Two year,17.67,15.96,,2,2.32,53.13,3386.4,0,Bank transfer,0
100427,63,Female,South,62,One year,29.43,26.25,255.8,0,2.88,65.07,4223.87,2,Credit card,0
100428,19,Female,South,29,Month-to-month,8.25,8.43,,0,3.55,70.15,1957.38,1,Credit card,0
100429,58,Male,North,36,One year,33.83,18.85,100.3,1,4.06,84.92,3051.38,1,Credit card,1
100430,22,Female,South,12,One year,40.09,35.49,70.8,1,2.13,83.17,920.5,1,Bank transfer,0
100431,60,Female,South,5,One year,51.83,45.42,81.0,0,2.63,97.0,467.02,0,Digital wallet,0
100432,65,Male,North,55,Two year,14.2,15.24,38.8,0,1.13,46.52,2564.26,0,Credit card,0
100433,25,Male,West,31,Two year,72.17,22.67,72.2,1,3.52,69.51,1978.41,0,Credit card,0
100434,42,Female,East,36,Month-to-month,19.98,21.73,155.8,0,2.9,61.05,2167.55,1,Bank transfer,0
100435,25,Male,South,25,Month-to-month,33.96,32.07,99.6,0,1.33,86.32,2251.33,0,Credit card,0
100436,50,Female,South,23,Month-to-month,28.13,9.03,133.7,1,0.63,25.82,561.01,0,Credit card,1
100437,70,Male,South,70,Month-to-month,25.02,25.64,49.9,0,2.74,92.31,6399.08,1,Credit card,1
100438,22,Male,West,58,Two year,73.46,78.8,166.8,0,4.46,72.9,4204.0,0,Bank transfer,0
100439,40,Male,East,50,One year,15.19,13.13,103.9,1,4.88,94.99,4869.86,0,Bank transfer,0
100440,73,Female,South,28,Month-to-month,68.4,71.17,82.2,0,0.56,66.16,1709.52,1,Mailed check,0
100441,35,Male,West,52,Two year,49.82,20.33,89.6,1,3.9,60.45,3166.18,1,Credit card,0
100442,25,Female,West,25,One year,30.69,28.72,112.2,0,3.7,48.46,1190.91,0,Credit card,1
100443,45,Female,West,37,Month-to-month,31.12,30.27,109.5,1,4.58,54.81,1990.86,0,Credit card,0
100444,46,Male,North,11,Two year,38.95,37.27,225.3,2,3.21,15.0,164.26,0,Mailed check,1
100445,55,Female,North,51,Month-to-month,20.49,21.84,114.9,0,2.0,60.89,3164.19,0,Credit card,0
100446,35,Male,East,5,Month-to-month,28.73,28.46,112.3,1,3.68,51.74,260.71,0,Credit card,0
100447,72,Female,South,52,Month-to-month,34.71,37.42,97.0,0,0.1,67.23,3175.04,0,Digital wallet,0
100448,47,Male,East,43,Two year,52.06,28.71,126.4,0,1.01,47.36,1979.23,2,Credit card,0
100449,34,Male,West,5,Month-to-month,27.43,25.9,176.4,0,1.2,73.68,368.64,0,Bank transfer,0
100450,72,Female,North,36,Month-to-month,13.36,13.52,27.1,0,1.49,61.56,1997.32,0,Bank transfer,0
100451,70,Female,North,16,One year,39.12,43.89,24.6,2,0.22,19.21,290.48,1,Credit card,0
100452,46,Female,South,34,Two year,31.56,30.97,94.6,1,1.65,66.09,2060.67,1,Digital wallet,1
100453,19,Female,North,1,Month-to-month,14.7,15.04,64.5,2,1.67,85.46,80.97,0,Bank transfer,0
100454,52,Male,East,52,Month-to-month,31.77,33.39,108.7,2,2.1,87.3,4602.63,1,Bank transfer,1
100455,49,Male,East,37,Two year,19.8,5.11,110.2,0,2.93,42.61,1604.56,0,Credit card,1
100456,26,Male,South,26,One year,32.98,37.06,93.8,0,0.62,27.21,707.77,2,Bank transfer,0
100457,54,Female,East,63,Month-to-month,30.19,19.41,203.9,1,1.82,92.16,5343.27,0,Credit card,1
100458,65,Male,South,46,Month-to-month,38.55,40.13,60.3,0,2.36,75.23,3490.44,0,Mailed check,0
100459,24,Male,East,44,Month-to-month,35.01,36.19,68.8,0,0.1,40.66,1805.22,0,Bank transfer,0
100460,59,Male,North,11,One year,42.37,13.82,237.7,0,2.39,44.02,438.97,0,Mailed check,0
100461,25,Male,East,36,One year,28.48,7.52,44.8,0,2.86,65.64,,1,Credit card,1
100462,60,Male,East,50,One year,10.64,11.7,90.0,0,3.64,86.37,4212.29,0,Bank transfer,0
100463,41,Male,North,66,Month-to-month,30.44,34.94,84.1,1,0.52,56.51,3719.07,0,Credit card,0
100464,18,Male,East,43,Two year,54.01,60.47,139.4,1,2.27,27.6,1190.78,0,Credit card,0
100465,73,Female,West,13,Month-to-month,6.93,6.15,,0,4.36,17.22,203.69,0,Bank transfer,0
100466,27,Male,North,49,Two year,5.31,5.59,40.3,1,0.1,44.45,2041.55,1,Credit card,0
100467,51,Male,East,6,Month-to-month,12.75,12.09,76.1,0,2.49,44.01,270.34,0,Mailed check,0
100468,28,Female,West,23,Month-to-month,46.37,23.16,70.4,0,0.22,36.93,830.58,3,Mailed check,1
100469,71,Male,West,66,Month-to-month,16.78,16.35,155.0,0,1.86,100.21,6760.54,0,Credit card,0
100470,60,Male,South,57,Month-to-month,49.64,51.81,237.1,0,1.29,25.71,1375.13,0,Digital wallet,0
100471,63,Male,East,65,Month-to-month,32.92,11.12,204.1,1,3.06,46.35,3135.59,0,Digital wallet,0
100472,42,Male,West,26,One year,26.37,23.56,98.9,1,2.06,118.53,2987.61,0,Credit card,1
100473,44,Female,East,49,Two year,102.27,41.36,182.4,0,0.59,44.84,2137.81,0,Digital wallet,0
100474,54,Male,North,50,Month-to-month,18.18,4.19,184.3,1,4.78,64.52,3045.53,2,Digital wallet,0
100475,62,Male,North,18,Month-to-month,26.55,11.48,266.2,0,2.77,100.26,1839.03,0,Credit card,1
100476,66,Male,West,67,Month-to-month,11.31,11.97,6.1,0,3.98,61.98,4171.47,0,Bank transfer,0
100477,19,Male,South,69,Two year,32.53,30.51,81.4,0,0.86,74.59,5299.26,0,Credit card,0
100478,55,Female,North,8,Month-to-month,13.28,4.67,150.5,3,1.91,48.2,371.56,1,Bank transfer,1
100479,24,Male,South,55,Month-to-month,18.48,20.25,,0,4.0,43.2,2429.31,0,Bank transfer,0
100480,34,Female,West,32,Month-to-month,21.43,6.11,41.4,2,1.38,24.69,763.27,0,Credit card,1
100481,65,Female,South,48,Month-to-month,24.89,9.78,48.7,0,2.49,59.57,2703.71,1,Mailed check,0
100482,32,Female,West,40,One year,48.57,46.7,129.5,0,2.4,74.39,3118.31,0,Mailed check,1
100483,63,Female,East,16,Month-to-month,14.95,12.93,70.3,3,0.1,113.39,1707.06,1,Mailed check,1
100484,44,Female,West,7,Month-to-month,12.05,12.41,49.4,0,2.4,51.44,334.81,0,Bank transfer,0
100485,31,Female,West,37,Two year,26.28,28.25,240.6,0,1.87,94.85,3466.9,0,Credit card,0
100486,37,Female,North,60,Month-to-month,21.71,12.7,128.0,0,2.25,88.34,5379.4,0,Digital wallet,1
100487,48,Male,East,59,One year,54.25,56.15,219.0,0,1.42,46.49,2525.68,0,Bank transfer,0
100488,61,Male,North,20,Month-to-month,11.74,6.83,82.8,1,0.57,65.72,1340.99,0,Digital wallet,0
100489,52,Male,West,62,Two year,49.55,53.69,169.6,0,1.28,66.02,4279.93,0,Digital wallet,0
100490,71,Female,North,26,One year,53.47,58.35,55.8,0,1.71,30.34,770.64,0,Credit card,0
100491,67,Female,East,40,Month-to-month,22.64,19.53,70.2,2,3.41,58.69,2452.96,0,Bank transfer,1
100492,60,Male,West,24,Two year,12.13,10.31,80.8,3,1.66,43.93,970.62,1,Bank transfer,1
100493,52,Male,North,38,Month-to-month,52.39,48.06,71.1,0,2.66,59.21,2217.84,2,Mailed check,1
100494,34,Male,West,38,Month-to-month,44.25,16.83,47.1,1,2.8,60.91,2390.08,1,Bank transfer,1
100495,41,Female,North,50,One year,18.94,13.02,74.3,0,1.69,63.69,3084.24,0,Credit card,0
100496,24,Female,South,34,One year,64.58,59.25,35.2,0,3.96,49.88,1736.48,0,Bank transfer,0
100497,39,Female,South,38,Month-to-month,24.2,6.36,108.3,0,1.94,38.46,1458.87,0,Credit card,1
100498,70,Male,South,47,Month-to-month,28.74,29.28,194.2,0,1.66,20.73,914.92,1,Credit card,0
100499,42,Male,East,30,Month-to-month,37.35,34.32,65.2,0,4.16,88.22,2739.37,0,Mailed check,1
100500,24,Male,West,38,One year,58.35,55.98,,0,2.71,65.49,2378.27,0,Bank transfer,0
100501,55,Female,South,7,Two year,40.8,40.23,184.2,2,0.1,90.5,574.5,1,Credit card,1
100502,72,Female,East,62,Month-to-month,30.61,31.54,244.1,1,0.1,61.01,3535.6,0,Credit card,0
100503,67,Female,West,9,Two year,27.01,16.95,175.9,1,4.89,64.43,591.4,0,Credit card,1
100504,33,Male,West,62,Month-to-month,29.51,33.91,110.1,1,2.62,58.06,3627.76,1,Digital wallet,0
100505,43,Male,North,54,One year,85.15,58.71,141.8,0,2.24,55.69,3007.95,0,Bank transfer,0
100506,48,Female,West,68,Two year,38.6,18.78,149.5,1,0.1,70.81,4397.44,1,Credit card,1
100507,32,Male,North,2,One year,32.51,34.35,143.2,0,2.28,57.29,116.34,0,Credit card,1
100508,33,Female,East,16,Month-to-month,51.92,48.27,70.0,0,0.92,88.93,1410.92,0,Digital wallet,0
100509,31,Male,East,4,Month-to-month,24.81,5.71,164.0,2,2.03,99.56,366.19,0,Mailed check,1
100510,74,Male,West,30,Month-to-month,60.35,57.65,192.4,0,1.41,97.45,2825.0,0,Mailed check,0
100511,60,Female,North,65,One year,32.04,21.17,17.6,2,2.07,103.51,6375.6,0,Credit card,0
100512,65,Male,North,55,Two year,19.64,16.95,81.2,0,2.79,36.29,2009.82,0,Credit card,0
100513,64,Male,West,50,Month-to-month,29.86,29.14,,0,3.06,94.99,4572.32,1,Credit card,1
100514,72,Female,North,61,Month-to-month,13.01,13.36,118.3,0,2.4,67.17,4106.69,0,Mailed check,0
100515,24,Male,South,1,Month-to-month,47.09,53.44,136.4,1,2.66,67.51,70.05,2,Bank transfer,1
100516,68,Male,East,56,One year,13.06,12.15,51.8,1,0.1,47.0,2537.69,0,Mailed check,1
100517,21,Female,East,23,One year,52.24,48.22,16.8,1,2.37,55.56,1318.04,1,Bank transfer,1
100518,45,Male,North,50,Month-to-month,16.81,14.37,113.1,2,2.81,15.0,714.49,0,Credit card,0
100519,51,Male,South,55,One year,14.01,5.86,98.5,0,2.38,260.34946125870823,4110.84,0,Credit card,0
100520,38,Male,West,49,Month-to-month,71.6,73.2,190.1,0,4.73,59.89,2709.8,1,Mailed check,0
100521,26,Male,South,30,One year,48.82,13.96,135.7,2,2.1,52.03,1575.26,2,Digital wallet,1
100522,28,Male,North,44,Month-to-month,33.69,38.71,17.9,0,0.51,98.38,4379.14,0,Bank transfer,1
100523,65,Female,North,34,Month-to-month,75.63,72.7,137.7,1,2.5,65.24,2040.01,0,Credit card,0
100524,36,Male,South,45,One year,29.97,29.96,222.3,1,1.64,41.89,1959.01,1,Credit card,0
100525,35,Male,West,33,One year,13.32,11.56,186.2,1,0.1,64.55,2037.83,0,Credit card,0
100526,70,Male,South,28,Month-to-month,41.25,42.13,136.0,2,2.04,107.82,3011.62,1,Credit card,0
100527,26,Male,North,15,One year,46.26,42.24,75.3,1,4.71,61.73,953.04,0,Bank transfer,0
100528,70,Female,South,28,Month-to-month,15.18,9.8,92.0,1,1.95,85.18,2326.87,0,Bank transfer,0
100529,70,Male,North,52,Month-to-month,19.99,17.09,90.5,1,4.12,46.97,2520.93,1,Credit card,0
100530,52,Male,North,62,Two year,17.84,18.82,150.1,0,3.58,77.36,4863.3,1,Mailed check,0
100531,27,Male,West,8,Two year,15.48,13.85,144.6,0,6.05,70.15,536.63,1,Bank transfer,0
100532,26,Male,East,13,Month-to-month,27.47,11.36,108.0,1,,65.04,817.73,0,Bank transfer,0
100533,34,Male,North,37,Two year,9.81,8.64,178.2,2,2.61,52.79,1945.87,1,Bank transfer,0
100534,50,Female,,50,One year,20.04,18.4,64.5,1,2.63,57.93,2988.38,1,Digital wallet,0
100535,26,Female,North,13,Month-to-month,22.1,19.7,169.8,0,2.92,17.85,243.22,0,Mailed check,0
100536,43,Male,North,24,Month-to-month,18.99,19.69,246.7,0,2.11,24.64,546.34,1,Digital wallet,0
100537,24,Female,East,4,Month-to-month,45.1,41.95,208.9,2,1.74,26.06,103.53,0,Bank transfer,1
100538,48,Male,South,4,One year,43.14,45.35,170.7,2,3.19,26.86,111.31,1,Mailed check,0
100539,19,Male,East,11,Two year,24.66,11.09,74.0,0,1.55,57.88,599.22,0,Bank transfer,1
100540,58,Female,West,52,Month-to-month,3.3,3.34,125.2,1,0.1,52.37,2655.58,0,Credit card,0
100541,21,Female,North,62,Month-to-month,21.32,20.38,224.5,0,0.53,38.59,2405.14,2,Credit card,0
100542,29,Male,West,36,Month-to-month,72.41,65.76,148.7,0,4.97,94.97,3318.46,0,Mailed check,0
100543,27,Female,South,13,Month-to-month,37.2,39.13,121.4,1,2.02,58.15,699.75,1,Mailed check,0
100544,65,Male,North,66,Two year,29.87,14.5,148.0,0,3.65,87.16,5341.35,0,Mailed check,0
100545,21,Female,West,20,Month-to-month,31.28,31.51,286.9,0,1.45,28.01,554.08,0,Digital wallet,0
100546,42,Female,North,11,One year,45.01,47.99,204.9,0,3.83,75.39,,1,Bank transfer,0
100547,51,Female,East,10,Month-to-month,24.06,15.72,260.3,0,3.1,89.5,820.52,0,Digital wallet,1
100548,47,Female,East,26,One year,52.32,52.42,199.0,2,5.49,74.84,1894.52,0,Bank transfer,0
100549,56,Female,North,53,One year,37.8,41.23,92.8,1,4.47,53.74,2600.79,1,Bank transfer,0
100550,63,Female,West,29,One year,41.23,18.63,54.9,0,3.6,57.75,1697.74,1,Digital wallet,0
100551,40,Female,North,32,Month-to-month,38.67,39.24,91.3,1,1.62,73.34,2397.31,0,Credit card,0
100552,65,Male,West,25,One year,21.81,23.86,118.1,0,0.74,66.29,1665.97,0,Bank transfer,0
100553,36,Male,North,67,One year,15.17,15.4,192.1,2,2.29,92.17,6171.5,0,Credit card,0
100554,74,Male,North,49,One year,45.91,52.27,173.5,1,2.53,41.33,2072.6,1,Bank transfer,0
100555,46,Female,South,48,One year,41.79,46.22,64.1,1,1.89,88.92,4301.3,0,Mailed check,0
100556,59,Male,West,32,Two year,27.25,17.55,123.3,0,3.56,72.25,2292.46,0,Digital wallet,0
100557,67,Male,North,38,Month-to-month,22.59,20.92,,0,2.62,69.84,2673.62,1,Bank transfer,0
100558,63,Female,West,63,Month-to-month,50.85,54.33,65.7,0,2.5,60.34,3483.04,0,Bank transfer,0
100559,66,Male,North,47,Two year,25.71,22.87,101.2,1,4.79,91.42,4090.48,0,Bank transfer,0
100560,48,Female,South,58,Month-to-month,13.7,15.39,89.1,1,2.66,42.72,2475.5,0,Credit card,0
100561,20,Female,South,3,Two year,65.53,62.49,181.5,0,0.47,36.13,110.52,1,Bank transfer,0
100562,46,Male,,62,One year,55.23,15.75,266.3,0,4.04,65.51,3783.35,1,Credit card,0
100563,28,Male,West,68,Two year,25.32,12.87,85.4,1,2.81,47.64,3076.18,0,Bank transfer,0
100564,68,Male,South,48,One year,37.17,36.91,73.7,1,2.09,72.2,3350.5,1,Bank transfer,0
100565,31,Male,East,68,Two year,44.72,38.28,46.1,1,1.07,112.32,7919.37,1,Bank transfer,1
100566,30,Male,East,41,One year,38.6,42.86,114.4,1,4.39,66.81,2616.63,0,Credit card,0
100567,32,Male,South,20,Month-to-month,21.38,24.26,187.8,1,5.04,69.85,1286.62,0,Credit card,0
100568,54,Male,East,44,Month-to-month,53.52,24.77,33.8,0,1.49,104.41,4734.98,0,Bank transfer,1
100569,50,Male,West,45,Month-to-month,12.55,12.43,105.2,0,2.95,74.46,3215.33,0,Credit card,0
100570,72,Female,East,11,Month-to-month,35.12,31.84,136.0,0,3.16,91.35,1034.4,0,Digital wallet,1
100571,41,Female,South,15,Two year,11.83,12.52,173.3,1,0.1,58.08,795.05,0,Bank transfer,0
100572,34,Male,East,21,Month-to-month,35.31,12.8,131.7,0,2.43,63.43,1387.83,0,Bank transfer,0
100573,20,Female,East,39,One year,20.34,19.1,52.6,0,0.1,48.11,1957.41,0,Credit card,1
100574,18,Male,South,11,Month-to-month,17.38,19.78,75.9,0,2.47,76.21,790.44,1,Digital wallet,0
100575,39,Male,East,55,Month-to-month,47.65,44.95,236.1,1,5.89,76.85,3827.11,0,Bank transfer,0
100576,70,Male,South,8,Two year,14.64,14.97,159.2,0,0.33,82.66,634.95,1,Bank transfer,1
100577,47,Male,West,67,Month-to-month,21.16,18.3,84.6,1,5.31,75.56,4731.53,1,Mailed check,0
100578,68,Male,West,48,One year,11.68,13.4,104.1,0,5.16,61.33,2990.84,1,Digital wallet,0
100579,23,Male,West,25,Month-to-month,37.62,38.48,59.3,0,2.49,78.59,1781.21,1,Digital wallet,1
100580,23,Male,West,27,Month-to-month,17.93,20.49,30.5,1,3.27,101.7,2519.05,2,Digital wallet,0
100581,65,Male,East,50,Month-to-month,33.14,31.16,109.2,1,2.07,68.09,3400.83,0,Digital wallet,1
100582,24,Female,East,7,One year,49.39,49.79,72.0,1,1.83,31.65,226.49,0,Digital wallet,0
100583,20,Female,North,51,Month-to-month,0.69,0.59,138.8,1,2.8,40.24,1857.45,0,Mailed check,0
100584,41,Female,South,40,Two year,24.71,26.71,300.7,1,1.34,70.95,2662.35,1,Bank transfer,0
100585,70,Female,North,16,One year,19.62,17.66,133.7,0,3.21,43.38,688.15,1,Bank transfer,0
100586,57,Female,North,64,Month-to-month,17.44,5.34,133.7,3,2.56,52.41,3160.18,0,Mailed check,0
100587,23,Male,West,45,Month-to-month,34.89,34.11,186.2,4,0.9,51.72,2321.82,0,Mailed check,0
100588,65,Male,,12,Month-to-month,36.48,38.34,45.7,0,3.56,74.88,892.19,0,Digital wallet,0
100589,66,Male,South,47,One year,62.77,14.75,148.7,0,3.6,104.63,4799.03,1,Bank transfer,1
100590,63,Male,North,30,Month-to-month,42.57,14.09,58.3,0,4.18,27.73,846.45,0,Bank transfer,0
100591,69,Female,East,55,Month-to-month,29.31,15.84,183.9,0,1.78,90.57,4536.19,2,Bank transfer,1
100592,31,Male,South,35,Month-to-month,30.65,26.8,133.4,0,,89.49,2869.42,0,Credit card,1
100593,73,Female,West,71,Month-to-month,24.09,8.17,49.1,2,5.75,71.66,4678.24,0,Credit card,0
100594,36,Female,West,66,One year,37.38,40.56,134.7,0,2.54,59.8,4130.58,1,Credit card,0
100595,63,Male,South,3,Month-to-month,10.06,10.98,10.9,0,2.68,84.03,237.3,0,Credit card,0
100596,51,Female,North,30,Month-to-month,26.56,14.98,41.0,4,3.52,66.42,1911.03,0,Bank transfer,0
100597,62,Male,North,15,Month-to-month,37.19,23.71,47.9,1,0.1,60.96,859.99,0,Mailed check,0
100598,53,Male,North,32,One year,30.1,16.47,38.3,0,0.45,19.76,639.03,1,Bank transfer,0
100599,54,Male,South,11,One year,15.1,15.24,190.9,0,1.67,76.48,790.6,2,Bank transfer,0
100600,53,Male,North,39,Month-to-month,27.05,27.9,141.7,1,1.99,99.87,3836.96,0,Bank transfer,0
100601,62,Female,North,11,Month-to-month,14.54,8.76,118.7,0,2.67,30.09,,0,Credit card,0
100602,60,Male,North,45,One year,25.47,12.4,63.1,1,2.9,42.86,1971.18,1,Bank transfer,0
100603,25,Male,North,33,Month-to-month,46.23,31.13,149.8,2,0.44,53.23,1832.49,0,Credit card,1
100604,65,Male,East,71,One year,42.14,37.01,120.6,0,4.23,57.99,3924.99,0,Credit card,0
100605,48,Male,North,63,Month-to-month,37.27,36.69,79.2,0,3.0,47.04,2710.76,1,Credit card,0
100606,36,Female,West,43,Month-to-month,22.68,25.0,127.3,1,2.59,96.66,3958.55,0,Credit card,0
100607,47,Female,North,32,Month-to-month,26.37,23.12,142.4,0,3.24,114.84,3397.67,1,Bank transfer,0
100608,73,Male,North,51,Month-to-month,36.27,41.58,51.7,1,1.58,70.48,3714.95,0,Digital wallet,0
100609,66,Female,North,48,One year,16.38,16.31,219.7,1,2.14,48.35,2424.47,0,Digital wallet,0
100610,65,Male,East,10,Month-to-month,63.13,53.9,100.3,1,0.88,68.96,651.24,0,Credit card,1
100611,44,Male,North,27,Month-to-month,22.35,21.28,146.2,1,0.1,36.9,1010.15,0,Credit card,1
100612,62,Female,South,71,Month-to-month,30.51,30.51,95.4,0,2.15,59.63,4295.26,0,Credit card,1
100613,39,Male,North,23,Month-to-month,6.44,7.32,134.5,0,5.09,78.58,1837.45,1,Credit card,0
100614,57,Male,West,1,One year,53.6,31.17,86.6,0,1.65,81.27,74.26,0,Bank transfer,1
100615,54,Male,North,60,One year,62.5,66.34,91.2,0,0.16,78.85,4860.31,0,Credit card,0
100616,32,Male,South,67,Two year,19.43,7.02,85.5,1,3.35,53.17,3441.7,0,Credit card,0
100617,33,Female,West,47,Month-to-month,9.21,9.43,117.8,1,1.78,68.19,3279.53,0,Bank transfer,0
100618,21,Male,North,46,Month-to-month,40.14,45.76,,1,3.16,56.12,2452.83,0,Bank transfer,1
100619,25,Male,North,25,Month-to-month,70.1,65.79,165.1,1,3.49,299.12116587384395,2253.15,1,Mailed check,1
100620,42,Male,West,26,Two year,17.14,16.52,159.7,0,1.74,75.33,1827.99,0,Digital wallet,0
100621,45,Female,North,65,Month-to-month,22.88,24.73,124.9,0,3.12,106.36,6410.25,0,Credit card,0
100622,27,Female,North,61,Month-to-month,35.6,19.99,80.0,2,2.45,73.12,4022.41,1,Digital wallet,1
100623,41,Female,South,36,One year,33.61,18.01,18.2,0,0.1,43.54,1478.31,0,Credit card,0
100624,52,Female,North,23,Month-to-month,45.72,47.02,161.2,1,1.71,34.67,768.43,0,Bank transfer,1
100625,31,Female,West,14,Month-to-month,55.14,31.75,117.0,0,1.26,68.91,979.26,0,Credit card,1
100626,37,Female,East,1,Month-to-month,49.2,45.05,73.3,0,0.24,15.0,13.64,0,Bank transfer,0
100627,38,Female,East,35,One year,27.28,29.34,19.6,1,1.23,54.78,1790.41,1,Bank transfer,0
100628,46,Male,North,40,One year,7.28,6.77,99.4,1,3.51,50.32,,0,Digital wallet,0
100629,38,Male,East,48,Month-to-month,41.54,42.27,172.1,0,2.52,44.85,2185.21,0,Mailed check,0
100630,60,Male,East,58,One year,21.19,23.45,53.9,0,0.1,68.4,3981.13,1,Mailed check,1
100631,36,Male,North,27,Month-to-month,35.03,32.67,226.6,1,0.83,38.99,1068.68,1,Digital wallet,0
100632,42,Male,West,12,Month-to-month,52.76,56.89,319.3,1,2.52,25.38,309.59,0,Credit card,0
100633,39,Female,East,60,Two year,45.76,16.46,80.2,1,2.5,77.12,4280.01,0,Digital wallet,0
100634,28,Female,West,55,One year,39.69,44.0,86.9,2,2.02,55.69,2887.45,0,Bank transfer,0
100635,57,Male,North,38,Two year,70.98,67.08,96.0,0,3.63,73.22,2879.05,0,Credit card,0
100636,31,Male,North,3,One year,27.15,24.68,78.2,0,3.05,69.2,209.52,0,Credit card,0
100637,34,Male,East,34,Month-to-month,19.51,21.65,269.3,1,1.64,78.09,2772.31,0,Digital wallet,1
100638,63,Female,West,44,Month-to-month,23.56,23.32,96.0,2,1.49,70.17,3227.4,1,Bank transfer,1
100639,72,Male,South,61,Month-to-month,26.83,25.31,281.7,0,2.2,79.4,4361.41,0,Digital wallet,0
100640,56,Male,North,37,Month-to-month,25.86,22.06,50.2,0,0.1,107.2,3922.76,1,Mailed check,0
100641,70,Male,West,33,Month-to-month,26.84,24.38,,0,2.94,73.15,2461.59,0,Digital wallet,1
100642,66,Female,,27,Month-to-month,34.68,34.81,64.1,0,0.62,78.84,2123.2,2,Bank transfer,0
100643,45,Male,South,30,Month-to-month,20.8,22.85,41.9,0,4.31,67.64,1847.04,0,Digital wallet,1
100644,61,Female,East,2,Two year,47.23,21.48,69.3,0,0.1,17.55,35.18,0,Bank transfer,0
100645,36,Female,North,8,Month-to-month,45.1,28.87,74.0,0,3.05,61.49,477.52,0,Credit card,1
100646,44,Male,North,54,Month-to-month,4.69,3.22,96.3,0,0.1,98.48,5243.59,1,Credit card,1
100647,48,Female,North,26,One year,44.65,44.68,32.8,0,1.53,266.87894615305885,2041.36,1,Credit card,0
100648,72,Female,West,61,One year,29.47,27.49,256.9,2,3.09,52.83,2982.03,0,Credit card,1
100649,66,Female,South,29,Month-to-month,55.84,63.03,130.6,1,3.88,74.2,2052.06,1,Digital wallet,1
100650,45,Male,East,71,One year,26.39,25.35,153.6,0,3.8,37.13,2392.68,1,Credit card,1
100651,55,Female,West,13,One year,18.48,16.61,114.6,1,3.53,82.2,1053.41,0,Digital wallet,1
100652,29,Female,East,14,Two year,21.6,8.21,202.2,1,3.7,52.79,674.92,0,Credit card,1
100653,63,Male,South,42,Month-to-month,37.56,42.58,85.9,0,3.82,69.21,2726.07,1,Mailed check,1
100654,49,Male,South,57,Month-to-month,24.36,23.61,114.2,0,1.65,39.49,2279.46,0,Bank transfer,0
100655,48,Female,South,11,One year,11.66,11.6,60.3,0,1.92,70.35,,0,Credit card,1
100656,61,Female,East,36,Month-to-month,15.84,17.41,100.7,3,3.5,15.0,514.04,0,Credit card,1
100657,54,Female,West,16,One year,41.29,38.66,108.4,0,4.13,54.15,877.43,1,Credit card,0
100658,22,Female,West,53,One year,6.79,6.84,64.1,0,2.25,45.82,2466.25,0,Credit card,0
100659,34,Male,South,40,One year,5.76,2.55,129.6,1,1.66,46.71,1891.47,1,Digital wallet,1
100660,28,Male,South,47,Two year,53.18,19.43,136.1,2,1.61,15.0,697.74,0,Credit card,1
100661,59,Female,West,20,One year,17.69,9.89,155.3,1,1.22,47.68,957.9,0,Bank transfer,0
100662,20,Male,North,21,Two year,35.67,39.59,134.5,0,3.17,71.44,1499.88,0,Digital wallet,0
100663,29,Male,West,46,One year,32.67,30.28,103.0,0,4.16,42.56,1922.43,0,Bank transfer,1
100664,52,Female,North,26,Month-to-month,22.21,24.84,171.7,0,3.19,76.45,1904.46,1,Digital wallet,0
100665,57,Male,East,50,One year,54.51,49.47,113.6,1,2.43,87.35,4003.27,0,Credit card,0
100666,46,Male,West,11,One year,41.03,45.39,26.5,1,5.34,72.21,813.99,1,Digital wallet,1
100667,67,Male,South,22,Two year,29.67,6.51,43.5,1,2.47,74.46,1596.82,0,Bank transfer,1
100668,70,Male,North,8,Month-to-month,16.34,15.82,59.5,0,4.55,71.52,582.15,0,Credit card,0
100669,25,Male,West,7,Month-to-month,35.93,36.45,69.3,0,0.85,78.47,533.05,0,Digital wallet,1
100670,72,Male,South,19,Two year,39.97,40.59,129.9,2,2.81,47.99,908.07,0,Bank transfer,0
100671,53,Male,South,35,Month-to-month,26.57,17.99,206.8,1,1.02,43.33,1588.16,0,Credit card,1
100672,54,Male,South,11,One year,31.98,29.15,143.4,1,1.11,43.99,442.4,1,Digital wallet,1
100673,23,Female,South,7,Month-to-month,36.67,33.08,126.0,0,1.28,81.58,538.75,0,Mailed check,1
100674,53,Female,East,63,Month-to-month,28.61,30.42,31.9,0,2.59,43.63,2580.0,1,Bank transfer,0
100675,59,Female,North,37,Month-to-month,17.89,8.49,19.6,1,1.8,57.35,2194.45,0,Digital wallet,0
100676,51,Female,South,51,Two year,10.33,11.34,223.2,1,0.1,54.01,2530.16,0,Digital wallet,0
100677,22,Male,West,52,Month-to-month,33.45,29.81,83.1,0,1.85,69.1,3686.12,1,Mailed check,1
100678,47,Female,North,8,One year,12.39,4.16,131.4,0,1.56,80.29,588.15,0,Credit card,1
100679,71,Female,South,45,One year,39.71,42.71,140.3,0,0.1,80.29,3784.01,1,Bank transfer,0
100680,59,Male,East,62,One year,24.9,23.61,311.1,0,3.18,19.97,1141.2,0,Credit card,0
100681,25,Male,West,32,Month-to-month,47.01,10.28,260.0,0,3.5,73.32,2124.71,0,Bank transfer,1
100682,72,Female,East,62,Month-to-month,36.48,37.52,342.2,3,3.43,63.51,4084.32,1,Bank transfer,0
100683,72,Female,West,68,Two year,42.79,20.55,154.4,2,5.05,69.01,4877.22,0,Bank transfer,0
100684,27,Male,North,39,Month-to-month,19.69,19.89,236.6,0,0.82,56.24,2124.66,1,Mailed check,0
100685,63,Male,South,8,Month-to-month,26.09,12.86,52.0,0,0.85,44.66,354.72,1,Mailed check,0
100686,41,Male,West,44,Two year,33.47,35.91,314.6,1,2.45,88.84,3631.94,0,Credit card,1
100687,51,Male,West,63,Month-to-month,31.71,32.1,169.2,1,2.32,59.57,3915.77,0,Bank transfer,0
100688,43,Female,East,42,Month-to-month,27.27,14.93,91.4,0,2.7,95.17,4100.71,0,Credit card,0
100689,62,Female,South,57,Two year,21.96,19.28,179.3,1,3.75,63.85,3759.78,0,Bank transfer,0
100690,74,Male,South,39,Month-to-month,9.91,9.26,208.2,2,2.12,64.5,2582.85,0,Digital wallet,1
100691,63,Female,North,30,Month-to-month,17.61,17.08,146.7,0,4.05,47.34,1396.24,1,Bank transfer,0
100692,71,Female,West,68,Month-to-month,7.26,7.41,13.4,3,1.34,64.28,4151.67,0,Credit card,0
100693,71,Female,West,11,One year,12.32,5.7,215.3,1,,87.79,1013.0,0,Mailed check,1
100694,23,Male,South,32,Two year,30.14,27.15,104.4,0,0.83,61.51,1889.07,0,Digital wallet,0
100695,32,Female,North,12,One year,25.18,23.95,146.4,1,0.1,69.95,877.82,0,Digital wallet,0
100696,59,Female,South,47,Two year,27.87,24.22,58.2,0,0.1,105.45,4633.91,0,Digital wallet,0
100697,51,Female,North,66,Month-to-month,31.29,29.63,92.0,2,3.84,34.84,2276.22,1,Credit card,0
100698,20,Male,East,71,One year,9.19,4.21,81.6,0,4.15,41.51,2895.89,0,Bank transfer,0
100699,23,Male,East,17,Month-to-month,26.14,26.23,51.1,1,0.58,72.47,1157.95,0,Bank transfer,0
100700,47,Female,North,52,Two year,4.84,5.48,26.5,0,3.9,22.12,1080.02,1,Mailed check,0
100701,53,Male,East,63,Two year,49.91,17.57,93.9,0,0.1,77.75,4982.76,0,Digital wallet,0
100702,27,Female,West,60,Month-to-month,38.27,34.57,60.5,0,0.95,44.94,2560.94,0,Credit card,0
100703,27,Male,North,36,Two year,35.65,10.59,123.1,0,1.8,53.66,1932.23,0,Digital wallet,1
100704,25,Female,South,13,One year,29.77,25.55,133.8,0,4.08,86.14,1096.31,2,Credit card,0
100705,50,Male,South,33,Month-to-month,42.74,41.16,262.7,0,5.21,33.55,1027.64,1,Credit card,0
100706,18,Male,North,56,One year,23.68,24.44,5.8,1,1.81,15.13,798.3,0,Mailed check,0
100707,50,Male,South,44,Two year,19.56,20.19,,0,2.4,15.0,625.88,0,Credit card,0
100708,45,Male,East,28,Month-to-month,36.8,35.1,209.1,2,,72.04,1897.33,1,Credit card,1
100709,44,Male,North,16,Month-to-month,43.38,37.37,130.6,1,5.87,85.97,1258.94,0,Bank transfer,0
100710,56,Male,North,47,Two year,23.33,26.26,143.2,2,4.28,38.1,1613.93,0,Bank transfer,0
100711,47,Male,West,31,Month-to-month,14.57,14.58,119.7,1,0.68,91.51,2893.47,1,Mailed check,0
100712,59,Female,South,34,Month-to-month,64.67,70.04,190.0,0,3.81,63.24,2020.4,2,Bank transfer,1
100713,61,Female,East,67,One year,57.25,55.48,119.3,0,1.53,65.82,4563.57,0,Bank transfer,0
100714,70,Female,East,1,One year,23.67,26.02,117.3,0,4.6,87.91,79.47,1,Digital wallet,0
100715,63,Male,West,17,Month-to-month,4.72,5.12,59.3,2,3.45,20.21,349.62,0,Credit card,0
100716,47,Female,East,66,Month-to-month,38.35,33.69,65.9,0,0.97,80.89,5044.2,1,Bank transfer,0
100717,46,Female,West,66,Two year,87.05,28.33,131.3,1,4.16,18.59,1227.75,0,Bank transfer,0
100718,31,Male,East,22,Month-to-month,41.17,35.63,87.0,1,3.29,23.95,529.06,0,Digital wallet,0
100719,52,Female,South,71,One year,42.36,37.91,40.4,0,3.1,27.9,1847.55,1,Credit card,0
100720,25,Female,South,16,Two year,30.55,33.51,81.7,0,2.54,79.03,1176.32,0,Credit card,0
100721,71,Male,South,4,Month-to-month,35.61,33.15,172.5,2,1.71,80.48,330.79,1,Credit card,0
100722,66,Male,South,22,Two year,43.73,42.36,124.0,0,3.43,85.81,1763.3,0,Digital wallet,0
100723,24,Male,North,38,One year,24.89,25.47,74.5,0,5.8,62.66,2186.11,0,Credit card,0
100724,62,Male,South,1,Two year,23.36,24.42,107.1,1,5.36,54.16,54.34,0,Mailed check,1
100725,24,Female,South,13,Month-to-month,31.52,12.21,182.9,0,2.22,76.01,921.51,0,Digital wallet,1
100726,59,Female,North,57,Month-to-month,33.35,19.56,58.4,0,0.1,59.74,3434.25,1,Digital wallet,0
100727,22,Female,North,45,One year,6.95,1.8,55.0,1,1.68,68.54,2988.17,1,Digital wallet,1
100728,45,Male,West,43,Two year,70.24,68.69,121.5,0,2.72,61.48,2522.69,2,Credit card,0
100729,55,Male,East,71,Two year,30.73,30.27,82.5,1,2.93,61.89,3995.01,0,Credit card,0
100730,59,Female,West,17,Month-to-month,50.61,48.0,121.5,0,3.85,114.11,1831.54,0,Bank transfer,1
100731,41,Male,South,64,Month-to-month,31.71,16.55,111.1,0,3.59,85.89,5163.06,1,Credit card,0
100732,70,Female,West,26,Month-to-month,18.31,4.01,121.3,0,3.61,75.26,1980.05,0,Bank transfer,1
100733,62,Female,West,66,One year,41.23,36.21,268.2,0,1.55,53.71,3456.31,0,Credit card,0
100734,29,Male,North,56,Two year,11.72,2.6,47.7,0,1.72,64.82,3763.85,0,Mailed check,0
100735,56,Female,West,16,One year,44.43,39.74,158.3,0,0.88,87.83,1282.05,0,Bank transfer,1
100736,59,Male,North,15,Month-to-month,45.82,15.43,139.0,0,2.89,67.87,994.21,0,Bank transfer,1
100737,37,Male,East,39,Two year,33.11,12.54,154.0,1,3.8,53.28,1945.03,1,Bank transfer,0
100738,60,Male,West,36,Month-to-month,35.83,40.02,30.2,2,4.1,21.65,755.57,1,Mailed check,0
100739,69,Male,South,17,Month-to-month,10.12,11.56,167.4,1,0.1,54.11,855.27,2,Digital wallet,1
100740,64,Male,East,19,One year,43.57,12.85,94.4,0,3.21,80.42,1445.76,0,Digital wallet,0
100741,61,Female,South,64,Month-to-month,23.54,25.84,118.4,0,0.94,31.81,2040.78,0,Credit card,0
100742,54,Female,North,54,One year,37.53,35.34,101.6,1,3.39,99.94,5521.26,1,Credit card,0
100743,33,Male,North,14,One year,27.0,17.36,63.5,0,0.93,69.48,956.51,0,Credit card,0
100744,63,Female,North,52,Month-to-month,30.68,27.72,96.3,0,3.6,98.37,4848.26,1,Credit card,0
100745,38,Female,North,11,Month-to-month,41.62,41.73,110.9,0,1.53,61.32,643.97,1,Digital wallet,1
100746,48,Male,East,32,Month-to-month,26.21,9.24,146.2,0,1.56,15.0,469.08,1,Bank transfer,0
100747,35,Male,South,1,One year,26.85,23.58,132.8,1,3.71,53.32,52.4,0,Bank transfer,0
100748,35,Male,South,47,Month-to-month,63.3,27.48,103.8,0,1.67,46.53,2236.82,3,Credit card,0
100749,26,Female,East,13,Month-to-month,52.38,36.51,113.7,4,3.94,41.65,564.96,0,Mailed check,1
100750,72,Female,North,17,Month-to-month,25.25,28.39,112.9,0,3.61,75.01,1185.98,0,Mailed check,0
100751,26,Male,North,14,One year,29.72,9.72,143.9,1,2.33,40.28,585.74,0,Bank transfer,0
100752,22,Female,West,14,Month-to-month,21.6,23.34,166.6,0,1.82,26.91,371.79,0,Mailed check,0
100753,71,Male,West,6,Month-to-month,30.51,34.85,175.9,1,4.41,47.05,269.16,0,Digital wallet,0
100754,49,Female,South,40,Month-to-month,22.04,24.39,89.4,0,3.74,83.61,3104.38,0,Credit card,1
100755,42,Female,North,62,Month-to-month,24.55,23.88,14.4,1,4.96,56.11,3472.73,0,Mailed check,0
100756,60,Female,West,22,Month-to-month,4.45,4.2,94.2,0,0.1,40.05,882.63,0,Credit card,1
100757,39,Male,West,56,Month-to-month,21.34,23.48,84.5,1,2.07,52.45,3039.8,0,Credit card,0
100758,25,Male,South,39,One year,26.15,26.84,111.4,1,1.82,89.85,3325.38,0,Mailed check,0
100759,59,Female,North,19,Month-to-month,50.84,56.61,309.2,0,3.27,74.64,1390.78,1,Credit card,0
100760,28,Male,North,5,Month-to-month,23.96,12.2,88.9,1,1.08,75.81,377.53,0,Bank transfer,1
100761,49,Male,East,56,Two year,34.64,19.86,154.1,2,1.29,74.27,4228.64,0,Mailed check,0
100762,72,Male,West,2,Month-to-month,26.92,9.03,155.8,1,2.56,21.14,43.46,0,Mailed check,0
100763,71,Female,East,30,Month-to-month,22.53,5.15,135.7,2,0.1,59.35,1799.09,0,Digital wallet,1
100764,38,Male,South,3,Month-to-month,17.13,16.23,28.9,1,0.1,87.55,248.19,0,Mailed check,0
100765,62,Female,East,56,Month-to-month,27.94,28.33,105.5,1,2.33,15.0,819.43,0,Bank transfer,0
100766,52,Female,West,71,Month-to-month,39.91,39.46,143.1,0,6.48,15.0,1043.35,0,Mailed check,0
100767,45,Female,South,23,Two year,14.64,13.25,69.7,0,2.67,35.35,851.15,1,Credit card,1
100768,25,Female,West,23,Month-to-month,36.9,37.36,32.9,0,1.94,43.59,983.03,1,Credit card,0
100769,39,Male,South,41,One year,20.52,17.96,144.9,0,3.15,63.24,2349.33,1,Credit card,0
100770,55,Female,South,36,Two year,71.02,68.35,170.7,0,3.37,29.82,1086.91,0,Bank transfer,0
100771,74,Female,East,28,Month-to-month,30.33,30.63,101.2,2,2.31,74.8,2008.74,0,Credit card,0
100772,18,Female,South,26,One year,26.3,23.5,80.2,0,1.49,118.03,3000.0,1,Credit card,0
100773,58,Female,West,14,Month-to-month,30.32,32.63,226.5,1,0.15,47.97,678.97,0,Bank transfer,0
100774,66,Female,South,18,Month-to-month,37.61,22.4,173.9,0,3.85,26.99,507.44,1,Credit card,0
100775,72,Female,South,42,Two year,18.72,16.98,56.4,0,1.79,51.51,2208.28,0,Credit card,0
100776,42,Female,South,53,Month-to-month,28.97,30.96,119.6,1,3.21,75.82,3770.54,0,Credit card,0
100777,24,Male,South,54,Two year,30.34,26.01,60.9,0,,66.04,3325.39,0,Credit card,1
100778,33,Male,South,37,One year,19.3,20.39,90.7,2,2.04,80.69,3124.75,0,Credit card,0
100779,66,Male,East,54,Month-to-month,17.69,6.1,208.0,0,0.3,55.29,2782.56,0,Bank transfer,0
100780,68,Female,South,43,Month-to-month,47.88,46.45,208.9,2,2.16,70.45,2789.05,0,Credit card,0
100781,54,Male,South,26,One year,21.15,22.99,78.7,1,2.27,126.41,3398.87,0,Digital wallet,0
100782,24,Male,East,26,Month-to-month,31.91,32.5,151.3,0,3.24,52.27,1313.87,1,Credit card,1
100783,24,Female,North,37,Month-to-month,35.2,33.93,57.3,1,1.64,62.01,2081.7,0,Credit card,1
100784,45,Male,East,22,Month-to-month,18.0,18.88,302.5,2,1.57,73.55,,0,Credit card,0
100785,51,Female,South,55,Month-to-month,33.7,32.56,32.7,1,1.92,124.74,6554.34,0,Credit card,1
100786,19,Female,South,14,Two year,29.87,10.77,88.8,2,3.06,83.7,1131.59,0,Credit card,1
100787,57,Male,East,4,Month-to-month,33.08,31.65,151.0,1,3.85,64.92,,0,Mailed check,1
100788,49,Male,West,35,Month-to-month,43.7,17.8,63.9,0,6.0,50.77,1863.61,2,Bank transfer,0
100789,18,Female,West,6,One year,31.64,30.93,56.8,1,5.39,95.96,527.71,0,Mailed check,0
100790,23,Female,South,14,One year,26.03,27.68,107.5,0,2.3,60.14,787.68,0,Bank transfer,0
100791,43,Female,South,27,Two year,14.46,14.96,74.0,0,1.42,100.41,2780.09,1,Credit card,0
100792,59,Female,East,1,Two year,31.02,34.9,29.3,1,1.56,55.73,51.3,1,Mailed check,1
100793,65,Male,East,16,Month-to-month,48.7,10.69,,1,0.53,47.38,793.0,1,Credit card,1
100794,42,Female,East,39,Month-to-month,28.53,24.25,147.7,2,2.69,25.88,958.12,0,Mailed check,0
100795,34,Male,East,27,One year,52.74,47.37,96.9,1,1.01,75.12,2017.13,0,Bank transfer,0
100796,73,Male,West,64,Month-to-month,31.28,19.57,105.7,1,0.84,16.99,1010.61,0,Digital wallet,0
100797,44,Female,North,7,One year,30.69,30.63,135.7,0,0.94,93.61,620.85,0,Digital wallet,0
100798,35,Male,East,52,Month-to-month,36.81,38.69,256.4,4,3.83,26.35,1347.22,0,Credit card,0
100799,43,Female,North,43,Two year,18.06,15.83,86.0,2,2.38,16.73,751.56,0,Credit card,0
100800,18,Female,South,46,One year,29.48,27.66,130.3,1,0.46,61.13,2690.59,0,Digital wallet,0
100801,35,Male,East,48,One year,24.89,28.54,106.1,0,3.82,86.16,4282.27,0,Digital wallet,0
100802,47,Female,South,4,Month-to-month,22.59,14.27,54.5,2,4.29,59.32,220.97,0,Credit card,0
100803,70,Female,South,57,Two year,62.01,58.8,161.8,1,1.81,81.38,4199.52,0,Digital wallet,0
100804,60,Male,West,24,One year,31.21,30.09,221.0,1,1.32,70.27,1730.39,1,Bank transfer,0
100805,62,Female,,47,Two year,17.74,16.35,147.8,1,1.19,79.38,3751.51,1,Digital wallet,0
100806,49,Male,South,21,Two year,15.36,13.14,22.9,0,2.9,101.69,1958.92,1,Bank transfer,0
100807,24,Female,West,29,Month-to-month,24.11,15.33,89.1,0,3.87,44.67,1169.95,0,Credit card,0
100808,40,Male,South,50,Month-to-month,34.33,10.0,147.5,1,2.75,66.17,3385.04,0,Credit card,0
100809,74,Female,West,67,Month-to-month,0.21,0.19,187.8,0,0.48,15.0,930.3,0,Bank transfer,0
100810,20,Female,North,63,One year,32.61,29.29,38.6,1,4.1,96.51,5908.8,0,Mailed check,0
100811,68,Female,North,52,One year,42.44,40.92,53.5,0,2.42,53.8,2875.72,0,Digital wallet,0
100812,57,Male,South,39,Month-to-month,15.46,10.64,132.8,0,2.2,63.7,2448.09,0,Bank transfer,1
100813,34,Female,North,38,Two year,42.68,39.26,114.7,2,3.15,54.22,2132.54,0,Digital wallet,0
100814,62,Male,South,69,Month-to-month,31.77,30.85,107.6,1,4.07,45.34,2833.02,0,Bank transfer,0
100815,65,Male,North,15,One year,13.81,7.33,248.6,0,0.79,81.18,1173.34,0,Bank transfer,0
100816,20,Female,East,68,Month-to-month,10.66,9.92,261.9,0,0.49,76.51,4836.01,0,Credit card,0
100817,24,Female,North,47,Month-to-month,43.24,48.63,61.3,0,2.43,48.49,2188.43,1,Bank transfer,0
100818,55,Female,North,44,Month-to-month,22.82,21.39,31.6,1,2.45,105.67,4715.41,0,Bank transfer,0
100819,74,Male,West,43,One year,35.65,32.32,103.4,0,3.85,83.7,3721.13,0,Mailed check,0
100820,19,Female,East,58,One year,14.21,15.33,159.9,0,4.4,102.61,5488.55,0,Credit card,0
100821,55,Female,West,49,Month-to-month,24.24,26.51,197.7,0,1.75,15.67,730.92,0,Bank transfer,0
100822,25,Female,South,7,Month-to-month,32.74,33.36,86.8,1,2.99,46.63,,0,Credit card,0
100823,55,Male,North,56,One year,50.29,47.95,70.3,0,3.19,86.65,4547.68,0,Digital wallet,0
100824,53,Female,East,52,Month-to-month,54.94,27.27,137.1,0,3.34,31.78,1536.46,0,Mailed check,0
100825,23,Female,East,65,One year,49.32,54.27,94.9,0,0.1,52.05,3461.92,0,Mailed check,0
100826,56,Female,North,67,Month-to-month,92.45,97.16,111.4,1,3.28,36.69,2532.3,0,Bank transfer,0
100827,69,Male,West,68,Two year,35.83,20.11,148.3,1,1.25,72.43,4455.19,0,Bank transfer,0
100828,67,Male,East,4,One year,11.01,10.62,98.5,1,3.36,53.95,224.04,0,Credit card,0
100829,19,Male,East,45,Month-to-month,20.83,12.04,43.2,0,0.76,37.23,1706.31,1,Mailed check,1
100830,32,Female,South,67,One year,49.13,47.53,71.5,1,2.59,105.9,6693.02,0,Credit card,0
100831,31,Male,East,69,Month-to-month,22.97,19.54,73.8,2,2.04,78.85,5417.8,0,Digital wallet,0
100832,43,Male,North,40,Two year,6.31,5.48,74.3,2,5.69,78.34,3037.81,1,Bank transfer,0
100833,26,Female,West,65,One year,25.65,22.84,27.8,0,1.15,67.58,4089.53,0,Bank transfer,0
100834,66,Male,South,63,Month-to-month,47.48,43.88,283.7,1,1.04,84.05,4853.19,0,Bank transfer,0
100835,62,Female,North,1,One year,13.73,5.6,53.2,0,4.7,76.55,75.68,0,Bank transfer,1
100836,64,Female,North,63,Month-to-month,49.76,56.12,165.0,0,3.77,17.24,983.03,0,Bank transfer,0
100837,29,Male,East,46,Two year,65.92,72.28,64.9,1,2.86,111.63,5239.49,0,Bank transfer,0
100838,18,Male,West,41,Two year,33.8,29.14,86.3,1,1.72,107.51,4403.64,0,Mailed check,0
100839,69,Female,West,13,One year,76.18,65.09,109.7,0,0.71,52.36,678.96,0,Bank transfer,0
100840,34,Male,East,66,Month-to-month,59.5,61.04,76.7,0,1.79,22.21,1438.73,0,Bank transfer,0
100841,55,Female,,21,One year,38.85,37.41,235.7,1,1.63,36.65,763.89,0,Credit card,0
100842,69,Male,East,30,Month-to-month,36.63,18.02,501.6,1,1.38,37.47,1166.38,0,Bank transfer,1
100843,20,Male,South,22,Month-to-month,33.96,16.73,30.2,1,1.66,71.38,1544.76,0,Mailed check,0
100844,18,Male,East,69,Two year,22.04,24.04,190.7,1,1.59,53.73,3490.63,0,Bank transfer,0
100845,18,Female,North,35,Month-to-month,37.36,7.62,,0,3.88,48.76,1720.93,1,Credit card,1
100846,26,Male,North,9,Month-to-month,10.3,11.76,89.1,0,0.35,79.7,681.69,0,Bank transfer,0
100847,20,Male,South,1,Month-to-month,67.45,67.33,173.2,0,3.03,61.32,63.15,0,Bank transfer,0
100848,64,Male,,70,Two year,70.27,63.47,200.4,1,2.84,88.09,5957.02,0,Credit card,0
100849,52,Male,West,17,Two year,11.56,12.92,103.2,3,2.34,62.92,1005.46,0,Bank transfer,0
100850,73,Male,West,55,Month-to-month,38.47,37.58,,0,3.44,106.65,5347.58,0,Bank transfer,0
100851,63,Female,South,3,Month-to-month,53.32,51.99,25.2,0,3.08,120.42,343.21,1,Credit card,1
100852,72,Female,East,64,Two year,26.34,5.4,159.3,0,2.59,70.36,4402.62,0,Bank transfer,0
100853,31,Male,South,47,Month-to-month,29.62,31.43,111.6,2,4.09,56.51,2422.12,1,Bank transfer,1
100854,34,Female,North,16,Two year,24.64,10.73,124.3,2,0.1,62.82,1051.79,1,Mailed check,0
100855,66,Female,South,64,Two year,20.49,19.69,188.4,0,5.73,90.95,5767.61,0,Credit card,0
100856,31,Female,North,22,One year,36.05,17.28,150.0,3,4.2,86.27,1926.28,0,Digital wallet,1
100857,21,Female,South,71,Month-to-month,52.12,47.97,287.8,0,5.03,16.83,1089.6,0,Credit card,0
100858,56,Male,North,43,One year,9.85,5.46,315.3,1,1.13,78.37,3238.19,0,Bank transfer,0
100859,63,Female,North,32,Two year,15.91,17.06,98.1,1,2.56,54.75,1678.59,0,Digital wallet,0
100860,73,Female,North,5,Month-to-month,16.81,9.69,48.4,0,2.92,71.39,357.19,1,Mailed check,0
100861,70,Female,West,19,Two year,18.95,17.16,108.3,1,1.9,64.41,1188.07,0,Digital wallet,0
100862,24,Male,North,5,Month-to-month,46.05,39.68,61.2,0,2.73,54.48,255.4,0,Credit card,0
100863,62,Female,South,61,Two year,44.12,44.09,83.6,0,2.85,22.78,1406.58,0,Credit card,0
100864,66,Female,South,8,One year,43.29,37.24,117.7,0,0.66,24.77,198.98,0,Credit card,0
100865,57,Female,South,9,Month-to-month,4.71,5.12,38.0,0,3.57,57.47,497.25,3,Bank transfer,1
100866,64,Male,South,9,Month-to-month,41.07,20.24,145.4,0,3.45,61.05,566.69,0,Credit card,0
100867,65,Male,North,70,Month-to-month,56.1,64.14,103.5,1,1.45,62.84,4051.75,0,Mailed check,0
100868,43,Female,East,69,Month-to-month,40.85,46.35,68.7,0,0.51,71.03,4788.92,0,Credit card,0
100869,20,Male,East,51,Two year,27.73,24.81,17.7,0,2.66,43.95,2303.0,0,Digital wallet,0
100870,44,Male,East,6,Month-to-month,29.2,9.99,185.0,1,1.23,29.53,178.23,1,Credit card,1
100871,29,Female,East,36,Two year,33.0,37.28,201.2,0,2.9,89.16,3142.06,0,Digital wallet,0
100872,24,Female,South,68,Month-to-month,28.4,25.09,189.5,2,1.31,78.47,4878.02,0,Credit card,0
100873,25,Male,South,7,One year,21.79,20.84,60.9,0,4.75,46.94,297.43,0,Bank transfer,0
100874,57,Male,North,57,Two year,5.79,5.07,137.8,0,1.47,86.28,4920.07,1,Credit card,1
100875,46,Male,South,2,One year,22.87,11.66,205.5,1,1.16,39.38,76.06,1,Digital wallet,0
100876,48,Male,North,58,Two year,59.53,65.29,130.5,1,2.54,70.17,3917.87,1,Bank transfer,0
100877,60,Male,South,39,Two year,5.07,4.65,123.9,0,0.1,70.48,2635.07,0,Mailed check,0
100878,49,Female,East,64,One year,33.36,35.01,,1,1.2,48.69,2885.64,1,Credit card,0
100879,53,Female,North,30,One year,55.85,18.43,256.7,0,0.1,76.95,2271.7,0,Mailed check,0
100880,22,Male,North,56,Month-to-month,40.08,43.24,83.6,1,2.82,32.13,1721.93,0,Credit card,0
100881,66,Male,East,60,Month-to-month,49.75,47.97,75.0,0,3.89,63.93,3494.41,1,Bank transfer,0
100882,43,Female,South,24,Month-to-month,49.61,53.92,65.5,0,1.86,64.01,1596.55,0,Credit card,0
100883,26,Male,West,46,Two year,8.71,8.25,28.9,2,4.38,37.0,1659.37,2,Bank transfer,0
100884,64,Male,West,33,One year,55.32,33.68,235.3,1,1.22,80.52,2491.02,1,Digital wallet,1
100885,59,Male,West,31,One year,59.42,53.15,129.4,1,1.8,92.78,2892.31,1,Bank transfer,0
100886,21,Female,South,57,Two year,8.3,8.2,84.7,0,3.84,63.15,3698.36,0,Digital wallet,0
100887,29,Male,North,17,Month-to-month,28.75,30.56,115.4,1,3.57,66.74,1072.14,0,Digital wallet,1
100888,18,Male,East,9,Two year,30.7,26.46,247.2,2,3.18,57.69,539.62,0,Bank transfer,0
100889,33,Female,East,35,Month-to-month,23.48,25.64,39.8,0,4.16,62.35,2157.54,0,Mailed check,1
100890,23,Male,East,59,Month-to-month,21.74,20.15,230.8,2,2.42,51.86,2873.21,1,Digital wallet,0
100891,58,Male,South,12,One year,14.27,15.05,109.2,0,2.95,64.83,782.18,1,Mailed check,0
100892,47,Male,North,25,Month-to-month,46.34,40.97,143.2,1,1.48,58.14,1443.31,0,Bank transfer,0
100893,73,Female,North,48,One year,53.05,51.29,148.0,0,5.39,105.43,5255.44,0,Mailed check,0
100894,60,Female,North,34,One year,21.12,20.9,255.2,0,1.82,58.84,2066.23,0,Credit card,0
100895,52,Female,North,44,Two year,50.54,50.06,63.4,0,2.18,40.56,1767.74,1,Mailed check,0
100896,47,Male,West,38,Month-to-month,22.81,21.26,348.1,1,2.81,21.08,797.04,0,Bank transfer,0
100897,21,Male,North,58,Month-to-month,18.58,18.74,46.3,1,3.5,89.43,4834.68,0,Credit card,1
100898,22,Female,East,63,Month-to-month,32.2,30.05,71.3,0,3.49,100.31,6395.83,1,Digital wallet,0
100899,53,Female,West,32,Month-to-month,30.56,27.5,161.9,0,0.1,34.94,1143.75,0,Digital wallet,0
100900,18,Male,South,31,Month-to-month,36.29,14.94,238.1,0,5.15,79.51,2585.21,0,Bank transfer,1
100901,20,Female,South,20,Month-to-month,35.72,23.13,65.4,0,4.91,77.42,1444.84,0,Bank transfer,1
100902,30,Female,East,32,Two year,38.26,34.05,42.1,0,4.38,64.55,2031.16,1,Digital wallet,0
100903,68,Female,South,60,Two year,37.62,42.07,245.4,2,2.72,36.26,2275.07,0,Credit card,0
100904,44,Female,South,36,Two year,47.7,42.42,86.1,0,4.37,76.83,2787.85,0,Digital wallet,0
100905,58,Male,West,50,Month-to-month,42.92,41.57,90.0,0,2.89,97.14,4613.05,0,Digital wallet,0
100906,41,Male,East,30,One year,21.35,5.64,119.4,2,2.87,99.35,2702.44,0,Bank transfer,0
100907,27,Male,West,51,Month-to-month,28.37,15.68,105.8,1,3.55,77.2,4121.34,0,Bank transfer,0
100908,39,Male,West,51,Month-to-month,9.57,8.85,165.0,2,3.32,86.01,4369.68,0,Credit card,1
100909,23,Female,South,38,Month-to-month,25.31,26.19,48.0,1,4.04,18.88,734.03,0,Credit card,1
100910,61,Female,East,67,Two year,21.12,20.14,38.4,0,0.1,79.44,4853.66,0,Bank transfer,0
100911,28,Female,East,63,One year,53.69,50.25,142.0,1,2.37,79.8,4960.25,0,Credit card,0
100912,39,Male,East,12,Month-to-month,22.69,9.41,146.8,0,0.67,56.2,700.09,1,Credit card,1
100913,73,Female,East,17,One year,37.48,42.76,164.6,0,3.9,66.62,1126.4,1,Bank transfer,1
100914,51,Male,East,68,Two year,42.65,49.0,159.4,0,1.13,51.21,3332.78,0,Bank transfer,0
100915,44,Female,West,29,Month-to-month,15.66,13.94,39.0,0,2.08,25.61,701.73,0,Credit card,0
100916,48,Male,South,23,Two year,30.02,31.76,157.9,2,3.9,79.82,1679.76,0,Bank transfer,0
100917,62,Male,East,57,Month-to-month,25.47,28.45,154.0,1,4.46,111.72,5734.31,0,Credit card,0
100918,32,Male,North,43,Month-to-month,19.26,21.98,43.8,0,3.82,42.68,1746.18,0,Mailed check,0
100919,54,Female,East,10,Two year,40.38,37.93,200.8,0,3.63,66.41,654.32,1,Credit card,0
100920,67,Male,West,7,Month-to-month,50.6,54.92,64.0,0,0.72,31.35,227.13,0,Digital wallet,0
100921,50,Male,West,58,One year,35.48,33.65,58.9,0,0.97,70.26,4269.85,1,Bank transfer,0
100922,43,Male,South,55,Month-to-month,13.89,14.4,167.0,1,0.49,48.64,,0,Digital wallet,0
100923,26,Female,South,26,One year,37.41,9.86,51.0,0,0.92,61.07,1497.27,1,Bank transfer,0
100924,32,Male,South,62,One year,14.86,14.92,96.8,1,2.74,89.41,5015.28,0,Bank transfer,0
100925,71,Male,North,9,Two year,32.65,15.66,87.8,2,4.01,71.99,616.69,0,Digital wallet,1
100926,48,Male,North,62,Two year,25.99,27.6,78.2,0,4.0,61.71,3818.41,0,Credit card,0
100927,35,Male,West,6,One year,15.05,16.92,67.3,0,0.1,41.43,239.22,0,Mailed check,0
100928,41,Female,South,46,Month-to-month,19.61,6.0,321.1,0,2.45,82.09,3858.61,1,Digital wallet,0
100929,50,Female,West,60,Month-to-month,26.58,23.49,161.4,2,2.09,36.91,2015.39,1,Mailed check,0
100930,48,Male,North,44,One year,19.52,17.9,72.6,1,0.1,98.0,4294.39,1,Mailed check,1
100931,57,Female,East,56,Month-to-month,12.68,13.01,14.8,1,3.74,67.62,3975.21,0,Credit card,0
100932,32,Male,East,25,Month-to-month,15.99,5.54,73.9,0,3.7,39.09,906.97,0,Mailed check,0
100933,55,Female,East,21,Two year,61.1,58.48,134.1,0,1.59,27.08,594.11,1,Bank transfer,0
100934,43,Male,East,19,Month-to-month,41.93,42.66,87.5,0,2.04,56.7,1093.71,0,Bank transfer,0
100935,71,Male,East,9,Month-to-month,13.93,15.12,139.1,0,2.72,55.98,477.85,0,Credit card,1
100936,27,Male,West,20,Two year,30.23,32.03,53.9,0,3.12,76.36,1471.54,0,Credit card,0
100937,26,Male,East,18,One year,33.8,36.5,119.2,1,1.53,39.31,648.15,2,Credit card,0
100938,44,Female,North,54,One year,40.86,17.49,173.1,1,1.21,84.65,4582.18,1,Credit card,0
100939,46,Female,North,16,Month-to-month,25.75,23.13,115.3,0,0.87,15.0,236.2,0,Credit card,1
100940,57,Female,East,12,Month-to-month,42.46,16.23,91.5,0,4.73,67.04,745.87,0,Digital wallet,0
100941,41,Male,South,53,One year,16.65,14.3,147.5,0,4.33,46.9,2433.19,0,Digital wallet,0
100942,70,Female,South,39,Month-to-month,35.77,14.11,23.8,1,0.86,67.31,2739.26,0,Credit card,1
100943,45,Male,East,16,One year,44.99,50.01,172.8,2,1.16,95.11,1590.56,0,Digital wallet,0
100944,25,Female,South,51,Month-to-month,29.83,29.39,27.0,1,0.91,87.6,4553.11,1,Bank transfer,0
100945,24,Female,West,16,Month-to-month,74.58,77.62,189.4,3,0.27,73.34,1081.17,0,Credit card,0
100946,73,Male,East,56,Month-to-month,47.01,18.73,89.3,1,5.43,98.21,5249.58,0,Bank transfer,1
100947,25,Male,,3,Month-to-month,36.43,31.76,,2,1.4,99.23,295.13,0,Credit card,1
100948,72,Male,East,42,Month-to-month,28.83,30.62,181.0,0,3.64,103.39,4022.16,0,Bank transfer,0
100949,33,Female,West,43,One year,29.59,26.05,,0,1.99,222.2834311083612,2207.54,0,Credit card,0
100950,23,Female,East,27,One year,55.44,11.56,93.0,1,2.17,83.63,2265.88,0,Bank transfer,1
100951,35,Male,West,49,Month-to-month,23.81,25.87,195.8,0,2.07,84.16,3880.99,1,Digital wallet,0
100952,53,Female,North,27,One year,15.19,13.18,128.8,0,3.05,65.21,1815.92,0,Bank transfer,0
100953,42,Female,East,47,Month-to-month,31.45,27.52,146.9,2,2.22,90.83,4283.84,0,Bank transfer,1
100954,62,Male,East,16,Month-to-month,23.51,22.41,222.6,1,3.62,65.9,1078.81,0,Mailed check,0
100955,52,Female,South,41,Two year,37.05,14.22,137.3,0,4.23,27.76,1133.83,0,Digital wallet,0
100956,40,Male,North,54,One year,67.32,26.71,181.2,0,1.57,96.74,5453.66,1,Credit card,0
100957,54,Female,East,69,One year,9.13,8.34,306.6,2,2.81,49.7,3528.49,0,Mailed check,1
100958,73,Male,South,26,Month-to-month,2.56,1.27,180.4,1,,21.12,572.16,0,Credit card,0
100959,41,Female,West,34,Month-to-month,29.12,33.35,87.8,3,1.72,144.74,5113.22,0,Bank transfer,0
100960,26,Male,South,34,One year,15.54,15.32,131.3,1,2.53,37.95,1281.15,1,Digital wallet,0
100961,41,Male,North,62,One year,32.38,14.26,,0,2.2,80.97,5159.51,0,Bank transfer,0
100962,65,Male,East,69,One year,42.72,42.32,,1,2.34,38.52,2538.94,1,Digital wallet,0
100963,30,Female,South,46,Two year,19.57,5.6,95.4,1,3.27,168.67867671039457,2289.83,1,Bank transfer,1
100964,72,Male,North,59,Month-to-month,36.23,31.3,142.8,0,3.59,47.52,2727.94,2,Digital wallet,0
100965,51,Female,East,6,Two year,15.91,7.86,182.6,0,0.1,40.1,221.15,0,Credit card,1
100966,52,Female,South,54,One year,15.51,15.47,71.9,0,2.77,86.68,4357.37,2,Mailed check,1
100967,36,Female,North,58,Month-to-month,23.06,20.05,117.1,3,2.03,121.78,6978.72,0,Bank transfer,1
100968,70,Female,East,51,Month-to-month,24.4,25.34,60.4,1,1.78,65.15,3117.81,0,Bank transfer,0
100969,20,Female,East,42,One year,32.14,6.99,74.3,0,4.59,20.61,780.96,1,Bank transfer,0
100970,35,Male,West,64,Month-to-month,31.8,36.39,128.2,0,0.1,38.87,2348.35,0,Credit card,0
100971,41,Female,South,47,One year,31.03,29.44,91.1,1,2.42,44.11,2039.59,1,Credit card,0
100972,45,Male,North,61,One year,44.83,48.98,245.2,0,4.66,67.53,4009.77,0,Credit card,0
100973,45,Female,West,13,Month-to-month,30.07,34.27,34.1,0,2.61,54.59,672.17,0,Digital wallet,0
100974,26,Male,East,48,Month-to-month,56.96,20.88,,0,1.08,117.89,5701.43,0,Credit card,0
100975,30,Female,North,32,One year,31.96,36.45,180.6,1,2.18,62.57,1879.51,0,Digital wallet,0
100976,23,Female,West,62,Month-to-month,44.0,47.25,160.3,1,5.16,85.17,5320.79,0,Mailed check,0
100977,50,Male,North,63,Two year,12.19,6.22,173.9,0,4.26,60.73,3560.31,0,Credit card,0
100978,37,Female,West,60,Month-to-month,36.43,18.65,171.9,0,1.72,63.98,3496.76,0,Credit card,0
100979,50,Male,East,16,Two year,27.98,31.09,86.8,3,4.8,56.02,855.3,0,Digital wallet,0
100980,51,Male,West,35,Month-to-month,27.53,26.3,185.9,1,3.46,64.86,2335.84,0,Mailed check,0
100981,58,Female,West,1,Month-to-month,58.04,59.5,134.4,0,0.1,52.59,53.16,0,Digital wallet,1
100982,49,Female,North,70,One year,73.89,77.5,38.5,0,2.34,65.93,4640.85,0,Credit card,0
100983,54,Male,West,19,Month-to-month,41.13,11.94,75.1,0,5.24,51.1,885.05,0,Bank transfer,0
100984,51,Female,South,45,Month-to-month,4.37,4.0,60.9,1,2.26,121.71,5076.18,1,Credit card,0
100985,55,Female,East,35,Month-to-month,36.89,34.82,102.4,0,4.78,74.83,2615.26,1,Bank transfer,0
100986,53,Female,East,65,One year,6.46,2.39,27.3,1,0.35,79.48,5179.12,0,Bank transfer,0
100987,36,Female,North,59,One year,29.77,28.54,169.2,0,0.54,60.77,3447.96,0,Digital wallet,0
100988,32,Male,North,56,Month-to-month,34.37,29.89,,0,4.2,28.12,1633.72,0,Mailed check,0
100989,62,Male,North,46,Month-to-month,19.46,19.21,85.2,1,3.78,31.26,1503.72,0,Credit card,0
100990,37,Female,North,9,Month-to-month,54.82,59.48,144.3,1,,60.64,503.72,0,Mailed check,0
100991,49,Female,North,66,Two year,16.83,17.58,250.5,0,3.8,59.82,3685.44,0,Digital wallet,0
100992,29,Male,West,5,Month-to-month,33.54,34.8,90.2,1,1.61,74.77,391.2,0,Digital wallet,0
100993,42,Female,South,33,One year,52.44,54.11,90.3,1,0.81,69.64,2345.46,0,Mailed check,0
100994,48,Female,West,27,Month-to-month,34.53,29.58,98.7,1,3.08,53.24,1344.0,0,Credit card,0
100995,53,Female,West,28,One year,17.08,14.53,161.4,0,2.07,131.26,3803.46,1,Bank transfer,0
100996,48,Male,East,70,Two year,20.15,18.15,89.2,0,3.13,73.69,5136.72,0,Mailed check,0
100997,38,Male,South,17,Month-to-month,35.2,15.1,99.8,0,2.81,53.96,901.62,0,Bank transfer,1
100998,72,Male,West,42,One year,51.09,57.43,158.1,1,2.0,55.6,2362.49,1,Credit card,0
100999,47,Female,East,16,Month-to-month,30.11,33.34,152.8,1,5.33,83.03,1240.11,0,Digital wallet,0
101000,64,Female,East,65,One year,18.47,7.49,82.4,1,0.94,59.39,3710.65,1,Mailed check,0
101001,59,Male,West,53,Month-to-month,26.77,27.39,,1,2.73,88.82,4536.91,0,Bank transfer,0
101002,49,Female,East,30,Month-to-month,17.66,9.59,92.8,0,2.36,62.84,1809.05,1,Digital wallet,0
101003,68,Female,South,6,Month-to-month,27.83,15.86,105.9,0,2.96,55.36,,0,Credit card,0
101004,25,Male,West,11,Month-to-month,16.34,15.78,129.4,0,2.57,29.06,307.6,2,Mailed check,1
101005,70,Male,South,18,Two year,14.04,3.1,116.0,0,4.12,90.98,1510.55,1,Credit card,1
101006,66,Female,West,29,One year,27.92,31.81,50.3,0,2.97,37.84,1090.56,1,Credit card,1
101007,46,Female,North,63,Month-to-month,29.99,26.09,87.9,1,1.52,83.76,5465.89,0,Bank transfer,0
101008,59,Female,North,9,Month-to-month,33.25,29.23,28.6,1,0.96,50.06,455.65,0,Digital wallet,0
101009,47,Female,South,41,One year,16.81,17.42,129.0,1,1.35,86.51,3427.44,0,Credit card,0
101010,33,Male,North,25,Month-to-month,23.75,24.08,57.3,0,1.28,97.08,2356.38,0,Credit card,0
101011,63,Female,West,4,Month-to-month,39.53,22.64,41.5,3,3.52,46.17,183.06,0,Digital wallet,1
101012,32,Female,North,44,One year,51.57,59.02,95.4,2,2.38,43.99,2017.19,0,Credit card,0
101013,35,Male,East,51,Month-to-month,10.48,11.44,140.7,1,3.09,120.46,6407.78,0,Bank transfer,0
101014,47,Male,North,69,Month-to-month,21.67,24.52,114.2,0,0.43,76.47,5308.82,0,Bank transfer,0
101015,65,Female,West,36,Month-to-month,34.69,22.17,265.6,2,2.03,83.06,2888.29,0,Mailed check,1
101016,39,Female,South,24,Month-to-month,42.57,45.41,34.2,0,3.22,31.18,698.28,0,Mailed check,1
101017,46,Female,North,61,One year,33.24,21.84,32.9,0,4.06,39.55,2232.81,0,Credit card,0
101018,20,Male,North,18,One year,41.04,46.3,78.5,2,0.27,70.29,1140.2,0,Credit card,0
101019,24,Male,East,49,Two year,7.38,7.79,181.9,0,4.85,55.51,2597.12,0,Credit card,0
101020,21,Female,West,67,Month-to-month,69.18,69.71,82.8,0,4.66,39.88,2429.25,0,Digital wallet,0
101021,22,Female,West,1,One year,55.31,56.64,64.0,0,4.03,71.98,72.28,0,Bank transfer,0
101022,67,Female,South,66,Two year,12.4,2.83,146.1,0,4.4,22.29,1356.54,0,Credit card,0
101023,65,Female,South,15,One year,16.6,10.65,88.2,1,1.93,72.59,1112.37,0,Bank transfer,1
101024,64,Male,North,35,Two year,24.77,6.98,219.3,1,1.3,42.49,1405.8,1,Bank transfer,0
101025,21,Female,South,19,Two year,29.57,33.13,97.2,0,2.63,82.72,1617.01,1,Credit card,0
101026,22,Male,East,11,Two year,26.62,23.46,183.5,1,2.95,67.53,670.34,2,Bank transfer,1
101027,33,Female,North,50,Two year,21.6,22.03,102.1,0,1.56,78.2,3579.96,0,Credit card,0
101028,50,Male,,35,One year,37.27,36.07,141.2,0,3.38,98.5,3508.94,0,Bank transfer,0
101029,37,Female,West,37,Month-to-month,51.39,18.97,199.0,0,4.61,48.31,1779.48,1,Digital wallet,1
101030,45,Female,North,35,Two year,20.01,20.99,32.7,2,3.84,40.53,1306.58,0,Digital wallet,0
101031,27,Female,North,54,Two year,29.61,30.53,25.7,0,2.57,95.04,5311.92,0,Credit card,0
101032,59,Female,North,69,Month-to-month,25.9,25.12,35.8,0,0.1,107.32,7412.42,0,Credit card,0
101033,35,Female,North,37,Month-to-month,39.94,42.21,59.3,0,0.2,97.04,3501.66,0,Mailed check,0
101034,21,Female,North,12,Month-to-month,21.4,21.63,203.9,0,2.36,15.0,181.61,0,Credit card,0
101035,60,Male,East,24,Two year,17.2,15.59,286.0,0,3.46,80.05,1910.68,1,Credit card,0
101036,69,Male,North,36,Month-to-month,25.56,26.62,106.5,3,0.37,41.65,1349.84,0,Credit card,0
101037,18,Female,East,8,Month-to-month,48.34,18.89,86.0,0,2.64,87.4,723.29,1,Bank transfer,1
101038,42,Female,West,17,Month-to-month,31.36,26.9,137.2,1,3.57,58.68,1022.64,0,Mailed check,0
101039,65,Female,West,15,Month-to-month,26.13,28.66,71.5,0,2.4,56.6,837.71,2,Digital wallet,0
101040,58,Female,East,70,Two year,51.29,17.93,132.7,0,1.57,55.18,3781.12,0,Bank transfer,0
101041,66,Female,North,29,Month-to-month,51.62,57.91,199.4,1,0.28,50.0,1480.05,0,Bank transfer,0
101042,41,Female,North,63,Month-to-month,0.0,0.0,137.9,1,3.66,33.02,1916.99,0,Credit card,0
101043,39,Female,North,40,Month-to-month,17.17,15.0,54.5,1,1.52,55.44,2309.89,0,Bank transfer,0
101044,58,Female,West,36,One year,40.23,37.3,104.3,1,4.97,68.28,2557.25,1,Credit card,0
101045,26,Male,West,67,One year,29.59,26.27,304.8,1,2.77,102.38,6617.66,0,Credit card,0
101046,31,Female,South,50,Month-to-month,52.04,14.82,146.8,0,3.05,77.8,3849.1,0,Credit card,0
101047,52,Male,South,18,Month-to-month,13.47,14.57,,0,3.75,57.76,1038.91,1,Mailed check,1
101048,56,Female,South,20,Two year,34.16,29.76,70.3,1,1.95,55.91,1138.67,0,Bank transfer,0
101049,24,Female,North,48,One year,41.18,21.8,79.8,0,3.2,15.0,737.36,0,Credit card,0
101050,46,Female,West,1,One year,22.64,11.1,171.7,0,1.53,55.2,55.53,1,Bank transfer,1
101051,38,Male,North,11,Month-to-month,41.6,42.11,126.6,3,1.3,68.36,769.03,0,Digital wallet,1
101052,46,Female,South,6,Two year,45.09,43.58,58.0,0,1.13,49.71,280.87,0,Credit card,0
101053,72,Male,South,51,One year,34.41,17.44,193.0,1,1.77,51.83,2573.93,1,Bank transfer,0
101054,22,Female,North,32,Month-to-month,28.48,30.62,299.5,1,5.59,15.0,495.84,0,Digital wallet,0
101055,74,Male,South,1,Two year,41.51,43.24,,0,1.14,30.24,30.35,0,Credit card,0
101056,43,Male,West,53,Two year,33.58,34.03,213.6,0,3.42,37.5,2016.34,0,Bank transfer,0
101057,62,Female,North,47,One year,37.03,37.06,52.8,1,2.16,46.92,2134.59,0,Credit card,1
101058,42,Female,East,52,One year,24.43,11.25,100.1,1,0.8,15.0,763.27,0,Credit card,0
101059,35,Male,South,12,Month-to-month,24.23,26.23,48.8,2,3.69,60.25,665.87,0,Bank transfer,1
101060,61,Male,North,63,Month-to-month,26.95,8.37,175.8,0,1.74,62.75,3946.71,0,Bank transfer,0
101061,57,Male,North,13,Month-to-month,39.0,38.73,111.8,1,1.83,75.27,968.28,1,Bank transfer,1
101062,26,Female,North,41,One year,17.59,17.17,25.7,0,4.12,54.25,2328.23,0,Digital wallet,0
101063,58,Male,North,40,Month-to-month,15.15,13.0,53.4,0,2.11,85.62,3339.76,0,Digital wallet,0
101064,60,Male,South,16,Month-to-month,25.61,23.83,103.9,1,2.84,109.61,1703.91,0,Credit card,1
101065,40,Male,West,27,Two year,49.67,47.73,36.1,0,2.46,29.81,787.42,0,Credit card,0
101066,70,Male,East,4,Month-to-month,29.23,29.92,55.7,3,2.36,33.8,139.33,0,Digital wallet,1
101067,54,Male,West,34,Two year,23.5,24.73,204.0,0,0.52,350.65611582565305,2456.91,0,Digital wallet,0
101068,37,Female,South,49,Month-to-month,24.01,11.84,68.5,1,3.79,79.65,3787.12,0,Mailed check,1
101069,18,Female,East,22,Month-to-month,20.22,10.65,129.5,0,2.83,34.53,716.24,0,Credit card,0
101070,56,Male,East,39,Month-to-month,0.0,0.0,187.3,0,3.72,107.17,4388.17,1,Digital wallet,0
101071,29,Female,North,68,Month-to-month,41.19,38.43,168.4,0,,41.44,2828.57,1,Bank transfer,0
101072,61,Female,South,17,Month-to-month,22.66,22.96,255.9,2,4.08,58.87,917.84,0,Bank transfer,0
101073,47,Male,South,21,Month-to-month,25.12,27.05,195.5,2,2.73,81.69,1577.01,1,Mailed check,1
101074,44,Female,West,9,One year,17.13,16.15,126.8,0,4.56,100.88,893.15,0,Bank transfer,0
101075,27,Female,South,39,Month-to-month,22.72,23.05,39.7,2,1.14,40.11,1562.08,0,Bank transfer,1
101076,58,Female,North,15,Month-to-month,58.95,57.51,106.9,1,1.31,83.52,1188.79,2,Digital wallet,1
101077,27,Male,West,61,Month-to-month,15.73,3.55,169.2,1,5.18,62.25,3425.4,0,Bank transfer,1
101078,41,Male,North,21,Month-to-month,40.67,39.41,62.0,1,3.74,28.31,591.09,1,Credit card,0
101079,65,Male,West,48,Month-to-month,13.76,11.95,205.7,1,5.3,49.68,2195.51,0,Credit card,0
101080,70,Male,West,14,Month-to-month,18.09,15.5,111.9,0,3.42,34.89,478.94,0,Credit card,1
101081,74,Female,,23,One year,52.71,36.58,168.7,0,2.08,82.05,1955.72,0,Bank transfer,0
101082,72,Female,West,13,One year,27.86,26.15,168.0,1,5.3,29.4,372.03,0,Bank transfer,0
101083,49,Female,North,40,Two year,45.21,50.8,172.7,0,0.1,75.89,2804.85,0,Credit card,0
101084,29,Female,East,2,One year,20.6,18.7,82.5,0,3.7,64.59,126.57,1,Bank transfer,0
101085,65,Female,West,6,Month-to-month,20.26,17.6,257.9,1,0.1,73.28,402.29,0,Credit card,0
101086,63,Male,East,36,Month-to-month,47.64,49.36,,0,,64.85,2381.55,0,Bank transfer,0
101087,74,Male,North,39,Month-to-month,40.28,45.82,120.2,1,0.96,42.93,1639.17,0,Bank transfer,1
101088,55,Male,North,24,One year,59.01,51.17,51.1,0,2.04,74.41,1710.35,0,Digital wallet,0
101089,26,Male,South,31,Month-to-month,20.26,21.75,84.7,0,1.05,68.08,2072.91,0,Bank transfer,0
101090,46,Female,South,30,Month-to-month,35.87,17.57,82.3,2,3.39,51.96,1448.78,1,Credit card,1
101091,43,Male,East,54,Two year,26.28,23.19,37.8,1,2.22,128.9,6580.3,0,Digital wallet,0
101092,66,Male,West,32,Month-to-month,35.25,31.39,71.9,0,4.57,35.29,1074.62,1,Digital wallet,0
101093,40,Male,West,61,Month-to-month,45.91,51.92,5.9,3,1.51,77.51,4701.35,0,Mailed check,1
101094,36,Female,East,16,Two year,30.13,31.95,151.2,1,0.73,79.69,1261.05,0,Credit card,1
101095,22,Female,North,15,Month-to-month,36.29,36.94,100.4,1,1.79,57.67,794.18,2,Credit card,1
101096,65,Male,South,29,Month-to-month,43.86,39.45,174.2,1,4.96,71.08,2129.29,0,Bank transfer,1
101097,61,Male,South,6,Month-to-month,30.5,15.84,91.9,0,4.06,76.04,427.77,0,Bank transfer,1
101098,20,Male,North,48,Month-to-month,43.53,44.3,36.2,1,4.24,63.04,3117.06,0,Credit card,1
101099,42,Female,North,28,Two year,7.53,6.54,49.6,0,1.67,50.93,1357.03,0,Credit card,0
101100,45,Male,South,27,One year,26.79,25.95,108.8,0,0.52,62.89,1659.37,0,Credit card,0
101101,44,Female,North,38,Month-to-month,26.19,12.7,108.3,0,4.63,49.75,1835.69,0,Digital wallet,0
101102,70,Female,East,6,Month-to-month,2.6,2.75,71.6,0,0.43,99.19,594.94,0,Bank transfer,1
101103,26,Female,North,27,Month-to-month,40.29,21.97,69.7,1,2.51,86.78,2200.79,0,Bank transfer,0
101104,35,Male,North,70,One year,30.02,30.64,179.4,2,1.5,66.8,4668.09,0,Credit card,0
101105,28,Male,North,45,Month-to-month,16.75,8.85,28.3,1,2.61,46.3,2010.26,0,Credit card,0
101106,31,Male,East,41,Month-to-month,17.31,10.38,135.1,0,0.1,56.97,2360.13,1,Bank transfer,0
101107,69,Female,East,36,One year,70.44,74.14,,1,3.78,50.15,1775.39,0,Credit card,0
101108,71,Male,South,34,Two year,35.69,31.57,179.1,1,4.56,62.44,2160.49,0,Mailed check,1
101109,20,Male,North,67,Two year,35.02,37.73,314.1,0,4.07,24.74,1711.68,0,Credit card,0
101110,54,Male,West,67,Two year,20.81,23.66,45.0,0,0.83,50.95,3286.42,1,Digital wallet,1
101111,31,Female,East,30,Month-to-month,22.03,24.72,161.8,2,3.15,37.45,1044.1,3,Bank transfer,1
101112,28,Female,East,66,One year,46.68,40.91,157.2,2,2.24,47.32,2844.78,0,Digital wallet,0
101113,34,Male,South,6,Two year,33.1,9.29,64.4,0,2.5,110.6,631.86,2,Digital wallet,1
101114,29,Female,West,23,Month-to-month,59.75,52.56,80.8,0,4.99,56.79,1288.51,0,Digital wallet,1
101115,45,Female,West,22,Month-to-month,38.04,10.72,98.0,0,1.85,69.72,1542.27,0,Credit card,0
101116,74,Female,South,50,Month-to-month,48.98,49.18,,0,3.52,59.27,2953.13,0,Credit card,1
101117,51,Female,East,44,Two year,4.16,4.19,117.1,0,0.1,80.6,3288.45,0,Bank transfer,0
101118,59,Male,North,34,Two year,23.36,25.87,234.3,1,2.61,55.14,1824.75,1,Credit card,0
101119,46,Female,East,19,Two year,32.46,31.19,60.3,0,3.9,51.15,986.87,1,Credit card,0
101120,18,Female,South,36,Month-to-month,29.32,29.45,106.9,2,2.27,47.77,1750.66,0,Credit card,0
101121,22,Female,North,20,Two year,42.25,38.49,132.1,0,3.42,46.37,917.78,0,Digital wallet,0
101122,33,Female,West,36,Month-to-month,19.84,22.5,90.1,1,1.28,102.54,3396.12,0,Digital wallet,0
101123,31,Female,West,25,Month-to-month,9.2,8.15,54.3,0,1.8,74.51,1799.94,0,Credit card,0
101124,65,Male,North,64,One year,32.25,9.99,208.4,1,2.3,49.56,2854.7,1,Mailed check,1
101125,66,Female,West,53,One year,47.55,53.31,128.9,0,1.69,85.96,4568.08,1,Digital wallet,0
101126,66,Female,South,13,Two year,21.43,14.61,28.3,1,3.85,93.7,1165.57,0,Credit card,0
101127,54,Male,South,67,Month-to-month,51.93,58.02,74.0,0,4.14,47.14,2935.64,2,Bank transfer,0
101128,49,Male,West,47,Month-to-month,67.61,58.49,62.7,0,3.47,57.65,2530.93,0,Bank transfer,0
101129,55,Female,South,25,Month-to-month,24.97,27.03,266.3,2,0.1,65.2,1468.68,0,Mailed check,1
101130,41,Male,South,38,Month-to-month,24.62,23.42,94.7,0,2.02,45.74,1783.49,1,Bank transfer,1
101131,56,Female,East,14,Two year,15.27,5.78,239.9,0,3.76,209.69023504940347,663.51,1,Bank transfer,0
101132,63,Female,North,4,Month-to-month,20.03,7.17,145.4,1,2.25,52.64,200.73,1,Credit card,0
101133,61,Female,South,30,Month-to-month,45.75,41.97,140.6,1,2.17,254.5249451767093,1830.91,1,Digital wallet,0
101134,52,Male,South,56,Month-to-month,23.32,22.64,72.2,0,3.9,141.49,8102.86,1,Mailed check,0
101135,21,Male,East,25,One year,20.9,23.55,93.9,0,3.98,42.43,1106.76,3,Digital wallet,1
101136,59,Female,North,28,Two year,18.99,5.97,43.7,0,3.4,28.21,744.15,0,Digital wallet,0
101137,38,Female,North,71,Month-to-month,33.59,32.57,192.4,0,0.27,89.46,5717.6,0,Digital wallet,0
101138,60,Male,East,71,Month-to-month,31.91,29.45,193.5,0,0.82,69.58,4994.88,1,Digital wallet,0
101139,48,Male,North,33,Two year,38.17,38.45,140.6,1,3.09,57.32,1846.57,0,Mailed check,0
101140,68,Male,South,4,One year,29.32,28.53,116.7,1,0.1,86.64,333.59,0,Bank transfer,0
101141,37,Female,East,49,Month-to-month,16.54,14.15,102.2,0,4.96,34.41,1696.23,0,Digital wallet,0
101142,71,Female,West,51,Month-to-month,18.78,17.02,265.2,1,2.7,227.0828318240047,3898.44,0,Bank transfer,0
101143,66,Male,North,65,Two year,25.28,21.62,210.4,2,1.44,60.3,3660.33,0,Credit card,1
101144,36,Male,West,68,One year,20.53,20.66,129.3,0,1.7,65.86,4452.32,1,Credit card,0
101145,45,Male,East,45,Month-to-month,29.26,30.5,81.8,0,4.31,66.25,2949.67,0,Credit card,0
101146,48,Female,South,8,Month-to-month,1.83,1.95,76.7,0,0.61,440.36989188034573,989.14,0,Credit card,1
101147,61,Male,West,18,Month-to-month,25.98,11.45,,0,0.1,52.41,924.0,0,Credit card,1
101148,57,Male,East,51,Month-to-month,55.47,36.2,66.4,2,1.01,43.93,2343.82,0,Credit card,0
101149,66,Male,East,44,Month-to-month,50.2,45.8,106.7,0,2.94,78.4,3235.76,0,Credit card,0
101150,39,Female,East,31,Month-to-month,32.62,35.6,156.6,0,4.9,90.54,2893.53,0,Credit card,1
101151,46,Male,East,29,Month-to-month,30.77,29.95,183.8,0,4.33,31.21,904.15,1,Mailed check,0
101152,42,Male,West,51,Month-to-month,44.9,38.83,135.8,1,1.85,74.76,3950.24,1,Bank transfer,0
101153,69,Female,East,30,Month-to-month,14.66,7.88,119.1,0,2.92,35.82,1095.5,0,Digital wallet,0
101154,35,Male,West,11,Month-to-month,45.46,51.29,114.6,2,3.02,31.14,342.17,0,Bank transfer,0
101155,51,Male,East,70,Two year,53.14,56.23,98.8,1,2.83,59.45,3774.33,0,Bank transfer,0
101156,24,Female,West,25,Month-to-month,22.44,22.86,54.6,1,0.1,48.41,1199.03,3,Digital wallet,1
101157,66,Female,West,20,Two year,36.06,31.08,171.0,0,2.03,32.77,611.69,0,Digital wallet,1
101158,39,Male,North,5,Two year,38.97,11.45,83.0,1,3.69,43.72,207.86,1,Credit card,0
101159,37,Male,North,34,Two year,22.86,19.52,47.8,1,5.3,52.01,1696.94,0,Credit card,0
101160,51,Male,East,71,Month-to-month,55.38,56.46,58.4,0,3.1,80.52,5894.68,0,Digital wallet,0
101161,46,Female,South,12,Month-to-month,72.7,80.96,128.5,1,4.14,40.46,505.17,0,Credit card,0
101162,66,Female,East,18,One year,34.04,35.55,165.9,0,3.82,66.81,1221.51,0,Mailed check,1
101163,48,Female,West,13,Month-to-month,63.2,53.83,125.8,1,1.93,18.9,226.72,0,Digital wallet,0
101164,47,Female,West,7,Month-to-month,19.23,11.9,104.6,0,0.5,59.51,399.59,0,Credit card,1
101165,23,Male,South,43,Month-to-month,26.41,17.77,110.2,0,4.2,83.35,3228.47,0,Credit card,0
101166,19,Female,East,22,One year,7.63,4.24,67.8,0,5.28,53.04,1200.19,1,Digital wallet,0
101167,40,Female,North,54,Two year,28.18,29.35,195.5,0,1.87,78.36,3895.83,0,Bank transfer,1
101168,74,Male,South,29,Month-to-month,30.93,29.52,59.1,1,4.29,17.06,493.38,1,Bank transfer,0
101169,70,Female,North,46,Two year,24.17,21.43,138.0,0,2.73,37.1,1671.91,0,Credit card,0
101170,53,Female,South,7,One year,14.22,7.06,188.0,0,0.43,79.05,519.03,1,Credit card,1
101171,53,Female,South,24,Month-to-month,33.95,18.19,131.1,2,2.57,80.79,1913.79,0,Credit card,0
101172,40,Female,East,30,Month-to-month,21.52,23.54,158.9,1,1.65,111.71,3168.6,0,Credit card,1
101173,28,Male,East,5,Month-to-month,36.14,36.97,71.9,0,3.16,82.63,391.29,0,Credit card,1
101174,18,Male,South,30,Two year,27.04,28.86,135.4,1,3.1,93.97,2593.13,0,Credit card,1
101175,37,Male,North,34,One year,33.67,30.28,181.5,1,1.53,41.03,1370.28,0,Digital wallet,1
101176,36,Female,North,29,One year,25.9,22.92,171.7,0,0.54,64.87,1946.23,0,Credit card,0
101177,28,Female,West,36,One year,35.66,35.82,182.7,2,1.81,30.5,1045.2,0,Bank transfer,0
101178,32,Male,West,57,Month-to-month,77.69,78.34,94.9,2,4.82,92.15,5181.6,1,Credit card,0
101179,19,Male,South,55,Two year,34.04,34.87,201.5,1,0.74,57.74,3037.38,0,Credit card,0
101180,52,Male,North,2,Two year,52.85,56.72,122.5,2,3.59,77.13,145.35,0,Bank transfer,0
101181,70,Female,South,46,One year,57.68,60.51,91.8,0,3.4,15.0,671.9,0,Mailed check,0
101182,57,Male,East,65,Month-to-month,93.42,98.36,255.8,1,1.67,15.0,914.55,0,Digital wallet,0
101183,43,Male,South,62,Month-to-month,18.26,16.48,29.1,0,1.24,109.06,6786.27,1,Bank transfer,0
101184,41,Male,North,23,Month-to-month,55.77,54.4,117.1,0,3.39,151.41,,0,Mailed check,0
101185,35,Female,South,56,Month-to-month,26.47,27.27,74.7,0,2.46,73.83,3980.9,1,Credit card,1
101186,26,Male,North,57,One year,25.74,25.88,171.1,0,1.74,103.71,5919.45,2,Digital wallet,1
101187,52,Male,South,26,One year,21.73,12.34,70.9,0,3.21,46.6,1135.01,1,Credit card,0
101188,50,Male,North,62,Two year,15.24,14.34,38.5,0,4.94,25.62,1552.67,1,Credit card,0
101189,18,Male,East,45,Month-to-month,36.9,23.24,88.0,0,4.36,106.28,4730.3,2,Bank transfer,0
101190,41,Male,South,54,Month-to-month,11.26,12.77,93.8,1,2.69,61.64,3414.21,0,Digital wallet,0
101191,33,Female,North,54,Month-to-month,48.45,43.22,79.6,3,0.1,59.69,3234.38,0,Bank transfer,1
101192,27,Female,East,56,Two year,4.1,4.68,48.6,2,2.14,106.61,5635.25,0,Credit card,0
101193,58,Female,South,68,One year,13.96,15.14,,1,0.99,56.36,3897.67,0,Mailed check,0
101194,47,Female,West,61,Month-to-month,27.01,27.79,33.0,1,2.19,35.55,2227.55,1,Credit card,0
101195,54,Female,West,30,One year,29.33,26.05,103.9,0,1.98,30.33,893.79,1,Credit card,0
101196,58,Male,North,40,One year,22.51,22.94,106.5,1,2.03,64.91,2558.48,0,Credit card,0
101197,73,Female,West,47,Month-to-month,19.29,16.91,241.1,1,4.11,86.81,4087.96,0,Mailed check,0
101198,63,Male,East,61,Month-to-month,20.01,22.61,128.0,1,2.16,57.8,3420.06,0,Credit card,0
101199,53,Male,East,28,Month-to-month,18.55,17.36,34.3,0,2.09,62.17,1716.94,0,Digital wallet,0
101200,68,Female,South,23,Month-to-month,19.52,18.93,147.2,0,3.21,45.55,1051.63,0,Credit card,1
101201,45,Male,South,53,One year,42.17,22.32,262.1,0,0.91,52.07,2596.4,0,Credit card,0
101202,74,Male,North,68,Month-to-month,52.44,54.59,71.4,1,1.99,104.28,6470.36,0,Credit card,0
101203,61,Male,West,65,One year,22.67,19.4,106.7,0,0.44,61.55,3788.39,1,Credit card,0
101204,55,Male,East,11,One year,39.92,40.42,94.5,0,3.43,45.62,481.57,0,Credit card,0
101205,69,Female,South,66,Month-to-month,17.42,8.11,110.4,0,2.85,106.08,7239.01,0,Digital wallet,1
101206,47,Female,South,57,Two year,18.07,19.24,14.0,0,5.6,57.95,3422.28,0,Mailed check,0
101207,59,Male,North,12,Month-to-month,19.59,17.87,108.2,3,0.1,60.56,721.4,0,Credit card,0
101208,34,Male,North,1,One year,47.68,42.73,105.7,1,3.96,58.51,53.5,0,Credit card,0
101209,72,Female,East,15,Month-to-month,12.83,12.79,76.2,0,0.1,24.23,334.69,0,Digital wallet,0
101210,53,Female,South,66,One year,7.36,7.44,98.8,2,1.01,54.32,3227.75,1,Digital wallet,0
101211,62,Male,West,54,Month-to-month,63.34,62.18,117.3,0,0.1,69.96,3653.0,0,Bank transfer,0
101212,44,Female,East,41,Month-to-month,22.34,6.51,124.5,0,,54.1,2220.33,0,Credit card,1
101213,67,Male,East,45,Month-to-month,22.43,8.68,136.6,0,2.91,89.32,4183.7,2,Credit card,1
101214,22,Male,West,30,One year,21.61,20.29,215.1,1,2.02,39.69,1111.74,0,Mailed check,0
101215,24,Male,North,65,One year,57.79,56.23,158.3,0,0.1,71.79,4295.47,0,Credit card,0
101216,46,Female,East,12,One year,46.84,44.2,124.8,0,1.7,51.72,583.59,0,Credit card,0
101217,59,Male,East,23,Month-to-month,9.48,8.77,92.7,1,2.69,88.06,1987.92,0,Credit card,0
101218,64,Male,North,15,One year,28.51,28.27,325.8,0,1.13,102.91,1397.92,0,Bank transfer,1
101219,43,Male,North,61,One year,32.34,31.33,33.4,0,2.46,95.19,5948.3,0,Bank transfer,0
101220,55,Male,North,39,Month-to-month,37.82,9.16,135.7,0,4.12,66.47,2573.14,1,Digital wallet,0
101221,49,Female,North,49,Month-to-month,8.51,8.35,174.9,1,1.64,63.78,3171.87,0,Bank transfer,0
101222,72,Male,South,66,Month-to-month,17.54,14.91,117.9,1,0.87,62.08,4273.15,1,Digital wallet,0
101223,55,Male,North,14,Two year,39.03,22.02,73.4,2,2.38,37.73,,0,Digital wallet,1
101224,41,Female,East,69,Month-to-month,6.92,7.32,146.1,0,5.22,87.13,6141.06,0,Bank transfer,0
101225,73,Female,North,9,Month-to-month,34.32,29.65,58.1,0,3.26,15.0,134.75,0,Credit card,0
101226,24,Male,North,54,Two year,22.42,15.61,175.5,0,0.24,54.68,2779.59,1,Bank transfer,0
101227,74,Female,South,50,Two year,11.04,2.74,54.4,0,4.53,104.97,4889.93,0,Credit card,1
101228,26,Female,North,59,Month-to-month,16.02,14.61,227.5,0,1.88,23.77,1468.11,0,Mailed check,0
101229,34,Female,West,12,Two year,26.79,29.23,146.4,1,2.15,76.57,883.77,1,Bank transfer,0
101230,64,Female,South,69,Month-to-month,35.54,40.7,121.2,0,0.57,83.56,5627.27,0,Digital wallet,0
101231,59,Female,North,57,Two year,33.96,38.96,102.1,1,2.72,50.29,2668.23,0,Mailed check,0
101232,73,Male,North,8,Month-to-month,36.13,37.13,109.2,0,0.1,38.4,281.87,0,Credit card,0
101233,60,Male,South,40,Month-to-month,15.64,14.51,62.4,0,0.81,22.47,869.36,0,Credit card,0
101234,54,Male,East,59,Two year,40.77,44.87,116.4,0,,52.75,3097.22,2,Digital wallet,0
101235,37,Male,West,34,Month-to-month,31.52,13.24,88.0,1,2.69,44.85,1572.13,0,Bank transfer,0
101236,18,Female,South,28,Two year,29.37,30.69,83.4,0,1.37,28.35,753.6,2,Digital wallet,1
101237,25,Male,East,20,Month-to-month,75.76,86.81,314.3,1,2.21,89.27,1714.58,0,Credit card,1
101238,34,Male,South,37,Month-to-month,37.88,38.44,89.1,0,3.55,42.79,1631.62,1,Credit card,0
101239,20,Female,West,70,Two year,22.32,22.5,97.0,1,3.07,75.81,5340.0,1,Digital wallet,0
101240,46,Female,East,44,Month-to-month,22.94,19.8,195.8,1,3.49,42.76,1773.27,0,Mailed check,0
101241,62,Female,North,52,Two year,30.02,27.27,62.2,1,0.72,77.8,4196.82,1,Digital wallet,1
101242,72,Male,East,56,Two year,7.89,8.28,224.3,1,1.44,69.62,3536.84,1,Digital wallet,0
101243,45,Male,West,56,Month-to-month,35.16,40.37,94.9,0,5.4,90.35,5042.25,0,Credit card,0
101244,67,Female,South,29,Month-to-month,23.62,23.45,68.5,2,1.9,24.51,743.37,2,Credit card,1
101245,74,Male,West,55,Month-to-month,27.22,14.97,32.9,2,,45.33,2265.85,1,Credit card,0
101246,67,Male,West,24,Month-to-month,26.65,22.89,208.9,0,2.68,87.5,2064.11,0,Bank transfer,0
101247,44,Female,North,42,Month-to-month,18.85,18.29,80.2,1,2.83,48.21,1934.28,0,Digital wallet,0
101248,36,Male,West,22,Month-to-month,31.47,27.94,93.4,0,1.0,54.68,1156.99,3,Bank transfer,1
101249,73,Female,East,67,Two year,18.91,21.52,94.3,1,0.1,78.11,4897.05,0,Bank transfer,0
101250,31,Male,South,52,Month-to-month,44.47,39.69,80.1,1,,56.99,3069.89,0,Bank transfer,0
101251,41,Female,South,42,One year,44.58,39.47,145.7,1,2.47,67.21,2607.98,0,Credit card,0
101252,22,Female,West,33,Month-to-month,67.77,14.57,182.2,3,0.1,61.43,1849.49,0,Mailed check,0
101253,63,Female,East,37,Month-to-month,26.42,26.09,324.5,0,2.9,56.01,1896.23,0,Credit card,0
101254,55,Male,South,56,Month-to-month,44.37,44.93,234.7,0,3.0,30.03,1523.66,0,Mailed check,0
101255,22,Female,North,20,Month-to-month,62.9,67.0,119.6,0,3.96,205.48952178817302,1040.18,0,Credit card,1
101256,30,Female,South,59,One year,19.41,8.15,176.5,0,0.85,77.98,4315.94,0,Bank transfer,0
101257,49,Female,West,21,Month-to-month,48.29,46.38,271.2,0,3.05,56.48,1227.67,1,Digital wallet,0
101258,48,Male,East,11,Two year,31.02,34.72,191.6,2,3.33,76.77,858.42,0,Credit card,0
101259,63,Male,North,53,Two year,16.31,9.74,123.5,1,4.72,56.28,2957.6,0,Bank transfer,0
101260,33,Male,West,51,Month-to-month,28.21,29.05,147.1,2,3.78,76.57,3672.74,0,Credit card,0
101261,70,Male,West,24,Two year,79.45,27.54,225.9,1,4.08,49.04,1229.03,0,Credit card,0
101262,43,Female,South,47,Two year,47.77,41.28,26.6,1,2.73,35.3,1534.72,0,Credit card,0
101263,64,Female,North,52,Month-to-month,28.71,24.7,101.7,1,1.82,86.14,4656.98,0,Credit card,1
101264,31,Female,East,56,Two year,20.48,20.29,21.4,1,4.4,36.98,1964.97,0,Credit card,0
101265,20,Female,North,68,Month-to-month,13.19,12.95,52.2,1,0.6,47.13,3222.89,0,Mailed check,0
101266,21,Female,South,61,One year,13.02,12.83,15.3,1,4.79,64.7,3968.46,1,Mailed check,0
101267,39,Male,East,32,Month-to-month,24.77,21.48,96.6,0,3.69,19.38,607.96,0,Credit card,1
101268,72,Male,West,17,Two year,22.99,19.91,258.0,1,2.0,50.11,809.33,0,Digital wallet,0
101269,20,Female,South,7,Two year,53.6,46.53,210.9,2,0.12,47.99,315.26,1,Digital wallet,1
101270,39,Male,West,41,Two year,21.32,22.81,68.5,1,2.39,57.66,2281.9,0,Credit card,0
101271,24,Male,West,48,Two year,16.57,17.07,146.5,1,1.55,58.46,2907.95,1,Credit card,0
101272,71,Female,North,50,Month-to-month,35.79,31.89,59.9,0,0.13,52.59,2491.2,0,Digital wallet,0
101273,56,Female,North,1,One year,15.83,15.5,119.9,2,1.64,60.08,59.6,0,Credit card,0
101274,61,Male,East,50,Month-to-month,23.91,27.09,,0,3.85,100.94,4603.7,1,Credit card,0
101275,58,Male,West,56,Month-to-month,46.75,24.77,47.7,0,2.49,123.09,6382.23,0,Credit card,0
101276,55,Male,South,52,Month-to-month,13.71,11.94,134.0,0,2.14,77.0,3612.17,0,Bank transfer,0
101277,62,Female,East,38,Two year,52.39,26.39,173.1,0,0.15,56.3,2218.61,1,Credit card,0
101278,18,Female,East,2,One year,28.2,25.57,77.7,2,2.23,41.85,83.08,0,Credit card,1
101279,67,Female,East,35,Month-to-month,15.63,15.12,133.3,0,4.86,45.96,1627.01,0,Credit card,0
101280,60,Female,East,46,Two year,29.16,26.85,66.9,1,2.56,58.49,2712.56,0,Credit card,0
101281,60,Male,North,41,Two year,17.07,9.39,123.8,0,1.96,92.71,3432.55,0,Digital wallet,0
101282,40,Female,North,41,Month-to-month,23.81,21.37,123.8,0,3.62,38.69,1539.45,1,Digital wallet,0
101283,63,Male,North,37,Month-to-month,62.66,71.56,42.7,0,4.4,73.34,2806.79,0,Digital wallet,0
101284,39,Male,West,40,One year,20.74,22.4,37.2,0,4.57,51.3,2072.55,0,Bank transfer,0
101285,20,Female,West,23,One year,6.58,2.11,32.8,0,3.02,88.38,2044.49,0,Bank transfer,0
101286,69,Female,West,43,Month-to-month,26.3,28.11,151.9,1,0.1,54.93,2345.73,0,Bank transfer,0
101287,31,Male,North,20,Month-to-month,56.51,63.84,137.6,0,3.99,45.35,,0,Credit card,1
101288,23,Male,East,35,Month-to-month,32.65,29.58,116.6,1,1.91,47.0,1569.97,0,Mailed check,0
101289,53,Male,North,30,Month-to-month,27.0,30.16,98.3,1,1.71,107.7,2908.38,0,Credit card,0
101290,31,Female,South,51,Month-to-month,22.16,25.37,181.0,0,1.04,63.07,3221.41,0,Digital wallet,0
101291,66,Female,North,64,Month-to-month,47.97,49.21,91.3,0,3.31,91.52,5499.82,1,Bank transfer,1
101292,43,Male,West,45,Month-to-month,37.78,42.35,71.0,1,3.94,72.93,3131.95,0,Mailed check,0
101293,18,Male,North,10,One year,15.62,17.1,51.3,1,1.5,79.37,724.33,2,Credit card,1
101294,72,Male,East,48,Month-to-month,37.19,35.16,112.2,1,3.46,54.82,2713.71,0,Bank transfer,1
101295,47,Male,West,24,Month-to-month,29.71,28.22,127.2,1,4.15,61.36,1363.69,0,Bank transfer,0
101296,32,Male,East,4,Month-to-month,40.35,42.47,20.4,0,3.05,37.69,145.75,0,Credit card,0
101297,56,Male,North,14,Two year,57.82,58.73,108.6,1,2.5,39.0,520.99,1,Bank transfer,0
101298,48,Male,West,71,Month-to-month,64.05,61.84,167.9,3,2.27,58.22,3846.51,0,Bank transfer,0
101299,19,Female,East,31,Month-to-month,30.22,8.59,93.2,0,1.52,55.63,1771.42,1,Digital wallet,0
101300,61,Female,South,15,Month-to-month,30.12,26.03,368.7,1,3.64,60.48,851.32,0,Bank transfer,0
101301,40,Male,East,10,One year,59.97,51.39,112.5,0,4.21,83.38,789.94,0,Digital wallet,1
101302,57,Female,West,47,Month-to-month,29.85,26.25,83.0,2,2.7,110.46,5316.46,1,Digital wallet,0
101303,69,Male,South,55,Month-to-month,53.37,51.84,87.9,0,1.83,39.31,2081.1,0,Bank transfer,0
101304,52,Female,South,26,Two year,20.82,4.34,139.3,1,3.24,73.54,1883.59,0,Bank transfer,0
101305,56,Male,South,8,One year,22.18,19.04,321.9,1,1.15,49.31,400.69,0,Bank transfer,0
101306,32,Female,North,26,Month-to-month,71.2,63.69,71.6,1,4.39,22.61,560.21,0,Bank transfer,0
101307,31,Male,West,48,Month-to-month,66.49,75.83,159.0,0,4.21,123.04,5717.07,0,Digital wallet,1
101308,41,Female,North,9,Two year,46.55,45.86,134.0,0,3.25,62.21,531.47,1,Credit card,0
101309,66,Male,South,20,Two year,27.21,30.75,244.3,2,1.86,54.52,,1,Mailed check,1
101310,47,Female,South,1,One year,21.47,19.47,69.2,1,2.21,86.29,86.49,1,Digital wallet,1
101311,37,Male,North,34,One year,19.67,8.66,147.2,1,0.1,124.14,4033.29,1,Digital wallet,1
101312,62,Female,South,13,Two year,12.61,12.07,194.7,2,1.35,71.67,846.16,0,Digital wallet,0
101313,66,Male,East,15,Two year,32.29,9.48,157.5,0,3.6,127.49,1995.46,2,Credit card,1
101314,69,Female,South,9,Month-to-month,36.42,38.29,182.9,0,1.34,63.67,554.2,1,Bank transfer,0
101315,35,Male,North,52,Two year,34.68,39.78,90.7,0,6.08,89.58,4204.0,1,Credit card,0
101316,58,Female,West,35,One year,52.11,55.23,129.3,0,1.76,43.92,1466.6,1,Bank transfer,0
101317,51,Female,West,68,One year,24.2,12.72,217.6,2,1.11,44.23,3039.59,1,Credit card,0
101318,43,Female,South,29,Month-to-month,38.26,42.87,38.1,1,3.01,71.93,1960.64,0,Digital wallet,0
101319,40,Male,South,16,Month-to-month,13.14,6.24,91.8,1,3.07,97.37,1409.27,0,Bank transfer,1
101320,24,Male,North,15,Two year,48.0,41.5,66.0,0,4.55,51.85,815.3,0,Credit card,0
101321,33,Male,North,68,One year,44.52,41.9,64.0,2,2.12,87.69,5921.28,0,Digital wallet,0
101322,49,Female,South,42,Month-to-month,15.85,17.67,136.1,1,1.17,73.9,3024.75,1,Credit card,1
101323,68,Female,West,24,One year,30.73,18.95,134.7,1,1.63,57.63,1407.58,0,Digital wallet,0
101324,67,Male,East,47,Month-to-month,51.12,51.47,94.3,0,4.3,82.69,3672.61,0,Bank transfer,0
101325,28,Female,South,40,Month-to-month,33.18,29.9,124.1,2,4.96,44.85,1786.21,1,Mailed check,1
101326,56,Male,West,9,One year,19.65,17.71,108.2,1,1.61,90.42,736.58,1,Digital wallet,1
101327,22,Female,South,50,One year,40.48,43.62,33.5,0,2.28,59.03,2785.1,1,Credit card,0
101328,56,Male,North,9,Month-to-month,81.83,73.44,50.7,1,4.57,82.99,677.16,0,Credit card,1
101329,37,Male,South,15,Month-to-month,17.45,17.44,159.3,1,3.6,70.17,981.31,0,Mailed check,0
101330,43,Male,North,51,Month-to-month,41.5,37.53,58.7,1,1.62,67.22,3517.44,1,Credit card,0
101331,58,Male,West,32,One year,36.15,32.98,93.3,0,0.72,15.0,458.98,1,Bank transfer,0
101332,42,Male,South,16,Two year,16.34,9.82,142.4,0,1.49,50.8,741.79,1,Bank transfer,0
101333,64,Male,East,5,One year,34.65,33.58,133.7,0,3.73,40.11,209.9,0,Credit card,0
101334,48,Male,South,43,One year,24.86,9.46,74.6,0,0.22,78.78,,1,Credit card,0
101335,74,Male,West,50,Month-to-month,24.57,21.76,112.9,0,2.76,59.22,2747.02,1,Bank transfer,0
101336,54,Female,East,15,Month-to-month,33.99,35.61,91.1,0,1.91,23.19,331.74,0,Bank transfer,1
101337,34,Male,South,30,Two year,39.22,35.29,104.2,0,1.36,79.13,2151.11,1,Credit card,0
101338,62,Male,North,25,Month-to-month,39.37,42.35,239.5,1,1.73,60.86,1463.97,0,Digital wallet,0
101339,41,Female,West,64,Month-to-month,82.13,82.65,146.6,0,3.77,63.52,3879.82,0,Credit card,0
101340,48,Female,South,57,Month-to-month,28.46,27.15,104.2,2,3.26,76.5,4524.38,0,Digital wallet,0
101341,25,Male,North,20,One year,20.03,6.97,114.6,0,4.01,71.32,1421.51,0,Credit card,1
101342,24,Female,West,37,Month-to-month,40.54,41.93,21.1,0,1.24,115.33,4242.85,0,Bank transfer,0
101343,50,Female,North,66,Month-to-month,32.31,31.42,413.4,2,0.1,87.77,6037.09,0,Bank transfer,0
101344,28,Female,South,25,One year,19.57,4.72,216.1,0,2.74,66.76,1537.97,1,Credit card,0
101345,74,Male,South,11,Month-to-month,20.59,18.01,87.4,0,2.44,73.25,788.99,0,Credit card,0
101346,66,Male,South,22,Month-to-month,61.58,58.05,32.5,1,1.72,59.59,1307.08,0,Bank transfer,1
101347,57,Male,South,44,Two year,7.76,7.81,90.1,0,0.1,52.85,2257.39,0,Digital wallet,0
101348,59,Female,North,71,Two year,35.15,30.98,195.9,0,3.75,87.07,5743.5,0,Bank transfer,1
101349,51,Female,North,22,Month-to-month,19.86,21.24,183.3,1,0.1,105.38,2179.53,2,Credit card,0
101350,21,Female,North,5,Month-to-month,34.44,32.96,111.8,0,3.53,60.87,,0,Credit card,0
101351,40,Female,North,13,Month-to-month,15.91,14.5,287.2,0,3.46,78.63,959.24,0,Bank transfer,0
101352,46,Male,West,30,Month-to-month,36.91,21.34,99.3,0,3.36,42.31,1248.86,0,Bank transfer,0
101353,70,Male,East,7,Two year,46.57,39.69,93.6,1,2.36,81.19,583.09,2,Mailed check,0
101354,30,Female,South,3,One year,27.82,24.36,141.9,1,0.1,41.86,126.1,1,Bank transfer,1
101355,46,Female,South,47,Month-to-month,24.1,22.2,69.9,1,0.1,70.13,3433.62,1,Credit card,0
101356,37,Male,East,59,One year,35.65,34.23,80.8,0,1.2,76.14,4712.68,0,Mailed check,0
101357,25,Male,North,17,Month-to-month,41.76,37.42,161.1,1,5.23,98.02,1567.84,0,Mailed check,0
101358,23,Female,North,38,Month-to-month,76.43,77.46,65.1,2,3.89,15.0,568.65,0,Credit card,0
101359,38,Male,East,41,Two year,30.77,27.95,141.9,0,2.18,105.15,4358.79,0,Bank transfer,0
101360,22,Male,South,48,Month-to-month,20.36,23.14,188.2,0,1.54,95.4,4156.61,0,Credit card,0
101361,21,Female,West,70,Month-to-month,17.93,8.04,88.0,0,2.65,78.29,5350.61,0,Mailed check,0
101362,37,Male,West,63,Two year,0.81,0.82,98.2,0,3.73,57.35,3670.95,0,Digital wallet,0
101363,29,Male,West,23,Month-to-month,53.75,58.53,120.0,1,2.91,91.75,2047.58,0,Credit card,1
101364,49,Female,North,70,Month-to-month,27.45,10.11,65.0,1,0.37,112.26,7562.07,1,Credit card,0
101365,19,Male,North,3,Month-to-month,10.52,10.28,86.0,0,4.61,58.39,,0,Credit card,1
101366,35,Female,North,69,Month-to-month,40.09,36.54,40.9,1,3.18,101.48,6415.3,0,Digital wallet,1
101367,43,Male,West,11,Month-to-month,50.27,49.51,56.6,1,1.7,89.82,900.22,0,Bank transfer,0
101368,72,Male,West,9,Month-to-month,34.04,33.15,,0,2.98,96.35,781.82,0,Bank transfer,1
101369,54,Male,West,9,Month-to-month,25.48,14.06,136.2,0,4.28,84.71,733.38,0,Digital wallet,1
101370,68,Female,North,9,Month-to-month,32.7,11.02,136.8,0,3.03,65.63,572.4,0,Bank transfer,0
101371,37,Male,West,33,One year,17.25,17.89,74.6,0,3.12,35.64,1225.38,0,Digital wallet,0
101372,43,Female,South,46,Two year,39.04,43.85,75.5,1,4.76,53.1,2532.0,0,Digital wallet,0
101373,41,Male,West,53,One year,18.26,16.82,81.8,1,1.52,82.31,4175.25,1,Credit card,0
101374,68,Male,South,2,One year,49.69,43.68,111.7,0,1.02,60.24,125.95,0,Bank transfer,0
101375,72,Female,North,22,Two year,40.59,43.21,56.4,0,1.8,17.53,356.24,0,Bank transfer,0
101376,72,Female,North,10,Month-to-month,13.52,5.93,36.5,1,3.76,50.39,471.45,0,Bank transfer,0
101377,60,Female,West,11,Month-to-month,50.61,43.02,122.0,0,3.94,37.43,402.61,0,Bank transfer,0
101378,46,Male,South,53,Month-to-month,46.03,50.1,77.4,1,2.74,71.61,3628.22,1,Credit card,0
101379,48,Male,South,46,Month-to-month,46.37,49.54,137.3,0,1.23,86.77,3909.85,0,Digital wallet,0
101380,73,Female,South,15,Two year,46.78,51.35,294.9,0,5.17,70.68,955.07,1,Digital wallet,1
101381,34,Male,South,22,Month-to-month,27.68,24.28,79.1,0,0.76,28.1,619.02,1,Mailed check,1
101382,37,Male,West,66,Two year,30.3,27.6,143.6,1,1.81,55.67,3458.3,0,Credit card,0
101383,69,Female,North,41,Month-to-month,30.81,31.29,25.6,0,,39.1,1516.79,0,Bank transfer,0
101384,40,Female,North,17,Month-to-month,7.45,7.07,88.4,1,4.09,61.78,1088.94,0,Digital wallet,1
101385,31,Male,West,67,Month-to-month,39.99,44.14,117.9,1,2.23,84.37,5839.26,1,Digital wallet,0
101386,49,Female,South,15,Month-to-month,12.82,5.36,22.1,0,4.97,67.79,977.16,2,Bank transfer,1
101387,36,Female,North,21,Month-to-month,14.94,14.76,225.3,1,3.7,66.19,1329.5,0,Bank transfer,1
101388,68,Male,,50,One year,23.17,22.68,66.6,0,1.1,104.86,5340.04,1,Bank transfer,0
101389,69,Female,North,37,Month-to-month,36.27,12.15,173.4,1,2.02,43.06,1608.33,0,Digital wallet,0
101390,35,Female,North,5,Two year,70.12,41.73,150.3,0,1.7,93.41,430.01,1,Digital wallet,0
101391,48,Male,North,58,Two year,21.87,19.8,253.9,1,4.58,58.0,,0,Credit card,0
101392,74,Male,North,17,Month-to-month,76.84,78.27,25.9,0,3.77,128.16,2123.66,0,Bank transfer,0
101393,60,Male,East,50,Two year,39.64,37.81,128.8,1,0.12,72.44,3516.59,0,Bank transfer,0
101394,30,Female,West,24,Month-to-month,31.22,30.76,103.8,0,3.29,20.4,448.18,0,Digital wallet,1
101395,51,Male,West,54,Month-to-month,18.24,16.99,20.6,0,2.41,55.98,3006.64,0,Credit card,0
101396,53,Male,South,64,Month-to-month,36.71,37.91,98.7,0,0.59,33.6,2140.71,1,Bank transfer,0
101397,55,Male,South,55,One year,36.09,39.75,92.1,2,1.26,118.71,6644.15,0,Credit card,0
101398,19,Male,West,66,Month-to-month,34.6,19.16,47.6,0,2.18,47.53,3107.86,1,Credit card,1
101399,35,Male,West,39,One year,18.92,16.2,94.8,1,0.1,96.59,3415.37,0,Credit card,0
101400,66,Female,South,5,Two year,41.74,38.37,89.4,1,2.83,89.13,417.41,0,Credit card,0
101401,31,Female,North,39,Month-to-month,29.08,13.37,79.5,1,2.63,36.16,1382.52,0,Credit card,0
101402,35,Male,South,33,Two year,41.54,22.66,131.2,1,2.12,27.22,,0,Bank transfer,0
101403,36,Male,South,52,One year,31.93,33.63,163.6,0,2.55,89.94,4638.03,1,Bank transfer,1
101404,28,Male,South,18,Month-to-month,55.93,13.69,67.2,1,2.16,56.68,929.13,0,Digital wallet,1
101405,26,Female,North,50,Month-to-month,15.66,16.63,100.8,1,0.81,65.48,3097.71,0,Credit card,0
101406,37,Female,West,32,Month-to-month,34.23,32.12,250.1,0,1.54,69.25,2066.57,1,Credit card,0
101407,67,Female,East,48,Month-to-month,17.24,16.13,100.1,0,1.33,15.0,711.1,0,Bank transfer,0
101408,18,Female,East,30,One year,48.86,52.48,65.8,1,3.44,63.26,1743.1,0,Digital wallet,1
101409,34,Male,North,28,Month-to-month,11.84,12.05,52.6,1,0.9,93.7,,0,Credit card,0
101410,21,Male,West,16,Month-to-month,32.56,31.47,146.3,1,1.67,21.04,345.87,0,Credit card,0
101411,50,Male,East,59,One year,25.59,22.17,69.3,0,2.54,85.44,5071.32,0,Digital wallet,1
101412,32,Female,North,5,One year,82.23,86.01,60.9,0,0.21,59.58,287.98,0,Credit card,0
101413,63,Male,East,17,Two year,21.16,19.85,140.8,0,1.82,36.57,606.38,0,Credit card,0
101414,51,Male,East,31,Month-to-month,52.84,21.92,42.9,0,2.53,73.66,2060.32,1,Credit card,1
101415,62,Female,West,12,One year,8.21,8.4,136.1,0,2.73,64.57,791.97,0,Credit card,1
101416,54,Female,North,66,Month-to-month,28.25,30.13,54.4,1,3.01,99.07,6195.55,0,Mailed check,1
101417,42,Male,West,25,One year,57.85,57.21,61.2,0,1.34,51.04,1195.94,0,Bank transfer,1
101418,67,Female,South,18,Month-to-month,15.61,14.45,42.0,0,0.84,97.23,1659.11,1,Credit card,1
101419,45,Female,North,19,Month-to-month,46.21,42.24,63.2,0,1.78,64.08,1132.19,1,Credit card,0
101420,72,Female,North,14,Two year,19.85,21.07,197.1,0,2.77,75.82,1085.44,0,Bank transfer,0
101421,74,Female,North,48,One year,7.85,8.77,392.8,1,,56.2,2451.3,0,Digital wallet,0
101422,51,Male,North,35,One year,49.87,57.05,95.6,1,0.81,40.97,1392.59,0,Bank transfer,0
101423,56,Female,South,17,Month-to-month,40.24,43.9,85.5,0,5.81,88.61,1504.14,0,Bank transfer,1
101424,32,Female,East,63,One year,16.91,17.43,164.4,1,,63.85,3650.7,0,Credit card,0
101425,64,Female,,47,Month-to-month,46.94,52.07,137.5,1,0.49,56.77,2611.5,2,Credit card,1
101426,56,Female,West,29,Month-to-month,2.14,2.07,183.8,0,1.44,89.88,2504.31,1,Credit card,1
101427,69,Female,North,37,Month-to-month,22.53,11.27,130.0,0,3.79,102.45,3824.04,0,Bank transfer,0
101428,33,Female,East,47,Month-to-month,30.88,34.42,198.2,0,3.35,257.0443261595579,2510.04,0,Credit card,1
101429,62,Female,West,11,Month-to-month,38.02,15.09,125.9,1,5.18,106.06,1055.79,0,Credit card,1
101430,44,Female,West,58,One year,37.29,36.51,250.4,2,0.98,45.46,2479.21,0,Digital wallet,0
101431,28,Female,East,19,Month-to-month,79.75,82.04,161.7,1,2.05,70.31,1332.2,0,Digital wallet,0
101432,27,Male,East,3,Two year,16.97,9.45,237.8,0,4.02,86.54,270.9,0,Digital wallet,1
101433,50,Female,North,38,Two year,33.82,15.59,85.7,1,0.93,15.0,594.41,2,Credit card,1
101434,36,Male,North,63,Month-to-month,40.95,16.03,93.0,0,4.24,40.57,2682.29,0,Digital wallet,0
101435,23,Female,South,53,One year,47.28,42.6,121.0,0,2.55,54.26,2954.72,0,Bank transfer,0
101436,42,Female,North,22,Month-to-month,26.88,26.85,32.9,1,1.3,71.66,1446.78,2,Credit card,1
101437,55,Female,South,29,Two year,13.03,12.41,125.0,3,0.1,65.0,1925.53,0,Credit card,0
101438,36,Female,North,43,Month-to-month,32.79,31.48,103.6,0,3.28,15.0,596.49,0,Bank transfer,0
101439,72,Male,West,17,Month-to-month,8.09,8.32,109.8,1,4.71,55.13,915.15,0,Credit card,0
101440,62,Male,West,59,Month-to-month,49.05,20.0,91.3,0,3.01,25.74,1497.16,2,Credit card,1
101441,47,Female,West,21,Two year,33.91,37.8,120.4,3,3.09,49.41,1031.34,0,Bank transfer,0
101442,71,Female,East,16,Month-to-month,38.53,42.29,80.7,0,2.9,56.18,825.81,0,Digital wallet,0
101443,42,Female,North,7,Two year,14.69,14.02,194.0,1,3.88,70.11,497.75,1,Credit card,1
101444,25,Female,,50,Month-to-month,18.97,20.31,156.7,1,4.34,53.52,2436.53,0,Bank transfer,0
101445,20,Female,East,2,One year,39.97,22.31,121.4,0,0.1,65.52,136.77,1,Digital wallet,1
101446,71,Male,East,58,Month-to-month,28.05,28.45,36.2,2,2.02,51.17,2900.8,0,Bank transfer,0
101447,72,Male,South,70,Month-to-month,19.22,18.35,32.7,1,1.57,73.02,4849.75,2,Credit card,0
101448,60,Female,South,8,Month-to-month,51.2,57.47,110.1,0,2.78,32.08,238.6,1,Bank transfer,1
101449,23,Female,South,7,Month-to-month,34.87,31.33,58.2,1,1.91,62.98,457.88,0,Mailed check,0
101450,34,Female,North,67,One year,24.23,26.45,145.5,1,3.17,36.1,2436.0,0,Mailed check,0
101451,20,Female,South,9,One year,38.84,35.49,21.7,0,3.0,54.63,483.53,1,Digital wallet,0
101452,20,Female,South,29,Month-to-month,18.86,21.09,273.7,1,0.1,69.85,2042.77,0,Mailed check,0
101453,32,Female,East,62,Month-to-month,38.19,8.89,46.5,1,0.1,42.19,2693.42,0,Digital wallet,0
101454,50,Female,West,10,Month-to-month,16.04,17.11,184.6,1,3.63,61.41,596.12,0,Credit card,0
101455,21,Male,South,48,One year,48.15,47.64,89.0,1,1.25,55.71,2792.52,0,Digital wallet,0
101456,74,Female,East,28,One year,17.95,15.68,34.9,0,5.08,115.98,3034.4,0,Digital wallet,0
101457,43,Female,,31,Two year,9.95,6.16,93.2,0,3.78,73.36,2313.77,0,Digital wallet,1
101458,33,Male,North,67,Two year,16.31,14.74,224.1,0,0.1,77.03,5136.82,0,Digital wallet,0
101459,47,Female,East,47,Month-to-month,25.14,5.75,88.1,0,1.3,42.64,2104.23,0,Credit card,0
101460,63,Female,South,23,Month-to-month,17.28,15.54,213.3,0,2.86,15.0,354.67,0,Bank transfer,0
101461,35,Female,East,67,Two year,18.39,19.84,105.6,0,1.83,49.26,3459.5,0,Digital wallet,0
101462,20,Male,North,42,Month-to-month,22.58,23.41,154.8,0,2.24,23.8,1003.68,0,Credit card,0
101463,20,Female,West,8,Month-to-month,30.19,8.04,72.4,0,0.84,69.91,551.59,1,Credit card,1
101464,66,Male,West,28,Month-to-month,28.12,25.74,23.7,0,3.02,71.21,,0,Credit card,1
101465,24,Female,North,18,One year,33.08,31.77,62.8,1,2.53,69.5,1206.49,0,Bank transfer,0
101466,54,Female,North,46,One year,46.89,44.21,48.7,0,3.63,62.47,2895.11,0,Bank transfer,0
101467,39,Female,North,62,Two year,31.18,32.61,121.9,0,2.43,188.2378340177896,2408.88,0,Credit card,0
101468,62,Female,West,3,Month-to-month,23.55,14.25,140.3,0,1.56,46.02,129.84,0,Mailed check,1
101469,21,Male,East,56,Month-to-month,97.27,92.32,91.9,1,2.71,74.63,4034.47,0,Digital wallet,0
101470,69,Female,North,66,Month-to-month,17.28,18.67,68.2,0,3.04,114.05,7731.05,1,Bank transfer,0
101471,57,Female,West,71,One year,5.86,6.2,246.8,0,2.5,70.39,4511.68,0,Digital wallet,0
101472,43,Male,South,47,Month-to-month,41.46,38.26,105.9,0,4.34,73.46,3195.97,1,Credit card,1
101473,29,Male,South,23,Two year,72.3,28.0,132.8,1,0.87,111.83,2645.31,1,Bank transfer,1
101474,73,Male,,11,Month-to-month,43.01,18.48,80.0,0,3.86,63.91,686.47,0,Digital wallet,1
101475,35,Female,South,68,One year,26.25,24.86,36.0,1,0.67,40.88,2670.26,1,Digital wallet,0
101476,45,Female,South,30,Two year,16.3,16.54,61.5,0,3.48,73.79,2004.74,0,Bank transfer,1
101477,40,Female,North,25,Month-to-month,36.82,14.23,101.5,1,0.1,105.79,2611.78,0,Bank transfer,1
101478,31,Female,South,53,One year,23.75,26.66,41.1,0,2.05,86.89,4607.36,1,Digital wallet,0
101479,41,Male,West,51,Month-to-month,28.7,25.36,146.1,0,3.93,69.87,3275.79,1,Digital wallet,0
101480,26,Female,South,58,Two year,51.77,12.76,103.2,1,1.88,16.77,971.62,1,Credit card,0
101481,18,Male,West,63,Two year,8.89,4.48,96.2,0,2.34,26.28,,0,Credit card,0
101482,34,Male,East,63,One year,37.31,35.73,23.9,0,2.89,73.31,4536.91,0,Digital wallet,0
101483,24,Male,West,13,Month-to-month,23.97,24.69,100.9,0,0.1,56.17,681.79,0,Digital wallet,0
101484,41,Male,North,13,Two year,31.51,17.16,114.9,0,2.92,62.59,826.38,0,Credit card,0
101485,67,Female,West,15,Two year,17.85,16.91,56.4,0,1.04,89.34,,0,Digital wallet,0
101486,27,Female,North,45,One year,24.82,23.25,76.2,1,3.88,33.55,1403.91,0,Bank transfer,0
101487,18,Female,North,42,Two year,89.09,87.27,113.6,0,2.31,49.37,2097.39,1,Bank transfer,0
101488,24,Male,North,61,Month-to-month,39.88,36.2,59.6,0,2.86,95.01,5971.89,2,Credit card,0
101489,46,Male,North,60,Month-to-month,36.38,37.51,75.2,1,0.67,33.67,1912.17,1,Credit card,0
101490,33,Male,West,58,Month-to-month,35.58,39.62,65.2,1,3.64,94.03,5360.71,0,Digital wallet,0
101491,45,Female,West,6,Month-to-month,30.25,33.98,142.0,1,2.4,73.82,436.03,0,Bank transfer,1
101492,19,Male,West,50,Month-to-month,32.79,9.67,188.2,0,0.17,61.85,3126.5,0,Credit card,0
101493,36,Male,North,61,One year,40.15,39.81,115.3,1,1.66,68.67,3875.54,1,Bank transfer,0
101494,41,Female,West,70,Month-to-month,43.37,24.98,86.0,0,3.43,74.22,4738.56,1,Bank transfer,0
101495,42,Female,East,25,Month-to-month,66.13,62.03,155.0,0,2.62,81.42,2055.53,1,Bank transfer,1
101496,49,Female,South,56,One year,27.28,26.31,35.2,0,3.49,15.0,875.54,0,Mailed check,0
101497,62,Male,South,29,One year,56.66,52.04,99.6,1,1.88,96.66,2924.77,0,Bank transfer,0
101498,44,Female,East,12,Two year,68.84,70.87,194.1,0,4.24,71.13,873.53,1,Digital wallet,1
101499,65,Male,North,25,Month-to-month,41.04,36.54,69.2,0,4.53,93.79,2434.55,0,Bank transfer,0
101500,48,Female,South,18,Two year,28.37,7.09,132.4,4,0.1,76.18,1283.23,0,Bank transfer,1
101501,32,Male,East,65,Month-to-month,40.12,37.93,161.2,1,3.3,119.58,7027.97,0,Bank transfer,1
101502,31,Female,North,13,Month-to-month,11.74,6.9,112.8,1,4.69,47.17,568.56,0,Credit card,1
101503,36,Female,South,10,One year,65.12,35.86,60.4,1,3.14,105.42,1044.69,0,Mailed check,0
101504,52,Female,South,42,Month-to-month,47.06,42.41,75.4,1,2.36,43.45,1786.67,0,Credit card,0
101505,31,Male,,41,One year,29.56,26.95,143.2,1,0.43,78.63,3368.21,0,Bank transfer,0
101506,70,Male,West,40,Month-to-month,29.39,19.28,141.5,0,1.95,91.55,3352.34,1,Bank transfer,1
101507,45,Female,West,11,Month-to-month,11.17,11.74,108.2,1,1.65,65.46,671.31,0,Bank transfer,1
101508,67,Female,East,36,Month-to-month,54.61,62.69,27.9,1,3.74,16.3,529.59,0,Credit card,0
101509,56,Male,East,66,Month-to-month,26.33,27.71,44.1,1,3.91,68.35,,0,Digital wallet,0
101510,37,Male,East,7,Month-to-month,76.07,70.23,97.7,0,2.17,53.22,357.76,0,Credit card,1
101511,31,Male,South,57,Month-to-month,9.87,9.59,67.3,1,0.99,87.57,4769.05,0,Digital wallet,0
101512,60,Male,North,9,Month-to-month,11.89,12.35,,0,0.1,42.77,349.2,0,Digital wallet,0
101513,36,Male,East,17,One year,20.54,22.8,34.4,0,3.3,51.37,861.78,0,Digital wallet,1
101514,32,Male,East,64,Month-to-month,8.23,5.0,51.1,0,3.17,48.17,2902.73,0,Credit card,0
101515,71,Male,South,22,One year,46.11,28.69,312.1,0,0.1,57.19,1143.2,0,Mailed check,0
101516,45,Male,West,38,One year,16.89,17.98,,3,3.2,67.13,2448.67,0,Credit card,0
101517,20,Female,East,28,Month-to-month,27.74,24.79,142.3,1,3.73,79.29,2307.29,1,Credit card,0
101518,46,Male,South,44,Month-to-month,15.43,15.91,89.1,1,0.1,77.34,3529.59,0,Bank transfer,0
101519,44,Male,North,29,One year,28.53,25.93,175.3,0,0.91,33.04,891.72,0,Mailed check,0
101520,67,Male,North,32,Two year,60.09,57.82,135.1,0,6.15,43.35,1286.69,0,Digital wallet,0
101521,58,Female,South,59,Month-to-month,39.73,45.27,113.4,1,2.53,50.34,2966.0,2,Credit card,0
101522,28,Male,South,40,Two year,35.6,39.79,114.8,0,5.87,56.25,2325.93,0,Digital wallet,0
101523,26,Male,North,41,Month-to-month,33.12,22.48,63.3,3,2.79,43.34,1742.34,0,Credit card,1
101524,52,Male,North,58,Month-to-month,25.42,23.57,60.8,1,4.11,46.25,2651.02,1,Bank transfer,1
101525,20,Male,North,31,Month-to-month,9.55,10.2,118.2,0,2.0,354.225201525231,2991.39,0,Credit card,1
101526,36,Male,West,59,Month-to-month,31.79,30.17,164.3,0,1.46,72.7,4281.63,0,Credit card,0
101527,25,Male,West,52,Month-to-month,56.48,48.14,199.8,2,0.1,37.37,2013.63,1,Mailed check,0
101528,19,Female,South,63,Month-to-month,19.95,22.05,149.7,0,3.28,75.0,4711.61,0,Bank transfer,0
101529,70,Male,North,33,Month-to-month,47.15,51.71,212.7,0,1.2,54.7,1658.3,0,Credit card,0
101530,23,Male,North,40,One year,20.5,19.23,194.0,0,1.03,111.18,4616.33,0,Credit card,0
101531,18,Female,North,10,Month-to-month,41.96,45.39,94.1,2,0.14,49.24,473.43,0,Digital wallet,1
101532,71,Female,South,8,Two year,55.61,47.79,241.0,2,2.53,52.64,379.49,0,Credit card,1
101533,28,Female,North,8,Two year,22.73,23.0,104.9,0,3.62,57.59,456.2,0,Digital wallet,0
101534,64,Male,South,45,Month-to-month,28.54,32.66,100.8,2,2.13,37.38,1734.93,0,Credit card,0
101535,19,Male,West,24,Month-to-month,38.48,41.81,142.8,0,2.0,76.58,1830.98,1,Credit card,0
101536,26,Male,South,21,Month-to-month,65.05,66.52,199.6,0,4.78,66.16,1255.26,0,Bank transfer,0
101537,24,Female,West,43,Two year,55.77,34.7,70.2,1,0.1,73.49,3093.92,2,Bank transfer,1
101538,58,Male,North,29,Month-to-month,67.54,64.83,104.6,0,5.2,65.71,1933.69,0,Digital wallet,1
101539,53,Female,North,10,Month-to-month,28.94,30.99,93.5,2,0.47,69.6,671.88,0,Digital wallet,0
101540,45,Female,West,40,Two year,30.03,17.96,56.7,0,2.31,105.56,3943.23,0,Credit card,0
101541,31,Female,South,40,Month-to-month,6.56,7.49,,0,3.05,78.74,3283.78,1,Credit card,1
101542,23,Male,East,10,Month-to-month,15.01,13.62,58.5,0,3.96,20.11,182.7,1,Digital wallet,1
101543,50,Female,West,20,Two year,26.07,22.54,138.9,0,0.1,72.81,1320.84,1,Bank transfer,0
101544,31,Male,East,17,Two year,27.66,26.64,90.9,0,2.74,94.16,1593.82,2,Credit card,1
101545,51,Female,South,50,Month-to-month,41.23,41.44,82.2,1,1.57,15.0,710.39,0,Bank transfer,0
101546,57,Female,South,18,Month-to-month,19.2,17.73,129.9,1,3.99,35.92,670.64,0,Credit card,1
101547,66,Female,North,3,Month-to-month,25.58,26.47,131.9,0,1.56,80.02,245.23,0,Mailed check,1
101548,46,Male,North,19,Month-to-month,67.38,63.45,194.1,0,0.1,89.27,1649.06,0,Digital wallet,1
101549,18,Female,North,34,Month-to-month,6.43,7.36,26.9,0,3.05,69.32,2288.48,1,Credit card,1
101550,33,Male,West,55,Month-to-month,9.51,2.83,172.8,0,2.45,75.93,4268.18,1,Credit card,0
101551,66,Male,East,4,One year,19.36,18.0,54.6,0,5.16,99.26,402.52,1,Digital wallet,1
101552,48,Male,North,63,One year,7.15,7.81,124.6,0,3.94,52.15,3268.34,0,Bank transfer,0
101553,53,Female,North,24,Two year,6.32,3.65,51.9,0,1.18,41.45,997.12,0,Bank transfer,0
101554,44,Female,East,25,Two year,23.88,27.2,148.7,0,3.96,58.7,1518.37,0,Credit card,0
101555,27,Male,West,2,Month-to-month,39.99,20.65,73.4,0,2.64,69.38,126.72,0,Bank transfer,0
101556,69,Female,North,20,Month-to-month,21.74,14.8,136.3,2,3.57,72.87,1356.14,1,Mailed check,1
101557,62,Female,South,34,Month-to-month,40.03,22.42,66.3,1,1.36,84.31,2716.89,0,Credit card,0
101558,74,Male,West,45,Month-to-month,48.42,48.42,33.3,1,1.93,106.64,4584.1,1,Digital wallet,1
101559,66,Female,West,55,Month-to-month,26.1,8.61,67.6,0,3.47,69.62,3518.87,2,Credit card,1
101560,34,Female,West,38,One year,35.56,32.35,132.0,0,3.59,33.7,1277.56,2,Digital wallet,0
101561,32,Male,North,8,Month-to-month,21.86,24.42,89.6,0,0.1,45.71,351.82,0,Digital wallet,0
101562,32,Male,North,28,Month-to-month,17.08,16.57,158.5,1,3.37,68.44,,0,Credit card,1
101563,70,Female,South,53,Month-to-month,10.53,10.66,97.3,1,1.23,101.35,5525.59,1,Mailed check,0
101564,49,Male,North,46,Two year,46.89,40.55,121.1,0,2.85,81.35,3668.29,1,Mailed check,1
101565,43,Female,West,42,One year,33.34,31.82,38.0,0,0.1,42.75,1701.85,0,Bank transfer,0
101566,73,Male,North,37,Month-to-month,30.37,30.88,132.3,1,,48.73,1846.37,1,Digital wallet,1
101567,52,Male,East,36,Month-to-month,13.44,14.22,168.5,0,3.51,57.68,2016.27,2,Bank transfer,1
101568,69,Male,West,71,Two year,13.42,3.79,,1,1.26,66.85,4570.09,0,Credit card,0
101569,74,Female,West,43,Month-to-month,25.36,8.64,45.3,0,3.1,58.19,2522.15,1,Bank transfer,1
101570,22,Female,East,43,One year,12.94,14.7,261.8,0,2.44,43.14,1929.95,0,Digital wallet,0
101571,38,Female,West,24,One year,36.99,16.28,118.3,2,3.41,46.19,1116.88,0,Bank transfer,0
101572,59,Male,North,35,One year,30.19,30.94,90.7,1,0.42,63.15,2292.49,0,Mailed check,0
101573,64,Female,South,51,Month-to-month,31.55,16.6,83.7,1,0.68,70.24,3758.23,0,Mailed check,0
101574,26,Female,North,61,Two year,45.59,14.02,14.8,0,1.4,40.69,2545.8,0,Credit card,0
101575,36,Male,West,56,Month-to-month,32.88,30.62,147.3,1,2.42,73.03,4115.3,2,Digital wallet,1
101576,49,Female,West,48,Month-to-month,55.73,17.63,87.4,2,4.95,110.38,5156.17,0,Bank transfer,0
101577,63,Male,North,56,Month-to-month,34.97,35.57,108.0,0,2.76,70.17,3761.98,1,Mailed check,0
101578,24,Female,North,3,Month-to-month,17.14,14.93,169.6,1,3.92,71.83,216.25,0,Credit card,0
101579,52,Female,South,20,Month-to-month,30.78,27.53,96.7,0,1.19,30.71,595.86,0,Credit card,1
101580,34,Male,North,18,One year,8.91,8.52,187.5,0,1.64,83.42,,0,Credit card,0
101581,30,Male,West,47,Two year,36.51,31.27,33.9,1,1.49,50.52,2420.09,0,Bank transfer,0
101582,47,Female,North,54,Month-to-month,17.56,15.32,127.7,1,2.2,91.77,5062.78,0,Digital wallet,0
101583,41,Male,West,11,Two year,31.96,27.23,74.9,1,3.5,110.04,1129.8,0,Bank transfer,0
101584,54,Male,East,14,Two year,19.11,6.71,130.7,0,2.0,48.07,667.24,0,Mailed check,1
101585,36,Male,South,36,Month-to-month,15.12,13.68,89.8,3,,48.84,1838.54,0,Digital wallet,0
101586,64,Female,North,69,One year,59.07,64.83,194.8,0,3.37,78.33,5588.74,1,Mailed check,0
101587,22,Male,West,1,Two year,25.88,24.72,152.8,0,1.74,33.24,30.09,0,Credit card,0
101588,67,Male,East,63,One year,26.14,15.78,76.6,2,1.34,67.48,4367.93,1,Credit card,0
101589,19,Female,South,14,Month-to-month,38.73,43.4,72.7,0,2.0,57.77,834.19,0,Mailed check,0
101590,59,Male,South,20,Two year,27.78,30.99,126.7,1,5.24,62.99,1185.16,0,Credit card,0
101591,37,Female,West,45,One year,25.38,28.14,93.6,1,3.82,15.0,705.57,0,Credit card,0
101592,39,Female,West,52,Month-to-month,38.29,34.98,116.4,0,5.35,77.67,3894.56,0,Credit card,0
101593,19,Female,West,63,Month-to-month,20.08,19.13,140.6,0,0.55,126.44,8064.27,1,Credit card,1
101594,58,Male,East,1,Month-to-month,50.97,19.51,172.0,0,3.09,54.64,49.52,1,Digital wallet,1
101595,27,Female,West,4,Month-to-month,56.24,55.7,85.6,0,1.94,29.02,107.32,0,Mailed check,1
101596,55,Female,North,34,Month-to-month,22.23,21.78,60.3,0,2.03,84.99,2778.55,0,Digital wallet,0
101597,59,Male,East,40,Month-to-month,40.6,35.48,196.1,0,0.19,43.29,1583.94,1,Credit card,1
101598,66,Male,South,19,Two year,56.1,51.7,169.4,2,4.45,65.76,1234.94,0,Digital wallet,0
101599,58,Male,East,46,One year,76.98,79.76,132.0,0,0.1,47.26,2041.0,0,Credit card,0
101600,35,Male,West,19,Month-to-month,19.56,4.68,145.9,0,3.83,29.27,524.24,1,Credit card,0
101601,60,Male,West,67,Month-to-month,49.43,52.05,100.3,0,1.91,72.77,4877.94,1,Credit card,0
101602,65,Male,South,13,Month-to-month,13.31,12.77,143.3,1,1.13,47.76,605.45,0,Digital wallet,1
101603,36,Male,East,47,Month-to-month,38.67,36.32,214.5,1,1.07,25.03,1097.1,0,Credit card,0
101604,25,Male,West,38,One year,17.96,8.49,55.4,0,2.58,72.31,2559.98,0,Mailed check,0
101605,68,Male,West,8,Month-to-month,22.61,23.19,64.4,0,1.95,136.81,1039.37,0,Credit card,1
101606,26,Female,West,43,Two year,78.71,82.57,153.3,0,2.51,90.43,3684.78,0,Bank transfer,0
101607,51,Male,North,11,Month-to-month,36.65,38.97,22.5,0,0.1,64.03,731.61,0,Mailed check,0
101608,31,Male,South,39,Month-to-month,13.47,14.73,221.7,0,0.1,140.83,5558.66,0,Credit card,0
101609,25,Male,West,46,Two year,16.45,16.87,246.4,0,0.1,21.05,910.5,0,Bank transfer,0
101610,62,Male,West,6,Month-to-month,53.45,51.51,60.6,0,3.7,79.38,496.4,0,Credit card,0
101611,26,Male,East,16,Month-to-month,56.85,54.26,61.2,1,4.67,110.81,1839.28,0,Credit card,1
101612,56,Male,East,21,Month-to-month,53.82,46.31,13.7,2,2.1,39.54,853.95,2,Digital wallet,0
101613,57,Female,South,66,One year,37.72,7.66,60.2,1,3.62,72.54,4834.38,0,Credit card,0
101614,21,Female,South,16,Month-to-month,45.18,44.05,103.9,0,3.02,49.24,799.99,0,Bank transfer,1
101615,27,Female,West,66,Two year,30.05,33.38,31.9,0,4.25,56.51,3621.81,1,Bank transfer,1
101616,63,Female,North,38,One year,24.38,25.32,179.3,0,4.31,75.26,2699.75,0,Credit card,0
101617,46,Female,East,68,Two year,37.07,38.1,172.1,1,0.65,20.88,1389.44,0,Digital wallet,1
101618,24,Male,East,60,One year,22.58,12.12,119.4,0,2.79,39.84,2424.45,1,Credit card,0
101619,74,Female,West,21,One year,19.25,17.66,74.3,0,3.79,65.95,1325.56,0,Credit card,0
101620,33,Female,South,40,One year,32.98,33.93,68.1,0,3.79,21.13,802.23,0,Credit card,0
101621,18,Female,East,51,Month-to-month,45.24,40.9,148.7,2,3.65,55.79,2624.76,0,Credit card,1
101622,70,Female,North,6,One year,19.43,18.51,201.3,2,2.45,26.96,164.13,0,Bank transfer,1
101623,18,Male,North,48,One year,24.57,25.19,73.9,1,3.51,28.4,1362.56,0,Digital wallet,0
101624,49,Female,South,33,Month-to-month,37.66,32.53,204.6,1,0.37,88.04,2851.56,0,Mailed check,1
101625,74,Female,North,3,One year,36.84,22.88,133.5,1,0.44,67.48,191.53,0,Credit card,0
101626,50,Male,West,62,Month-to-month,38.66,36.48,207.8,2,4.76,59.55,,0,Mailed check,0
101627,51,Male,West,19,Month-to-month,16.51,14.47,85.5,1,4.13,53.99,931.53,0,Bank transfer,0
101628,40,Female,North,63,Month-to-month,86.55,77.82,45.9,0,4.87,72.86,4235.66,0,Bank transfer,0
101629,25,Male,West,15,Month-to-month,20.09,19.2,207.9,1,2.27,53.05,751.52,0,Bank transfer,0
101630,50,Male,South,39,Month-to-month,39.47,41.75,70.1,1,1.03,46.16,1646.82,0,Bank transfer,0
101631,69,Male,East,27,Month-to-month,16.56,15.41,181.7,2,2.22,91.16,2226.09,0,Credit card,1
101632,23,Female,West,64,Month-to-month,26.2,22.43,22.7,0,5.41,49.6,2964.56,0,Mailed check,0
101633,68,Male,East,68,Month-to-month,18.06,17.52,107.4,0,1.24,98.53,6916.2,0,Credit card,0
101634,41,Male,North,55,One year,20.44,5.79,134.3,0,2.24,51.13,2533.59,0,Bank transfer,0
101635,48,Male,North,61,Month-to-month,32.26,29.56,,0,4.33,83.76,5212.16,1,Digital wallet,0
101636,27,Male,South,55,Two year,56.25,60.94,119.9,0,2.62,71.41,3870.55,0,Bank transfer,0
101637,53,Female,West,21,Two year,22.54,24.72,98.7,2,1.92,79.05,1506.26,0,Credit card,0
101638,28,Female,East,66,Month-to-month,25.27,15.73,93.9,0,3.63,72.25,4591.02,0,Bank transfer,0
101639,33,Female,South,38,Month-to-month,38.4,40.37,127.2,0,1.78,82.84,3132.24,0,Mailed check,0
101640,59,Female,North,25,Month-to-month,40.58,41.96,197.9,0,3.22,101.37,2311.66,0,Bank transfer,0
101641,20,Female,West,14,Month-to-month,8.07,8.63,69.8,0,0.1,42.99,551.39,0,Credit card,1
101642,43,Male,South,51,Month-to-month,40.32,21.75,152.6,4,0.1,102.22,4776.24,1,Digital wallet,1
101643,51,Female,East,20,One year,36.95,35.57,46.9,0,2.15,57.56,1166.33,0,Credit card,0
101644,25,Male,East,47,One year,31.34,32.77,140.1,0,4.5,19.71,845.72,0,Credit card,0
101645,34,Female,North,5,Month-to-month,86.99,84.9,78.6,0,2.25,82.1,407.97,1,Bank transfer,1
101646,37,Female,North,46,One year,13.11,12.84,63.0,0,2.42,85.74,3727.06,1,Credit card,0
101647,55,Male,South,46,Month-to-month,31.09,33.79,125.6,1,2.87,77.56,3530.93,0,Credit card,0
101648,73,Female,South,38,Two year,69.17,75.21,215.8,1,1.88,257.58493184427743,1940.86,0,Bank transfer,1
101649,65,Female,East,47,Two year,52.87,51.29,57.2,1,0.1,41.53,,0,Mailed check,0
101650,28,Male,West,71,Month-to-month,28.94,32.74,49.9,1,3.53,51.77,3760.77,0,Credit card,0
101651,19,Female,North,60,One year,35.2,35.64,106.7,0,2.9,69.15,4218.72,1,Mailed check,0
101652,20,Male,South,32,Two year,29.33,7.31,64.7,0,3.01,58.13,1822.68,0,Bank transfer,0
101653,51,Male,North,62,Month-to-month,24.41,24.31,108.8,0,0.83,38.89,2246.75,1,Digital wallet,0
101654,26,Male,North,68,Month-to-month,10.8,10.81,84.9,0,4.79,58.51,4035.59,0,Bank transfer,0
101655,31,Male,West,12,One year,26.5,8.32,50.4,0,1.86,44.21,520.69,1,Credit card,0
101656,66,Female,West,26,Month-to-month,36.69,39.77,70.5,2,,48.21,1182.6,1,Credit card,0
101657,67,Female,West,53,Month-to-month,18.53,21.13,183.0,0,0.1,83.2,4582.73,0,Bank transfer,0
101658,65,Female,North,37,One year,31.06,32.83,91.0,0,1.86,35.29,1279.41,1,Mailed check,0
101659,32,Female,East,10,Month-to-month,60.21,57.34,104.1,0,,73.22,,0,Credit card,0
101660,53,Female,South,34,Month-to-month,28.09,28.24,63.0,0,2.29,51.48,1688.28,0,Bank transfer,0
101661,52,Male,West,27,Two year,30.24,9.48,125.1,1,0.1,71.75,1875.32,0,Bank transfer,1
101662,28,Male,East,53,Month-to-month,25.68,7.78,156.4,0,1.06,41.85,2115.45,1,Credit card,1
101663,49,Female,West,37,Month-to-month,14.81,13.95,113.9,2,2.92,59.47,2105.51,0,Credit card,0
101664,47,Female,North,10,One year,38.14,39.9,88.5,0,4.65,43.48,413.59,0,Mailed check,0
101665,40,Male,South,4,Month-to-month,15.41,17.71,171.9,3,2.07,72.25,292.96,0,Digital wallet,1
101666,60,Female,,21,One year,21.75,7.99,106.3,1,4.14,19.27,381.21,1,Mailed check,0
101667,56,Male,South,12,One year,35.46,39.34,195.3,0,3.09,62.54,700.54,0,Mailed check,0
101668,48,Male,East,63,Month-to-month,24.16,23.97,144.9,0,1.88,31.86,2070.37,0,Mailed check,0
101669,59,Male,South,20,Month-to-month,66.13,43.24,87.2,0,3.68,48.48,,0,Credit card,1
101670,61,Male,West,46,Two year,33.39,31.81,39.0,0,3.94,56.4,2535.66,0,Bank transfer,0
101671,50,Male,North,10,Two year,28.2,27.8,147.1,1,2.07,384.77824969587624,763.95,1,Bank transfer,1
101672,33,Female,West,32,Month-to-month,13.88,13.11,195.9,3,1.42,22.52,659.32,1,Bank transfer,1
101673,61,Female,South,67,Month-to-month,17.55,20.14,55.9,0,0.1,17.91,1190.38,0,Digital wallet,0
101674,58,Female,South,46,Month-to-month,50.29,45.79,100.3,0,3.13,92.74,4338.99,1,Mailed check,0
101675,74,Male,South,21,Two year,16.88,5.27,146.2,1,1.64,56.06,1185.72,1,Credit card,0
101676,26,Female,North,54,Two year,5.16,5.64,87.6,1,3.28,21.1,1178.47,1,Digital wallet,0
101677,41,Female,West,36,Month-to-month,27.96,27.24,107.2,1,2.94,54.16,1876.23,0,Digital wallet,0
101678,70,Male,West,17,Two year,24.67,16.36,237.9,0,3.03,52.73,933.05,0,Digital wallet,1
101679,47,Male,West,71,Month-to-month,24.3,25.41,124.1,1,2.25,50.21,3573.44,1,Credit card,1
101680,71,Male,West,67,Month-to-month,54.22,61.1,64.7,0,0.59,70.3,4767.11,2,Credit card,0
101681,18,Female,East,41,One year,82.92,85.21,106.2,1,3.21,22.19,905.72,0,Credit card,0
101682,20,Female,South,3,Month-to-month,36.51,37.79,107.2,1,3.76,65.61,179.56,0,Bank transfer,0
101683,63,Female,West,30,One year,29.5,14.01,56.5,0,5.99,52.8,1633.76,0,Digital wallet,0
101684,38,Female,North,37,Month-to-month,39.33,33.85,288.6,0,1.61,62.88,2186.47,2,Mailed check,1
101685,47,Female,West,67,One year,52.32,46.49,18.8,1,0.93,86.71,5314.33,0,Digital wallet,0
101686,42,Male,South,53,Two year,17.35,17.56,39.4,0,,89.59,4919.79,1,Credit card,0
101687,41,Female,East,16,Month-to-month,41.28,39.68,55.6,3,2.42,104.0,1566.19,0,Bank transfer,1
101688,71,Male,South,37,Month-to-month,35.4,16.23,39.6,1,3.7,16.62,644.65,0,Digital wallet,0
101689,23,Female,South,13,One year,49.31,50.92,30.3,1,3.84,73.26,979.75,0,Bank transfer,1
101690,62,Female,North,34,Month-to-month,18.54,17.9,,0,4.85,83.59,2839.98,0,Credit card,0
101691,68,Female,South,39,One year,65.24,58.88,151.4,1,3.08,49.58,1998.12,0,Bank transfer,0
101692,55,Male,South,37,One year,34.73,37.82,176.3,0,0.7,63.52,2402.5,0,Digital wallet,0
101693,40,Female,North,31,Month-to-month,35.45,39.12,84.2,1,2.86,97.45,3016.24,2,Digital wallet,0
101694,27,Female,North,32,Two year,19.28,10.35,201.0,0,0.1,59.0,1864.72,0,Digital wallet,0
101695,56,Female,East,57,Month-to-month,14.39,16.41,147.1,2,1.98,96.59,5565.08,0,Credit card,1
101696,44,Female,South,36,Month-to-month,36.57,22.05,81.9,0,1.86,62.82,2099.65,0,Bank transfer,1
101697,26,Male,West,3,Month-to-month,41.08,27.89,138.3,1,3.19,75.54,226.41,0,Credit card,0
101698,38,Male,North,53,One year,24.25,4.88,42.8,0,3.16,87.25,4202.07,0,Credit card,1
101699,72,Male,East,44,Two year,41.8,38.05,126.4,0,1.39,36.83,1670.82,0,Digital wallet,0
101700,33,Female,North,50,Month-to-month,22.7,21.42,95.1,0,1.44,74.84,3762.85,0,Credit card,0
101701,28,Male,South,51,Month-to-month,10.97,10.24,236.6,0,2.6,52.1,2440.84,0,Digital wallet,0
101702,56,Female,East,13,Month-to-month,37.08,14.8,183.8,0,3.21,94.54,1283.74,0,Digital wallet,1
101703,29,Male,East,70,One year,13.6,3.94,42.3,0,3.6,56.54,4132.03,1,Credit card,0
101704,70,Female,South,71,Month-to-month,18.53,20.92,59.6,1,1.77,252.8347355600628,3930.63,0,Credit card,0
101705,66,Male,South,11,Month-to-month,15.25,15.7,295.6,1,2.43,43.41,430.24,1,Credit card,0
101706,74,Female,North,16,Month-to-month,36.79,41.45,83.9,0,0.94,63.26,1042.41,1,Bank transfer,0
101707,70,Male,South,18,Month-to-month,39.4,10.87,41.6,1,0.96,78.27,1458.21,0,Credit card,1
101708,31,Male,South,69,One year,62.31,69.61,155.6,1,0.1,66.45,4221.89,0,Credit card,0
101709,30,Female,East,67,Month-to-month,37.76,34.88,217.6,1,1.55,120.08,7820.55,0,Credit card,0
101710,37,Male,South,19,Month-to-month,12.33,12.06,92.7,0,4.42,53.64,1059.69,0,Bank transfer,0
101711,44,Male,West,45,Month-to-month,39.96,38.92,135.6,0,4.63,43.11,1991.54,0,Bank transfer,0
101712,68,Male,South,18,Month-to-month,21.19,21.1,100.8,0,3.35,61.68,1158.17,0,Digital wallet,0
101713,59,Female,North,3,Month-to-month,22.55,6.17,156.7,0,4.01,73.52,222.05,0,Credit card,1
101714,54,Male,North,17,Month-to-month,24.18,27.79,64.5,2,3.72,33.1,527.92,0,Bank transfer,0
101715,68,Male,North,6,Month-to-month,12.29,6.82,120.9,1,2.76,97.73,590.33,0,Bank transfer,1
101716,54,Female,South,61,Month-to-month,94.74,85.47,181.1,0,0.1,58.58,3447.41,2,Bank transfer,0
101717,39,Female,West,56,Month-to-month,12.99,14.05,82.1,1,5.9,107.4,6049.15,0,Credit card,1
101718,41,Male,West,14,One year,17.3,15.88,173.6,0,2.19,98.35,1337.28,0,Credit card,1
101719,47,Male,South,41,Month-to-month,39.92,42.78,152.4,0,2.18,81.53,3435.93,1,Credit card,1
101720,23,Male,North,15,Month-to-month,6.88,6.26,49.6,2,4.69,64.46,,0,Credit card,1
101721,60,Male,West,41,One year,23.42,5.28,66.0,0,2.74,39.71,1557.85,0,Bank transfer,0
101722,55,Female,North,64,Month-to-month,50.58,50.99,163.2,0,6.28,49.23,2962.0,1,Digital wallet,0
101723,59,Male,South,63,Month-to-month,8.76,9.21,65.5,1,1.25,38.1,2421.42,1,Credit card,0
101724,48,Female,West,60,Two year,25.12,15.53,19.3,0,4.05,37.03,2292.18,1,Credit card,0
101725,62,Female,South,18,Month-to-month,24.13,13.91,115.4,0,2.13,72.18,1352.68,1,Bank transfer,1
101726,72,Male,North,14,Two year,19.21,18.82,110.4,1,2.65,73.15,1060.1,0,Bank transfer,0
101727,50,Male,North,12,Month-to-month,58.82,67.04,158.3,2,1.18,26.09,283.04,0,Bank transfer,0
101728,43,Male,East,10,Two year,22.6,23.99,208.5,1,1.56,52.8,523.38,0,Credit card,0
101729,23,Female,North,44,Two year,47.71,42.81,110.9,0,4.44,44.75,1984.27,1,Credit card,1
101730,62,Female,East,47,Month-to-month,44.34,42.64,128.3,0,3.28,101.43,4446.19,0,Bank transfer,0
101731,69,Male,South,63,Month-to-month,22.89,21.61,40.1,1,3.13,15.0,894.07,0,Bank transfer,1
101732,57,Male,South,7,One year,12.43,11.67,85.2,1,0.1,112.96,797.36,0,Credit card,0
101733,67,Female,North,19,Month-to-month,44.48,40.63,339.4,2,0.1,79.51,1571.36,0,Credit card,0
101734,67,Male,West,52,Month-to-month,22.9,20.74,144.1,0,1.12,15.0,724.94,2,Digital wallet,0
101735,63,Male,South,49,Two year,32.13,35.69,213.1,1,1.91,48.97,2428.03,1,Digital wallet,1
101736,46,Male,East,31,One year,20.47,23.48,84.8,0,2.35,76.16,2275.64,0,Digital wallet,0
101737,23,Female,South,11,Two year,46.19,41.48,77.0,2,2.97,47.98,499.61,1,Digital wallet,0
101738,18,Female,North,35,Two year,11.6,12.62,75.7,1,4.03,58.17,1922.22,0,Mailed check,0
101739,29,Male,South,13,Two year,24.62,22.6,178.0,1,4.71,121.89,1621.83,0,Credit card,1
101740,42,Male,South,39,One year,21.5,8.7,94.7,1,2.79,54.43,1928.98,0,Credit card,1
101741,60,Male,South,65,One year,30.84,12.73,39.2,0,1.23,37.95,2496.97,2,Bank transfer,0
101742,43,Female,West,14,Two year,54.94,55.3,99.8,1,3.59,87.9,1155.64,1,Mailed check,0
101743,19,Male,West,9,One year,43.67,39.7,78.2,2,2.78,29.94,255.3,0,Bank transfer,0
101744,29,Male,West,53,Month-to-month,21.06,11.36,184.1,0,3.2,82.56,4405.63,0,Mailed check,0
101745,73,Male,East,2,One year,42.39,39.48,285.9,1,4.31,79.6,154.99,1,Mailed check,1
101746,74,Female,South,70,Month-to-month,33.12,32.24,40.0,0,,110.65,7038.0,0,Digital wallet,0
101747,39,Male,East,56,Two year,11.61,12.33,146.9,1,4.68,75.37,4299.45,0,Bank transfer,0
101748,63,Female,North,29,One year,43.19,42.85,198.9,1,0.36,59.15,1660.84,0,Digital wallet,0
101749,59,Female,West,26,One year,18.38,20.08,163.3,0,3.59,64.27,1602.46,0,Bank transfer,0
101750,71,Female,West,28,Month-to-month,25.95,22.81,77.6,1,1.52,118.45,3260.43,0,Bank transfer,0
101751,68,Male,North,29,Month-to-month,1.76,1.79,89.0,1,2.84,66.57,1932.43,0,Credit card,0
101752,53,Male,West,60,Month-to-month,40.86,36.04,108.5,1,2.99,59.66,,1,Credit card,0
101753,40,Male,West,57,One year,50.63,44.82,69.6,1,1.97,63.37,3285.77,0,Credit card,0
101754,53,Male,South,15,One year,32.55,30.69,121.7,1,1.54,76.89,1154.68,0,Bank transfer,1
101755,36,Female,West,13,Month-to-month,34.96,30.82,221.2,0,1.23,55.59,667.13,1,Credit card,0
101756,37,Male,North,39,Month-to-month,17.75,3.65,145.7,0,2.93,39.16,1375.41,0,Credit card,0
101757,52,Male,North,47,Month-to-month,42.25,45.75,32.9,0,3.45,48.22,2321.19,1,Digital wallet,0
101758,50,Female,South,52,Month-to-month,69.38,27.31,101.1,0,5.23,42.88,2325.53,0,Bank transfer,0
101759,51,Male,East,23,Two year,14.87,14.9,269.6,0,,61.16,1330.75,1,Bank transfer,0
101760,39,Male,South,35,Two year,27.81,29.01,64.2,1,0.2,49.66,1684.3,0,Mailed check,0
101761,41,Female,West,8,One year,18.89,16.37,163.0,0,3.21,60.52,478.47,0,Bank transfer,1
101762,18,Female,North,33,Month-to-month,30.47,27.96,49.8,0,0.1,61.21,2000.79,0,Bank transfer,0
101763,52,Female,North,49,Month-to-month,23.29,6.76,145.0,0,4.9,71.58,3595.27,0,Digital wallet,0
101764,50,Male,East,22,Two year,24.22,24.39,89.1,0,3.64,40.92,856.66,0,Mailed check,0
101765,71,Female,North,23,Two year,43.77,12.71,237.0,0,0.99,107.57,2452.54,0,Bank transfer,0
101766,46,Female,East,33,Month-to-month,48.58,42.49,236.1,0,0.12,96.13,2896.6,0,Bank transfer,0
101767,44,Male,South,62,One year,9.41,4.47,41.1,0,1.21,78.49,4979.94,1,Credit card,0
101768,21,Male,,43,Month-to-month,38.36,34.46,99.3,1,3.3,83.4,3584.57,0,Credit card,0
101769,29,Female,East,66,Month-to-month,52.64,17.0,83.7,1,1.35,36.61,2392.07,0,Digital wallet,0
101770,37,Male,North,5,Two year,32.04,12.42,160.5,1,3.62,50.4,228.97,0,Credit card,0
101771,39,Male,North,61,Two year,14.93,12.79,350.2,0,3.91,53.17,2943.37,1,Mailed check,0
101772,38,Female,,4,Two year,44.35,49.83,95.8,2,1.64,29.48,107.62,0,Bank transfer,1
101773,40,Female,West,23,Month-to-month,37.95,21.2,222.6,1,3.83,55.55,1194.23,1,Credit card,0
101774,61,Male,East,31,Month-to-month,32.14,31.48,91.7,1,4.31,121.8,3640.59,0,Credit card,0
101775,25,Female,South,17,Two year,28.12,24.28,117.6,1,3.35,67.67,1110.81,1,Bank transfer,0
101776,36,Female,North,71,One year,41.52,41.03,96.9,1,3.32,103.28,6771.93,1,Mailed check,0
101777,27,Female,,64,Month-to-month,97.34,108.66,161.1,2,1.66,101.59,6284.47,2,Digital wallet,0
101778,35,Male,North,41,Month-to-month,3.87,1.98,245.5,1,5.55,41.41,1659.43,0,Bank transfer,0
101779,57,Male,East,33,Month-to-month,19.89,7.26,180.4,0,1.03,65.91,1990.18,0,Credit card,0
101780,20,Female,West,55,One year,25.64,5.76,87.7,0,1.84,55.08,2782.91,1,Bank transfer,0
101781,37,Male,North,51,Two year,0.0,0.0,49.3,0,3.91,88.3,4555.4,0,Credit card,0
101782,19,Female,South,35,Month-to-month,69.54,14.84,69.4,2,1.94,76.76,2819.9,0,Bank transfer,1
101783,72,Female,North,59,Month-to-month,9.95,4.42,212.0,0,2.05,106.64,,0,Credit card,0
101784,59,Male,South,14,Month-to-month,16.44,6.75,120.0,0,0.46,256.10084827984656,952.35,0,Credit card,0
101785,31,Female,West,20,One year,20.88,19.24,127.1,1,1.8,85.66,1590.09,1,Mailed check,0
101786,29,Female,East,2,Month-to-month,18.36,21.02,174.5,1,6.12,48.91,88.91,0,Digital wallet,0
101787,23,Female,West,9,Month-to-month,40.3,44.58,110.0,0,1.96,28.36,236.62,0,Mailed check,1
101788,44,Female,South,15,One year,26.68,27.07,,1,4.42,81.78,1170.25,0,Credit card,0
101789,60,Female,North,45,Month-to-month,12.6,11.42,97.5,1,1.75,68.71,3037.05,0,Bank transfer,0
101790,51,Female,East,61,One year,42.29,38.73,,1,0.9,78.84,4706.21,1,Bank transfer,0
101791,68,Female,South,42,One year,37.76,41.86,53.5,0,1.33,100.39,4079.59,0,Credit card,1
101792,37,Female,North,32,Month-to-month,54.68,57.56,23.0,0,3.59,73.41,2240.85,2,Bank transfer,1
101793,33,Male,South,20,One year,22.2,21.21,121.6,1,0.1,85.74,1641.81,0,Mailed check,1
101794,45,Male,East,8,One year,19.98,11.95,168.1,0,5.06,90.54,652.13,0,Credit card,0
101795,29,Male,East,42,One year,43.42,37.24,167.4,1,3.22,61.31,2403.78,0,Credit card,0
101796,73,Female,North,10,One year,17.56,15.65,216.6,0,1.94,50.01,463.15,1,Credit card,0
101797,28,Male,West,57,Month-to-month,14.71,15.73,105.4,0,1.31,114.46,6442.05,0,Credit card,0
101798,45,Female,South,30,Month-to-month,35.3,36.88,214.8,1,1.72,74.65,2165.66,0,Bank transfer,1
101799,47,Male,North,25,Month-to-month,35.54,34.03,113.4,0,4.23,72.18,1683.31,1,Bank transfer,0
101800,21,Male,North,2,Month-to-month,11.99,12.33,52.9,1,0.13,40.42,74.35,1,Digital wallet,0
101801,44,Male,West,18,Month-to-month,46.05,49.57,143.0,1,2.42,71.18,1283.0,1,Credit card,0
101802,43,Female,South,1,Month-to-month,14.89,3.59,55.2,1,4.19,73.06,75.62,1,Bank transfer,1
101803,32,Female,South,52,One year,30.95,32.28,105.3,2,0.1,41.59,2029.3,0,Credit card,0
101804,25,Female,North,35,Month-to-month,33.29,20.8,195.2,2,1.56,83.47,2898.62,1,Credit card,1
101805,20,Female,East,56,Two year,58.76,54.16,16.2,0,,58.61,3033.36,0,Digital wallet,0
101806,18,Male,West,41,One year,60.88,69.12,30.3,1,0.57,15.0,,0,Credit card,0
101807,45,Female,South,68,Month-to-month,36.96,11.32,116.8,1,2.82,51.91,3273.99,0,Digital wallet,0
101808,23,Male,West,56,One year,32.92,28.22,70.7,1,3.47,89.21,4902.42,1,Digital wallet,0
101809,72,Male,North,11,Month-to-month,17.28,17.58,195.8,1,1.89,42.55,424.22,0,Mailed check,0
101810,31,Female,North,9,Two year,73.22,27.48,258.1,1,0.25,125.46,1095.0,0,Credit card,1
101811,55,Female,East,64,Two year,40.58,37.22,93.0,1,1.2,76.94,5097.24,0,Digital wallet,0
101812,56,Male,East,20,Two year,39.06,24.6,156.3,1,3.1,120.91,2227.07,0,Credit card,0
101813,46,Female,North,55,One year,34.61,21.42,41.5,0,2.45,37.44,2035.76,0,Credit card,0
101814,68,Male,East,45,Two year,28.71,30.5,130.6,2,0.73,34.75,1417.15,1,Bank transfer,0
101815,24,Female,South,50,One year,0.0,0.0,58.6,0,1.77,59.02,2899.55,0,Credit card,0
101816,31,Female,East,19,Two year,4.6,4.18,63.6,0,3.67,33.29,644.49,0,Bank transfer,0
101817,32,Female,East,23,Month-to-month,26.77,12.25,100.9,0,2.8,53.59,1145.33,0,Digital wallet,1
101818,25,Female,West,40,Two year,14.85,3.58,64.1,0,,104.7,4009.81,2,Digital wallet,0
101819,34,Female,South,2,One year,30.12,30.17,133.8,1,2.88,57.3,110.3,0,Credit card,0
101820,35,Male,East,23,Month-to-month,27.78,27.95,110.3,0,1.66,25.21,596.86,0,Credit card,1
101821,61,Female,East,37,Two year,11.64,11.36,73.9,2,1.53,72.54,2432.64,2,Bank transfer,0
101822,35,Male,South,15,One year,29.73,14.72,70.3,0,,98.07,1393.88,0,Bank transfer,0
101823,67,Male,North,21,Two year,37.13,32.03,146.7,0,0.85,18.23,350.13,0,Digital wallet,1
101824,62,Female,West,70,Month-to-month,33.1,30.19,166.7,2,1.84,31.23,2183.6,0,Credit card,0
101825,69,Female,North,21,One year,13.97,15.94,116.7,1,4.07,66.4,1362.26,0,Bank transfer,0
101826,23,Male,West,65,One year,37.44,33.94,159.2,2,6.2,35.07,2233.96,1,Bank transfer,0
101827,74,Male,North,66,Month-to-month,39.6,23.0,54.3,0,0.1,60.81,3717.5,0,Credit card,1
101828,52,Female,West,48,One year,43.04,42.51,59.9,1,1.18,101.01,4633.08,0,Credit card,0
101829,73,Male,North,11,One year,28.94,27.15,75.7,1,4.2,55.56,630.2,0,Mailed check,0
101830,38,Male,West,15,Month-to-month,55.7,59.99,51.3,1,0.62,76.44,1138.26,0,Digital wallet,1
101831,72,Male,East,67,One year,58.91,19.51,17.7,2,2.31,78.23,5394.66,0,Credit card,1
101832,51,Male,North,1,Month-to-month,24.51,7.15,94.7,0,5.2,45.17,44.92,0,Credit card,1
101833,22,Female,East,36,Two year,19.98,20.45,67.6,0,1.41,38.62,1371.01,0,Digital wallet,0
101834,41,Female,East,43,Two year,21.64,23.04,85.1,1,2.12,89.87,3998.84,0,Credit card,0
101835,25,Female,South,60,Month-to-month,44.19,19.82,63.2,1,0.57,66.23,3874.97,0,Credit card,0
101836,71,Male,North,64,Month-to-month,21.39,12.29,82.5,2,3.53,70.22,4528.69,0,Bank transfer,1
101837,35,Female,,21,Month-to-month,44.83,20.28,109.7,1,0.1,64.11,1235.73,0,Bank transfer,0
101838,30,Female,East,36,Month-to-month,12.17,3.89,155.0,0,1.46,61.8,2063.97,1,Credit card,1
101839,49,Male,South,46,Two year,29.87,18.95,206.7,0,0.55,69.85,3110.95,0,Mailed check,0
101840,42,Male,West,69,Month-to-month,39.11,40.72,92.0,3,2.02,37.07,2433.79,0,Digital wallet,0
101841,23,Male,North,40,Month-to-month,16.23,16.25,66.8,0,5.28,354.6885602302952,2795.34,0,Credit card,1
101842,64,Female,North,9,Month-to-month,45.5,51.79,32.8,0,3.08,39.96,341.47,0,Mailed check,0
101843,66,Female,East,66,One year,30.88,19.64,309.1,0,2.86,123.15,8148.41,0,Credit card,0
101844,60,Male,North,37,Two year,31.48,33.4,164.7,1,2.94,80.31,2960.49,0,Credit card,0
101845,53,Male,North,13,Month-to-month,16.52,17.46,119.5,1,2.47,72.06,859.53,0,Credit card,1
101846,40,Male,South,14,Month-to-month,8.17,8.64,43.5,0,4.43,38.36,562.68,0,Bank transfer,0
101847,48,Female,North,15,Month-to-month,7.18,3.8,20.2,0,3.66,92.6,1395.81,0,Bank transfer,1
101848,47,Male,North,52,Month-to-month,43.42,10.3,,0,0.55,53.15,2580.04,0,Bank transfer,0
101849,27,Male,East,68,Month-to-month,26.07,25.81,77.5,3,3.96,80.12,4974.51,0,Bank transfer,0
101850,22,Male,South,32,One year,47.79,49.84,68.8,0,2.85,48.29,1596.82,0,Bank transfer,0
101851,32,Female,West,7,Month-to-month,9.87,3.12,65.5,0,3.18,17.13,114.45,0,Credit card,1
101852,43,Male,East,64,Month-to-month,39.07,40.3,71.9,0,0.1,103.53,6192.1,1,Bank transfer,0
101853,27,Female,South,46,One year,2.7,1.38,179.9,0,2.5,79.48,3445.06,0,Mailed check,0
101854,24,Female,North,41,One year,20.88,12.33,43.3,0,2.29,55.21,2128.3,0,Digital wallet,0
101855,66,Female,West,5,Month-to-month,31.59,35.26,30.2,0,1.46,114.16,580.15,0,Bank transfer,0
101856,39,Male,North,69,Month-to-month,23.89,27.32,52.7,2,4.11,64.54,4438.54,0,Mailed check,0
101857,51,Male,North,6,One year,26.07,11.39,54.0,0,0.1,95.23,543.98,0,Mailed check,0
101858,47,Male,West,44,Month-to-month,19.69,19.59,76.1,0,7.04,101.4308763328522,1009.44,0,Digital wallet,0
101859,59,Female,East,43,Two year,27.46,28.29,32.5,0,0.82,56.8,2548.71,0,Credit card,0
101860,60,Female,East,37,Two year,12.62,11.83,140.8,0,3.21,57.7,2127.68,0,Credit card,0
101861,34,Female,North,40,Two year,42.91,15.1,66.3,2,2.82,40.33,1627.07,0,Digital wallet,1
101862,66,Female,North,29,Month-to-month,33.58,21.57,,2,4.25,42.88,1174.76,0,Bank transfer,0
101863,39,Female,South,41,Month-to-month,36.24,14.16,106.5,1,5.01,68.71,2953.85,0,Bank transfer,1
101864,65,Male,East,26,Two year,28.48,31.43,,0,1.85,60.64,1595.5,0,Bank transfer,0
101865,41,Female,South,34,Month-to-month,43.54,46.3,13.9,1,2.76,60.1,1912.74,0,Credit card,0
101866,24,Female,North,49,Month-to-month,20.99,13.81,166.3,1,1.86,52.23,2657.32,0,Credit card,0
101867,61,Male,North,53,One year,24.7,27.84,203.4,0,1.05,90.51,4596.94,0,Credit card,0
101868,19,Female,East,11,Month-to-month,101.24,104.43,46.3,1,,33.88,339.21,0,Bank transfer,0
101869,62,Male,East,71,One year,14.84,15.77,64.2,0,2.46,66.35,4504.87,0,Bank transfer,0
101870,20,Male,North,7,Two year,55.27,48.56,56.2,0,2.52,53.73,384.19,0,Credit card,0
101871,29,Male,North,20,One year,82.49,38.45,39.0,2,1.93,51.74,998.5,0,Credit card,0
101872,52,Male,North,25,Month-to-month,43.35,44.74,151.6,0,3.01,15.0,366.79,1,Credit card,0
101873,71,Male,North,23,Two year,0.0,0.0,133.6,2,3.67,63.99,1431.14,1,Credit card,0
101874,41,Male,South,25,One year,13.55,13.58,65.6,1,0.69,49.65,1294.97,1,Bank transfer,0
101875,24,Female,North,23,Month-to-month,17.22,16.32,63.9,0,3.43,71.92,1499.6,0,Bank transfer,0
101876,31,Male,East,31,One year,30.66,15.55,117.6,1,4.84,141.83,4138.29,0,Digital wallet,1
101877,69,Male,West,55,Month-to-month,25.56,6.71,88.1,0,0.59,69.31,3876.0,0,Credit card,1
101878,59,Female,West,59,Month-to-month,59.46,55.66,118.9,2,2.73,76.63,4109.75,0,Credit card,0
101879,23,Male,West,25,One year,69.61,76.31,72.4,0,3.18,45.41,1080.63,1,Bank transfer,0
101880,39,Male,North,19,Month-to-month,24.79,25.22,112.0,0,3.68,69.35,1357.43,0,Digital wallet,0
101881,33,Male,North,49,Month-to-month,30.79,10.28,171.0,0,3.84,62.19,2787.96,0,Digital wallet,0
101882,28,Female,South,5,One year,23.31,16.02,96.0,0,4.31,44.34,205.01,1,Bank transfer,0
101883,66,Male,East,32,Month-to-month,28.84,26.71,233.1,0,2.7,42.24,1282.67,0,Mailed check,0
101884,53,Female,North,16,Month-to-month,17.25,9.65,120.4,1,1.0,76.86,1239.73,1,Bank transfer,0
101885,28,Male,South,44,Month-to-month,24.68,26.66,22.6,0,1.96,48.17,2024.5,1,Digital wallet,0
101886,55,Male,North,6,One year,20.74,18.1,91.2,0,4.67,41.43,254.61,1,Credit card,1
101887,41,Female,North,59,Two year,39.41,17.28,145.2,0,1.18,97.96,5205.42,0,Credit card,0
101888,21,Female,East,20,Month-to-month,46.64,43.75,128.5,1,3.28,103.23,1878.13,0,Digital wallet,0
101889,43,Male,East,37,One year,11.27,5.19,143.8,0,3.77,41.77,1585.87,1,Bank transfer,0
101890,28,Male,,41,Month-to-month,36.03,34.26,109.8,1,3.42,91.43,3589.45,0,Bank transfer,0
101891,31,Female,West,34,Month-to-month,52.75,47.65,226.4,0,3.89,24.01,796.36,0,Digital wallet,0
101892,68,Male,North,32,Month-to-month,58.57,64.59,,0,2.45,41.2,1365.7,0,Bank transfer,0
101893,58,Male,North,19,Month-to-month,27.36,28.78,104.7,0,2.35,34.62,605.23,1,Credit card,1
101894,25,Female,South,55,Month-to-month,18.31,4.47,,0,5.22,52.46,2868.49,0,Credit card,0
101895,66,Male,East,37,One year,5.21,5.47,293.8,0,5.46,64.95,2431.85,0,Credit card,0
101896,50,Female,East,16,One year,59.6,35.26,215.6,1,4.67,33.57,520.54,0,Digital wallet,1
101897,67,Female,North,19,Two year,43.42,44.62,89.7,0,3.32,54.07,962.92,0,Bank transfer,0
101898,60,Female,West,32,Two year,29.8,7.02,122.3,0,1.64,41.3,1193.35,1,Credit card,0
101899,37,Male,South,60,Month-to-month,79.24,76.35,225.2,0,2.7,70.8,4187.86,0,Credit card,0
101900,48,Male,South,69,Month-to-month,29.94,31.37,52.6,0,2.31,67.91,4348.6,0,Credit card,1
101901,48,Male,East,28,Month-to-month,49.26,52.75,78.7,0,4.15,99.68,2613.89,0,Bank transfer,0
101902,59,Male,West,29,Month-to-month,17.84,7.02,177.4,1,3.09,21.23,,0,Credit card,0
101903,32,Female,East,10,Two year,28.31,28.64,62.5,1,3.38,93.26,921.24,0,Bank transfer,0
101904,36,Female,West,39,Month-to-month,33.59,33.29,89.1,1,,93.37,3760.96,0,Bank transfer,0
101905,31,Female,North,18,Month-to-month,13.15,12.06,118.3,0,0.1,51.46,937.03,0,Bank transfer,0
101906,34,Female,East,59,Month-to-month,39.71,34.75,163.3,0,4.47,55.7,3231.36,1,Digital wallet,1
101907,27,Female,West,38,Two year,31.99,27.59,43.0,1,2.4,73.14,2543.79,0,Mailed check,0
101908,20,Male,South,16,Month-to-month,2.92,3.11,169.8,0,3.95,90.09,1336.65,0,Mailed check,0
101909,71,Male,South,66,One year,53.0,50.59,111.9,1,1.99,15.0,930.86,0,Bank transfer,0
101910,22,Male,West,58,Month-to-month,22.66,9.18,116.5,0,4.93,53.37,3061.91,0,Digital wallet,0
101911,68,Female,North,22,Month-to-month,20.94,10.5,33.5,2,1.7,75.81,1670.92,1,Bank transfer,1
101912,18,Male,South,9,Month-to-month,22.8,24.23,100.5,0,2.39,66.64,565.84,0,Bank transfer,0
101913,62,Female,West,19,One year,38.17,38.26,47.5,0,2.52,65.55,1225.56,1,Bank transfer,1
101914,36,Male,West,27,One year,29.64,29.17,237.6,0,0.24,24.19,660.01,0,Digital wallet,1
101915,47,Female,West,29,Month-to-month,61.32,63.69,84.8,3,3.12,52.47,1500.97,0,Digital wallet,0
101916,34,Female,West,59,Month-to-month,32.44,29.36,208.6,1,3.74,55.17,3403.65,1,Credit card,0
101917,45,Male,North,69,Month-to-month,7.83,8.95,114.7,0,3.13,42.69,2739.01,0,Credit card,0
101918,43,Male,West,54,Month-to-month,18.48,7.54,210.5,0,5.98,92.7,5004.83,0,Credit card,0
101919,48,Male,South,61,Month-to-month,3.46,3.29,25.2,1,1.16,55.61,3077.75,2,Digital wallet,0
101920,40,Male,East,9,Month-to-month,6.51,7.03,60.0,1,0.1,43.55,356.68,0,Bank transfer,1
101921,48,Male,South,11,One year,19.45,13.23,201.9,0,0.71,113.96,1128.82,0,Bank transfer,0
101922,65,Female,West,65,Two year,48.18,44.53,264.9,0,2.63,76.17,4691.63,0,Digital wallet,0
101923,42,Male,East,44,One year,36.26,35.91,92.2,0,4.3,68.99,2745.49,0,Credit card,0
101924,38,Male,West,17,One year,40.83,40.82,73.3,2,2.76,61.69,1079.98,1,Bank transfer,1
101925,25,Female,North,57,Two year,44.51,41.93,40.8,0,1.76,48.13,2676.38,0,Credit card,0
101926,38,Female,North,13,Two year,52.26,49.89,30.1,0,4.75,44.02,576.09,0,Bank transfer,0
101927,25,Male,South,55,Month-to-month,19.32,18.94,28.1,0,2.33,35.66,1970.35,0,Credit card,0
101928,28,Female,North,63,Month-to-month,53.96,59.4,105.8,0,0.44,56.62,3687.13,1,Credit card,0
101929,72,Male,East,35,Month-to-month,37.96,37.96,101.9,0,4.0,27.1,868.26,2,Bank transfer,1
101930,23,Male,North,47,Two year,26.26,15.73,47.3,0,3.47,87.5,3728.13,0,Mailed check,0
101931,45,Male,East,52,Month-to-month,16.64,14.59,66.4,0,2.86,48.15,2521.21,0,Credit card,0
101932,65,Male,North,63,Month-to-month,28.72,26.28,86.0,0,,86.41,5570.22,0,Bank transfer,0
101933,72,Male,North,42,Month-to-month,61.92,70.94,24.0,0,2.34,44.1,1670.27,0,Digital wallet,1
101934,26,Female,East,21,One year,54.51,47.8,118.2,0,2.92,74.65,1538.12,0,Credit card,0
101935,27,Male,South,15,One year,29.4,30.7,127.2,1,1.04,29.86,429.92,0,Digital wallet,1
101936,39,Male,North,26,One year,43.73,39.94,146.0,0,1.44,49.01,1321.03,2,Bank transfer,1
101937,49,Male,North,4,One year,44.98,30.57,138.3,2,1.79,51.95,208.77,0,Credit card,0
101938,72,Male,North,50,Two year,36.97,36.22,96.1,0,3.54,71.23,3729.39,0,Bank transfer,0
101939,29,Male,East,27,Month-to-month,55.59,53.21,236.1,1,1.49,33.55,863.08,0,Digital wallet,1
101940,27,Female,North,51,Two year,42.54,19.54,75.4,1,2.36,101.25,4756.7,0,Bank transfer,0
101941,32,Female,South,5,One year,32.87,37.58,136.7,2,2.17,64.4,325.82,2,Digital wallet,1
101942,67,Female,East,23,Month-to-month,6.86,6.97,45.4,0,2.42,63.35,1475.44,0,Credit card,0
101943,19,Male,South,29,Two year,47.73,16.76,44.5,1,1.35,28.61,799.07,0,Credit card,0
101944,39,Female,East,7,Two year,17.63,16.3,46.1,0,2.19,72.6,471.9,0,Digital wallet,0
101945,24,Female,North,59,Two year,14.51,10.02,130.6,0,0.77,92.36,4968.09,0,Bank transfer,0
101946,26,Female,West,43,Two year,28.18,29.06,54.9,1,2.44,41.65,1783.94,0,Bank transfer,0
101947,70,Male,South,60,Month-to-month,17.26,4.15,129.7,1,2.46,49.86,2781.6,0,Mailed check,1
101948,18,Female,North,57,Month-to-month,33.42,29.12,133.9,0,2.61,58.4,3033.26,2,Mailed check,0
101949,36,Male,West,3,Month-to-month,33.37,37.64,250.1,2,3.34,56.92,170.0,0,Bank transfer,0
101950,70,Female,East,62,Two year,34.82,23.11,43.2,0,5.21,41.09,2531.3,1,Bank transfer,1
101951,52,Male,East,5,Two year,27.16,25.89,38.4,0,0.1,74.89,366.8,0,Credit card,0
101952,22,Female,West,62,Two year,51.1,12.67,109.2,0,1.94,94.28,5923.79,0,Bank transfer,0
101953,44,Male,North,48,Two year,36.0,21.73,198.5,0,1.13,63.16,2890.95,0,Digital wallet,0
101954,73,Female,West,59,One year,41.03,45.75,106.0,0,2.97,42.37,2443.82,0,Credit card,0
101955,40,Male,East,36,Month-to-month,22.7,24.81,402.8,0,3.56,37.01,1389.76,0,Credit card,0
101956,48,Female,South,12,Month-to-month,34.12,30.91,128.1,0,0.68,125.51,1416.34,0,Bank transfer,1
101957,48,Male,North,11,Month-to-month,26.52,30.19,122.6,0,2.98,53.96,545.4,0,Bank transfer,0
101958,55,Female,North,9,One year,20.75,12.24,85.6,2,3.8,77.53,668.15,1,Credit card,1
101959,28,Female,West,58,Month-to-month,21.27,24.41,139.9,0,3.14,23.35,1321.18,0,Credit card,1
101960,65,Male,North,38,Two year,26.99,29.47,194.8,0,1.99,46.06,1786.62,2,Credit card,1
101961,74,Male,North,16,One year,28.47,28.05,115.0,0,3.51,91.9,1430.78,0,Mailed check,1
101962,26,Female,East,9,Month-to-month,25.85,27.19,184.0,1,2.12,42.93,385.9,1,Bank transfer,1
101963,64,Male,East,6,Two year,41.51,36.28,114.3,1,3.86,44.31,263.18,1,Bank transfer,0
101964,64,Male,North,19,One year,34.0,38.29,40.9,0,3.03,73.92,1359.3,0,Credit card,0
101965,60,Female,West,54,One year,14.24,7.55,34.8,4,2.22,48.47,2669.1,0,Credit card,0
101966,39,Male,South,64,Month-to-month,29.66,27.19,156.4,0,0.61,78.55,4614.04,0,Credit card,0
101967,44,Male,West,44,Month-to-month,29.27,17.3,117.0,2,2.53,48.41,2157.57,1,Credit card,1
101968,65,Male,,71,Month-to-month,18.43,19.63,190.9,0,0.89,62.4,4403.39,1,Credit card,0
101969,26,Male,North,29,Month-to-month,29.99,7.32,159.8,1,0.87,81.19,2452.97,0,Credit card,1
101970,65,Male,East,24,One year,17.04,18.58,34.7,1,1.98,53.47,1210.71,0,Mailed check,0
101971,70,Male,North,50,Two year,28.03,31.97,77.3,0,2.39,33.56,1553.29,1,Mailed check,0
101972,56,Male,South,10,Two year,18.93,20.77,56.1,0,0.71,54.04,509.89,0,Bank transfer,0
101973,37,Male,North,65,Month-to-month,32.39,35.48,,4,2.25,40.1,2440.54,0,Bank transfer,0
101974,49,Male,West,56,Two year,34.11,36.22,97.4,0,2.14,52.59,3031.21,0,Credit card,0
101975,20,Male,West,3,Month-to-month,41.43,42.39,32.1,0,1.6,65.13,194.67,0,Mailed check,0
101976,71,Male,West,14,Month-to-month,33.97,29.3,72.5,0,2.11,65.11,889.81,0,Credit card,1
101977,37,Female,West,45,One year,67.8,26.22,72.7,0,3.47,87.58,3988.4,0,Credit card,0
101978,21,Male,West,53,Two year,39.47,45.07,134.5,1,1.92,45.39,2187.33,0,Bank transfer,0
101979,63,Female,South,16,Two year,40.41,39.79,100.2,2,3.37,64.47,986.93,1,Digital wallet,0
101980,55,Female,South,54,Two year,55.9,20.58,65.8,0,2.38,99.17,5098.5,0,Credit card,0
101981,53,Female,West,34,Month-to-month,19.07,20.77,59.0,2,4.03,73.1,2580.23,1,Credit card,0
101982,21,Female,West,48,Month-to-month,40.53,39.03,31.5,2,3.72,88.59,4034.75,0,Credit card,0
101983,60,Male,West,31,Month-to-month,39.03,26.96,156.1,0,2.18,63.57,1862.48,1,Credit card,0
101984,54,Female,West,33,One year,38.9,38.39,158.6,2,1.48,85.08,2922.87,0,Digital wallet,0
101985,63,Male,North,28,Month-to-month,50.76,50.18,201.2,0,3.23,60.39,1731.55,0,Bank transfer,1
101986,65,Female,West,12,Month-to-month,19.27,22.1,69.9,1,1.71,29.74,360.75,1,Bank transfer,0
101987,30,Male,West,14,Month-to-month,67.87,29.61,235.9,1,0.15,81.13,1031.74,0,Credit card,0
101988,30,Male,East,12,One year,29.35,26.81,157.7,1,3.6,74.2,834.47,2,Mailed check,1
101989,70,Male,West,57,One year,23.82,5.35,169.4,0,1.58,65.97,3495.86,0,Mailed check,1
101990,48,Male,East,31,Month-to-month,1.32,1.32,82.1,0,0.1,41.3,1315.38,0,Bank transfer,0
101991,42,Male,West,27,Month-to-month,53.16,47.65,78.6,0,2.39,103.88,2917.61,0,Credit card,0
101992,34,Female,North,61,One year,47.82,47.74,146.5,0,3.9,84.85,5184.06,0,Credit card,0
101993,54,Male,West,63,One year,29.64,30.05,205.2,0,1.62,49.13,3182.56,0,Bank transfer,0
101994,60,Female,North,17,Month-to-month,15.64,13.93,236.4,0,1.98,100.54,1661.05,0,Digital wallet,1
101995,18,Male,South,26,Month-to-month,34.38,36.43,217.8,1,3.25,99.2,2373.71,1,Credit card,1
101996,49,Female,North,30,Two year,10.56,11.6,,0,1.82,59.93,1817.37,0,Digital wallet,0
101997,74,Male,South,60,One year,47.19,51.66,45.3,1,2.34,43.59,2700.32,0,Credit card,0
101998,33,Male,North,48,Month-to-month,29.32,9.66,10.1,3,3.84,76.78,3795.37,0,Digital wallet,0
101999,34,Male,West,39,One year,18.89,20.18,165.0,1,3.52,60.11,2182.01,0,Bank transfer,0
102000,68,Female,East,17,One year,33.15,29.58,58.8,0,2.84,132.3,2348.14,0,Bank transfer,0
102001,21,Female,West,28,Month-to-month,32.17,33.34,281.9,1,0.1,39.2,1060.58,0,Credit card,1
102002,40,Male,North,3,Month-to-month,35.66,22.18,213.4,1,3.38,104.12,304.28,0,Bank transfer,1
102003,44,Male,North,50,Two year,20.27,13.09,105.6,1,1.91,54.81,2670.02,0,Bank transfer,0
102004,63,Female,West,66,Month-to-month,38.78,41.08,112.6,2,3.23,59.15,3645.23,1,Bank transfer,0
102005,25,Female,East,56,Month-to-month,16.92,18.24,148.2,1,0.22,43.96,2396.93,0,Mailed check,0
102006,42,Male,South,22,One year,11.01,7.31,110.4,1,3.91,67.96,1475.55,0,Credit card,0
102007,26,Male,West,35,Month-to-month,25.74,27.36,153.9,2,1.24,43.17,1571.86,0,Digital wallet,0
102008,62,Male,West,68,One year,29.57,30.71,104.3,0,3.15,59.2,4202.9,0,Bank transfer,0
102009,54,Female,East,31,Month-to-month,33.74,36.05,78.2,2,3.9,33.43,967.45,0,Mailed check,1
102010,46,Female,West,60,Month-to-month,29.51,32.62,59.0,1,3.09,15.06,832.0,0,Credit card,0
102011,40,Male,East,41,Month-to-month,56.77,57.95,81.0,0,3.08,59.29,2264.6,0,Digital wallet,0
102012,26,Male,East,36,Two year,27.19,24.3,118.7,2,2.63,97.57,3323.46,0,Credit card,0
102013,70,Male,South,42,One year,27.34,29.93,55.8,1,0.67,71.11,2930.03,0,Bank transfer,0
102014,54,Female,North,16,Two year,21.78,22.83,178.5,0,4.49,60.61,938.55,0,Bank transfer,0
102015,36,Male,North,31,Month-to-month,30.42,8.27,119.2,0,4.14,130.2,3638.2,1,Bank transfer,0
102016,41,Male,West,22,One year,39.5,41.71,90.9,2,1.93,15.0,299.43,0,Bank transfer,0
102017,59,Male,East,54,Month-to-month,38.83,36.43,54.1,0,0.1,71.88,3918.2,0,Mailed check,1
102018,59,Male,South,44,One year,59.3,53.07,188.3,0,4.01,42.84,1929.23,0,Digital wallet,0
102019,44,Female,East,29,Month-to-month,12.17,13.2,230.3,0,0.1,65.9,1945.57,0,Digital wallet,0
102020,35,Male,North,59,One year,43.36,37.5,17.0,0,3.3,45.19,,0,Digital wallet,1
102021,55,Male,North,33,Month-to-month,43.43,42.16,113.6,2,1.41,47.98,1534.88,0,Credit card,0
102022,55,Female,West,68,Month-to-month,5.82,5.83,207.7,0,3.22,71.61,5065.46,0,Credit card,0
102023,52,Male,South,43,One year,58.74,50.23,149.2,0,0.99,60.14,2713.04,0,Credit card,0
102024,22,Male,North,63,Month-to-month,13.58,13.98,35.1,1,2.51,46.53,3069.16,2,Bank transfer,0
102025,44,Female,South,71,Month-to-month,33.91,18.45,87.5,0,0.1,31.18,2283.9,0,Bank transfer,0
102026,52,Female,South,24,Two year,6.75,5.98,49.8,2,2.52,83.85,2003.95,0,Credit card,0
102027,72,Male,East,19,Month-to-month,21.4,19.74,55.2,1,2.49,58.82,1152.53,0,Credit card,1
102028,47,Male,West,60,One year,36.22,41.58,107.4,3,3.58,33.95,2111.41,1,Credit card,0
102029,37,Female,East,17,Two year,41.75,42.51,138.9,0,1.78,22.27,373.58,0,Credit card,0
102030,49,Male,East,54,One year,30.4,34.67,71.9,1,2.92,71.61,3558.29,0,Bank transfer,0
102031,28,Female,South,13,Month-to-month,57.14,57.01,101.3,1,1.91,56.93,685.51,0,Bank transfer,0
102032,23,Female,East,62,One year,35.39,38.61,138.8,0,3.18,68.94,4286.23,0,Digital wallet,0
102033,56,Male,South,49,Month-to-month,46.91,18.82,35.8,0,3.09,128.12,6249.2,0,Digital wallet,1
102034,74,Female,North,37,Month-to-month,21.88,12.42,54.7,0,3.82,84.92,3024.71,0,Digital wallet,1
102035,66,Male,West,32,One year,13.9,8.51,61.3,1,0.74,63.84,1872.7,0,Credit card,0
102036,51,Female,South,46,Two year,11.33,3.75,82.0,2,2.36,22.72,975.1,0,Bank transfer,0
102037,20,Male,South,28,Month-to-month,24.23,20.87,88.6,0,2.93,105.43,3098.55,1,Digital wallet,0
102038,74,Male,North,29,Month-to-month,12.6,11.82,109.1,1,5.23,66.65,1742.05,0,Mailed check,0
102039,43,Female,West,15,One year,17.35,7.81,72.1,0,5.47,125.93,1935.7,0,Credit card,1
102040,34,Female,North,12,Month-to-month,15.29,14.3,144.7,0,0.46,44.48,529.51,0,Bank transfer,0
102041,68,Male,South,64,One year,30.05,26.17,76.1,0,,32.56,1888.44,0,Credit card,0
102042,60,Female,West,54,Month-to-month,5.62,6.39,45.5,3,0.1,100.72,5241.29,0,Credit card,1
102043,60,Male,South,32,Month-to-month,22.33,22.36,66.7,0,5.79,71.06,2324.38,1,Bank transfer,0
102044,33,Male,West,60,One year,12.41,12.76,49.7,0,2.98,96.0,5717.13,0,Credit card,0
102045,74,Male,North,44,Two year,26.57,9.66,20.7,1,3.37,34.3,1567.86,0,Digital wallet,0
102046,43,Male,,43,Month-to-month,35.71,35.93,264.9,0,2.03,33.99,1526.26,1,Bank transfer,0
102047,48,Female,West,8,Two year,15.38,14.22,20.5,0,2.49,39.25,321.55,0,Credit card,0
102048,60,Female,South,39,Month-to-month,34.11,38.45,79.1,1,4.19,53.73808149685556,590.16,0,Credit card,0
102049,55,Female,East,8,Month-to-month,25.32,26.6,100.3,1,0.93,51.92,380.57,0,Credit card,0
102050,27,Male,South,49,Month-to-month,22.17,19.67,98.0,1,0.81,18.17,903.51,0,Credit card,0
102051,35,Female,West,5,Month-to-month,14.62,14.45,18.6,1,2.14,66.88,332.91,0,Bank transfer,1
102052,38,Male,West,37,One year,56.53,48.08,107.0,1,2.51,62.59,2215.95,0,Credit card,0
102053,72,Female,East,27,Month-to-month,38.54,40.56,187.9,0,3.33,42.6,1171.07,0,Bank transfer,0
102054,58,Female,West,10,Month-to-month,25.64,10.97,35.6,0,2.53,77.75,751.49,1,Digital wallet,0
102055,38,Female,East,34,Month-to-month,61.67,62.11,105.5,1,1.23,68.97,2357.69,0,Credit card,0
102056,59,Female,East,15,Two year,45.95,51.52,106.9,1,1.93,98.22,1482.7,0,Credit card,0
102057,60,Male,South,18,Two year,34.18,38.77,92.0,3,2.77,111.18,2029.68,2,Mailed check,1
102058,40,Female,East,64,Month-to-month,8.08,7.1,286.4,0,3.49,68.32,4163.25,0,Credit card,0
102059,40,Female,West,25,Month-to-month,41.25,14.24,90.4,1,4.0,75.81,1758.15,0,Credit card,1
102060,68,Male,East,29,Two year,53.99,47.34,68.3,2,2.09,79.59,2329.31,1,Credit card,0
102061,50,Female,North,1,Month-to-month,25.69,28.77,28.6,0,1.44,113.17,108.6,0,Bank transfer,1
102062,26,Male,South,22,Two year,33.64,33.76,203.9,1,1.15,29.77,685.1,0,Digital wallet,0
102063,59,Male,West,25,One year,31.95,11.81,49.1,0,4.25,50.77,1332.18,0,Credit card,0
102064,51,Female,West,52,Two year,49.9,16.77,115.5,0,1.85,30.51,1652.72,1,Credit card,0
102065,47,Female,North,9,Month-to-month,34.61,34.3,217.0,1,1.35,49.27,430.37,1,Mailed check,0
102066,59,Male,North,67,Month-to-month,39.63,40.48,132.0,0,2.75,55.32,3861.39,0,Bank transfer,0
102067,69,Female,South,10,Month-to-month,24.76,24.51,33.7,0,4.92,43.07,390.07,1,Digital wallet,0
102068,36,Female,North,47,Month-to-month,66.99,69.28,149.3,1,1.11,75.43,3534.3,0,Credit card,0
102069,41,Male,West,1,Month-to-month,29.95,10.46,65.4,0,3.39,77.56,81.18,0,Credit card,1
102070,28,Male,South,59,Two year,42.72,48.48,142.3,0,1.82,64.81,3448.32,1,Credit card,0
102071,54,Male,South,50,Month-to-month,57.1,58.92,263.7,1,2.67,73.07,3705.22,0,Credit card,0
102072,40,Female,North,60,Month-to-month,26.34,24.93,135.0,1,3.72,109.36,6489.86,0,Bank transfer,0
102073,37,Male,South,67,Month-to-month,75.45,68.96,96.6,1,4.32,73.99,4512.3,3,Credit card,0
102074,57,Female,West,60,Month-to-month,18.59,21.19,13.1,0,1.71,31.68,1771.0,0,Credit card,0
102075,41,Female,South,45,Month-to-month,18.01,18.44,60.1,1,3.63,45.16,1870.31,0,Bank transfer,1
102076,44,Female,North,60,Month-to-month,34.15,34.83,47.3,1,2.86,43.26,2625.56,0,Digital wallet,0
102077,43,Male,North,7,One year,20.71,10.13,133.8,1,3.1,100.39,714.92,1,Mailed check,1
102078,32,Male,West,46,Two year,63.17,54.33,209.5,1,4.35,52.39,2520.79,0,Credit card,0
102079,25,Female,West,71,Month-to-month,82.53,92.88,125.7,1,1.43,39.25,2831.38,1,Credit card,0
102080,65,Female,North,27,One year,16.3,16.15,105.9,0,3.66,36.42,1000.4,1,Credit card,0
102081,23,Male,East,70,Month-to-month,12.08,13.89,,0,2.74,50.62,3422.43,0,Credit card,0
102082,36,Female,North,36,Month-to-month,16.76,15.09,94.2,2,4.28,49.62,1648.97,0,Credit card,0
102083,56,Female,East,34,Two year,4.82,4.57,196.0,0,3.12,45.9,1503.63,0,Credit card,0
102084,25,Female,North,22,Two year,18.48,16.88,155.3,1,2.27,86.86,1750.07,0,Credit card,0
102085,55,Male,West,8,Month-to-month,51.49,49.62,229.4,0,3.81,57.68,473.92,0,Bank transfer,0
102086,59,Female,West,63,Month-to-month,41.03,46.9,216.5,0,1.65,62.98,3835.72,1,Credit card,0
102087,55,Female,North,52,Month-to-month,29.62,28.86,312.6,0,1.9,83.69,4435.02,0,Bank transfer,0
102088,35,Female,South,29,Month-to-month,35.47,38.95,172.4,2,1.37,85.57,2588.07,1,Mailed check,1
102089,19,Male,North,69,One year,14.4,15.5,157.6,2,1.56,49.71,3268.77,0,Digital wallet,0
102090,68,Female,South,14,Month-to-month,14.0,13.15,97.6,0,0.1,95.14,1240.21,0,Bank transfer,0
102091,36,Male,North,56,Two year,29.42,30.13,108.1,0,1.73,235.53409780282135,3378.92,1,Bank transfer,0
102092,63,Female,North,33,One year,29.08,32.15,183.6,0,2.39,50.24,1676.96,0,Bank transfer,1
102093,29,Male,West,45,Month-to-month,24.06,24.87,83.1,0,3.64,87.78,3698.05,0,Credit card,0
102094,27,Male,North,3,Two year,14.18,13.18,201.0,0,1.12,74.81,213.26,0,Bank transfer,0
102095,62,Male,West,44,One year,20.87,23.15,97.0,0,1.75,72.34,3156.09,0,Bank transfer,0
102096,71,Male,North,49,Month-to-month,37.3,18.65,111.9,1,2.24,55.94,2650.29,0,Digital wallet,0
102097,67,Male,South,70,Month-to-month,33.05,33.61,252.8,1,3.65,64.96,4237.79,0,Credit card,0
102098,60,Male,South,25,Two year,6.85,4.52,159.9,1,2.77,46.73,1136.0,0,Credit card,1
102099,32,Female,West,6,Two year,9.54,10.91,114.2,0,3.06,59.7,346.28,2,Digital wallet,0
102100,70,Male,North,5,Month-to-month,76.65,80.23,291.7,0,3.82,54.48,271.91,0,Bank transfer,0
102101,56,Female,North,11,One year,33.91,33.39,72.1,0,3.25,312.9281776167461,751.28,0,Digital wallet,0
102102,27,Male,East,22,Two year,32.23,31.61,61.8,0,1.6,103.45,2324.38,1,Digital wallet,0
102103,25,Female,East,59,Two year,16.07,17.9,59.4,0,5.07,60.6,3344.42,0,Bank transfer,0
102104,67,Male,East,14,Month-to-month,27.13,31.04,123.0,1,0.1,84.63,1156.17,1,Bank transfer,1
102105,33,Female,North,11,Month-to-month,20.65,20.09,109.9,0,3.85,68.33,766.82,0,Mailed check,0
102106,61,Male,North,3,Two year,48.68,43.76,135.8,1,3.16,93.69,264.28,1,Digital wallet,1
102107,25,Male,West,28,Month-to-month,52.01,44.83,30.0,1,4.37,107.58,2817.9,0,Bank transfer,0
102108,33,Female,East,43,Month-to-month,37.48,35.48,32.3,0,2.15,52.2,2213.11,0,Bank transfer,0
102109,34,Female,East,20,One year,30.91,29.44,61.7,0,1.76,22.31,437.65,0,Credit card,0
102110,34,Male,North,36,Month-to-month,36.07,35.26,123.2,1,0.85,33.84,1270.43,1,Credit card,0
102111,56,Female,North,18,One year,30.08,26.87,82.0,0,0.9,89.63,1646.82,1,Digital wallet,0
102112,70,Male,West,57,Month-to-month,32.86,32.79,48.0,0,,72.96,3934.46,0,Credit card,0
102113,69,Male,East,2,One year,61.22,69.37,56.1,1,1.24,40.56,74.74,1,Bank transfer,0
102114,60,Male,North,15,Month-to-month,25.59,23.54,163.4,0,1.43,105.06,1477.63,0,Bank transfer,0
102115,29,Female,West,41,Two year,21.82,23.03,229.7,0,0.91,57.04,2246.69,0,Bank transfer,1
102116,72,Male,East,60,Month-to-month,31.98,27.55,86.4,0,4.05,56.03,3071.1,0,Bank transfer,0
102117,48,Male,South,29,Month-to-month,27.44,28.63,49.1,0,1.42,57.68,1572.46,0,Digital wallet,0
102118,49,Male,South,5,Two year,14.18,16.04,127.0,0,3.1,461.0835191877743,493.03,0,Credit card,0
102119,57,Female,East,40,One year,19.38,18.12,272.4,1,2.31,45.86,1809.87,0,Credit card,0
102120,61,Male,South,20,Month-to-month,50.5,55.3,115.1,1,3.02,97.02,1757.61,1,Digital wallet,1
102121,72,Female,East,22,Month-to-month,25.77,22.55,121.0,0,2.11,79.08,1568.14,0,Credit card,1
102122,51,Female,East,66,One year,25.08,24.01,98.8,0,3.66,99.14,6266.46,0,Bank transfer,0
102123,52,Female,North,67,Two year,25.68,21.88,142.1,1,3.42,84.14,5109.24,0,Credit card,0
102124,60,Female,West,19,Month-to-month,20.91,20.0,121.1,0,4.31,73.8,1326.61,0,Bank transfer,1
102125,32,Male,South,42,Two year,48.93,46.14,27.0,1,1.51,82.41,3234.51,0,Credit card,0
102126,35,Male,South,39,Month-to-month,71.21,28.15,139.9,1,1.23,67.34,2553.95,2,Bank transfer,1
102127,53,Female,East,69,One year,25.83,27.32,115.8,0,1.92,47.37,3214.14,2,Bank transfer,1
102128,21,Male,East,68,Month-to-month,29.74,15.73,52.3,1,2.67,81.54,5558.96,0,Mailed check,0
102129,36,Male,South,25,Month-to-month,34.95,32.8,69.5,0,3.29,63.21,1522.67,0,Credit card,0
102130,58,Male,East,2,Two year,16.06,17.61,36.9,1,1.56,96.58,191.22,0,Credit card,0
102131,73,Female,West,1,Month-to-month,7.07,6.63,152.8,0,2.8,95.69,94.97,1,Credit card,1
102132,47,Female,West,1,Two year,60.4,41.24,176.2,1,2.23,79.6,75.59,1,Credit card,0
102133,40,Male,West,56,Month-to-month,25.4,23.29,127.4,0,2.1,89.79,4746.09,0,Digital wallet,0
102134,43,Female,North,53,Month-to-month,20.73,20.7,84.1,0,2.49,77.33,4098.83,1,Credit card,0
102135,57,Female,South,59,Two year,40.33,17.47,108.1,1,4.75,77.56,4273.48,0,Credit card,0
102136,49,Female,East,10,One year,23.31,24.41,125.5,1,3.69,49.18,447.17,1,Credit card,1
102137,19,Female,North,5,Month-to-month,19.73,11.63,124.1,0,4.07,71.34,323.9,0,Credit card,0
102138,48,Female,West,13,One year,9.25,6.34,161.7,1,3.04,76.13,940.47,1,Bank transfer,1
102139,40,Male,South,45,Month-to-month,5.42,3.23,71.6,0,5.14,74.2,3494.34,0,Credit card,1
102140,57,Female,North,1,Two year,19.96,22.28,115.6,0,3.83,71.82,69.96,0,Digital wallet,0
102141,67,Male,North,47,Month-to-month,18.03,19.73,,0,0.36,70.28,3128.57,1,Mailed check,0
102142,72,Male,North,64,Month-to-month,10.46,10.53,152.9,0,3.59,117.03,7492.42,0,Credit card,0
102143,52,Female,South,11,Month-to-month,28.33,32.39,64.6,0,3.01,68.39,693.07,0,Credit card,0
102144,38,Female,East,53,One year,42.36,10.18,292.0,0,3.43,83.59,4564.65,1,Credit card,0
102145,43,Male,East,40,Two year,44.88,13.31,109.6,1,0.25,65.8,2761.48,0,Bank transfer,0
102146,28,Female,North,68,Two year,45.16,42.4,83.5,1,0.3,73.54,4968.48,1,Bank transfer,0
102147,71,Male,North,18,Month-to-month,21.36,24.56,73.6,0,2.36,43.92,725.74,0,Credit card,0
102148,66,Male,West,17,Month-to-month,35.65,12.39,108.5,0,0.1,50.77,896.54,0,Credit card,1
102149,66,Male,North,2,Month-to-month,26.51,25.6,254.9,0,3.55,53.19,97.51,1,Digital wallet,1
102150,36,Female,South,51,Two year,20.77,19.29,53.6,0,2.72,30.49,1430.49,1,Bank transfer,0
102151,36,Male,South,62,Month-to-month,16.67,9.05,154.5,0,5.42,68.54,4281.76,1,Credit card,0
102152,66,Male,East,2,One year,13.5,13.02,62.3,1,3.06,43.16,87.07,0,Digital wallet,0
102153,49,Female,West,35,Month-to-month,27.83,28.54,48.1,2,3.54,38.61,1262.02,0,Credit card,1
102154,58,Male,East,52,Two year,49.98,49.59,136.2,0,3.37,119.36,6223.21,1,Digital wallet,0
102155,45,Female,West,56,Month-to-month,23.18,12.42,85.3,1,2.62,94.43,5494.56,0,Digital wallet,1
102156,43,Male,West,67,Month-to-month,24.19,20.93,104.0,1,,117.03,8038.08,0,Credit card,1
102157,54,Male,North,52,Two year,10.15,9.71,129.6,1,2.42,64.16,3135.47,1,Credit card,1
102158,64,Female,North,66,Two year,43.65,43.55,254.9,0,,58.45,3671.35,0,Bank transfer,0
102159,37,Male,South,71,One year,12.17,12.76,151.5,2,4.18,76.04,5648.99,1,Digital wallet,0
102160,64,Male,South,66,One year,26.61,30.22,85.1,1,4.2,75.79,4850.09,0,Bank transfer,0
102161,31,Male,East,32,One year,16.77,19.06,161.8,0,3.8,57.83,1903.81,1,Bank transfer,0
102162,40,Male,North,29,Month-to-month,25.62,25.73,43.4,0,2.63,47.44,1244.63,1,Credit card,1
102163,70,Male,North,31,Month-to-month,28.78,29.38,94.1,2,2.3,81.36,2282.26,0,Credit card,0
102164,72,Male,South,68,One year,29.67,31.43,77.3,0,0.8,26.92,1693.2,0,Credit card,0
102165,70,Female,East,21,One year,47.63,12.79,322.0,0,0.62,81.07,1601.81,0,Bank transfer,0
102166,36,Male,East,54,Month-to-month,7.62,8.39,61.4,2,1.61,59.03,3291.78,0,Bank transfer,0
102167,66,Male,West,45,Month-to-month,43.69,18.55,150.6,1,2.8,85.97,3564.96,0,Credit card,0
102168,71,Male,North,5,One year,28.51,30.61,74.2,0,3.06,93.35,477.56,1,Mailed check,0
102169,73,Female,South,35,Month-to-month,50.83,54.2,58.8,0,1.73,80.84,2839.97,0,Credit card,1
102170,19,Female,West,14,One year,31.37,30.87,66.5,1,0.54,37.31,506.89,1,Digital wallet,0
102171,60,Female,East,52,One year,9.7,10.77,114.5,3,1.5,28.9,1470.76,0,Mailed check,0
102172,74,Male,East,32,Month-to-month,22.33,23.42,101.1,0,2.32,26.95,851.21,0,Bank transfer,0
102173,61,Female,,26,Month-to-month,43.78,39.3,84.7,0,0.16,53.81,1323.03,0,Digital wallet,0
102174,31,Male,North,5,Month-to-month,49.29,50.74,180.3,0,2.77,29.19,148.8,2,Bank transfer,0
102175,61,Female,West,10,Month-to-month,28.93,27.29,90.3,1,4.92,64.6,597.66,1,Credit card,1
102176,23,Male,East,55,One year,24.82,10.2,172.1,0,1.3,43.29,2202.34,2,Credit card,0
102177,45,Male,East,62,One year,36.19,19.72,105.5,0,5.68,51.3,3157.19,0,Bank transfer,0
102178,53,Female,South,21,Two year,47.59,43.35,52.5,1,1.44,65.28,1299.66,0,Credit card,0
102179,44,Male,South,59,Month-to-month,22.07,23.06,112.0,0,2.17,75.22,4003.45,1,Digital wallet,0
102180,57,Male,North,40,One year,39.59,41.28,111.3,0,3.22,45.39,1809.08,0,Credit card,0
102181,31,Male,West,25,Month-to-month,61.21,20.23,359.5,0,2.43,54.63,1394.14,0,Credit card,1
102182,52,Female,South,33,Two year,82.27,26.24,,1,0.1,74.12,2445.23,0,Digital wallet,1
102183,54,Female,North,50,Month-to-month,47.03,23.44,238.5,1,2.88,62.16,3018.29,0,Bank transfer,1
102184,54,Female,South,65,One year,26.31,29.9,101.0,0,2.62,61.42,4006.77,0,Bank transfer,0
102185,34,Female,West,35,Month-to-month,17.32,19.79,73.5,0,2.11,82.28,2781.87,0,Credit card,0
102186,35,Male,South,25,Month-to-month,39.55,38.47,91.4,0,2.61,42.76,1065.3,1,Bank transfer,1
102187,32,Male,South,55,Two year,51.21,46.27,88.1,0,3.16,85.91,4548.06,0,Credit card,0
102188,44,Male,East,38,Month-to-month,28.18,25.14,175.2,1,1.17,122.27,4691.05,1,Digital wallet,1
102189,51,Male,West,28,Month-to-month,55.79,63.73,76.5,2,3.3,72.19,2108.72,0,Credit card,1
102190,38,Male,East,33,One year,43.92,10.6,163.1,1,1.59,53.95,1801.6,0,Digital wallet,0
102191,41,Male,West,39,Month-to-month,26.73,25.89,190.6,0,4.8,28.94,1116.75,0,Bank transfer,0
102192,34,Male,North,10,Month-to-month,35.31,33.65,142.0,1,4.06,52.69,485.74,0,Credit card,0
102193,30,Female,West,5,Month-to-month,16.11,8.61,45.8,2,1.01,74.16,338.74,0,Mailed check,1
102194,55,Male,West,48,Month-to-month,28.87,12.12,136.6,2,4.34,62.15,2692.46,0,Digital wallet,1
102195,64,Female,South,13,Two year,39.09,40.51,42.4,1,3.11,63.71,806.68,1,Credit card,0
102196,34,Male,East,38,One year,25.08,21.75,109.8,1,3.3,62.3,2227.08,0,Credit card,0
102197,67,Female,North,56,Month-to-month,16.55,17.28,92.9,0,2.23,52.63,2727.55,1,Credit card,0
102198,50,Female,South,16,Month-to-month,45.19,21.16,146.4,0,1.99,63.59,955.15,0,Bank transfer,1
102199,27,Female,North,28,Two year,36.76,40.9,81.4,1,2.09,44.81,1310.84,0,Bank transfer,0
102200,38,Male,North,70,Two year,27.8,29.67,75.4,0,1.07,67.48,4408.3,0,Bank transfer,0
102201,18,Male,West,3,Month-to-month,53.47,52.15,82.2,0,0.1,68.91,202.43,1,Mailed check,0
102202,20,Female,,54,One year,41.5,24.94,86.3,0,1.54,99.95,5651.66,0,Bank transfer,0
102203,37,Female,East,12,Month-to-month,0.0,0.0,41.7,1,1.54,45.79,505.69,0,Bank transfer,0
102204,43,Male,South,65,Month-to-month,35.18,32.45,,1,0.87,83.35,5072.48,1,Mailed check,0
102205,63,Female,South,30,Two year,32.51,30.22,89.7,3,3.37,86.18,2555.87,1,Credit card,0
102206,25,Male,South,1,Two year,27.02,7.85,163.3,1,2.87,58.74,59.27,0,Mailed check,0
102207,65,Male,South,51,Month-to-month,6.01,1.83,134.1,0,1.61,48.33,2533.82,0,Credit card,1
102208,31,Male,East,11,Two year,21.84,21.09,92.3,0,2.03,98.41,1081.59,0,Digital wallet,0
102209,25,Female,West,26,One year,11.09,9.87,78.9,1,2.83,32.48,763.53,0,Digital wallet,0
102210,57,Female,South,36,One year,82.33,84.2,39.4,2,1.41,44.68,1499.77,0,Digital wallet,0
102211,62,Male,West,53,One year,32.55,31.24,70.6,0,0.1,38.2,1988.61,1,Credit card,0
102212,52,Female,East,30,Month-to-month,39.3,39.26,46.8,0,4.29,48.11,1325.79,0,Bank transfer,0
102213,24,Female,East,61,Two year,10.92,10.22,56.0,0,2.33,59.11,3318.11,1,Credit card,0
102214,24,Male,North,35,Month-to-month,8.31,8.2,161.0,0,2.91,102.08,3650.94,0,Digital wallet,0
102215,40,Female,North,25,Month-to-month,18.04,11.74,79.6,0,2.76,54.47,1379.3,0,Credit card,0
102216,43,Female,West,24,Month-to-month,18.72,10.68,65.0,0,0.34,117.59,2625.0,0,Digital wallet,0
102217,74,Female,East,57,Two year,41.14,43.76,81.5,0,1.47,87.51,4858.3,1,Bank transfer,0
102218,34,Male,South,48,Month-to-month,20.2,17.71,46.5,0,2.48,52.4,2633.1,0,Bank transfer,0
102219,28,Female,West,10,Month-to-month,74.13,24.56,50.8,1,2.2,52.68,520.85,0,Credit card,0
102220,71,Male,South,54,One year,52.5,52.66,172.9,2,0.8,69.9,,0,Bank transfer,0
102221,26,Male,West,30,Month-to-month,57.12,59.14,226.6,1,3.01,66.91,2003.53,1,Digital wallet,1
102222,19,Female,South,25,Month-to-month,32.46,34.09,102.0,0,3.35,35.89,863.95,1,Bank transfer,1
102223,42,Female,West,7,Month-to-month,28.32,31.91,29.3,0,1.93,46.74,334.56,1,Bank transfer,1
102224,40,Female,North,71,One year,55.4,31.04,218.2,0,4.0,26.32,1703.78,2,Bank transfer,1
102225,53,Female,North,4,Month-to-month,28.08,12.04,279.8,0,3.3,108.96,431.87,0,Credit card,1
102226,68,Female,East,71,Month-to-month,31.5,34.16,123.0,0,3.08,68.49,4676.83,0,Credit card,0
102227,71,Female,North,5,Month-to-month,23.62,25.31,67.9,2,1.75,57.21,295.01,1,Digital wallet,1
102228,34,Male,West,36,Two year,39.0,43.3,163.2,0,2.25,48.26,1725.0,2,Bank transfer,0
102229,73,Female,East,8,One year,10.83,12.18,98.7,0,3.75,51.06,384.3,0,Digital wallet,0
102230,54,Male,North,35,Month-to-month,22.39,24.67,152.9,0,0.33,28.35,1006.63,0,Digital wallet,0
102231,21,Male,North,60,Two year,33.42,34.56,35.2,1,0.42,69.08,3976.05,0,Digital wallet,0
102232,71,Female,West,42,Two year,37.52,41.38,76.9,0,1.89,84.41,3603.85,0,Digital wallet,0
102233,25,Female,East,39,One year,49.57,46.99,45.3,1,2.47,104.18,3725.78,0,Credit card,1
102234,51,Male,West,9,Month-to-month,25.93,29.45,56.4,1,2.35,84.82,728.94,0,Bank transfer,1
102235,63,Female,North,68,Month-to-month,34.55,31.16,34.0,0,3.28,83.71,5608.22,1,Bank transfer,1
102236,32,Female,West,27,One year,11.03,5.61,56.7,0,2.86,94.15,2335.67,0,Digital wallet,0
102237,33,Male,South,39,Month-to-month,26.79,15.89,193.6,2,2.53,61.1,2324.8,1,Digital wallet,1
102238,45,Female,East,64,Month-to-month,28.96,26.61,61.4,0,2.05,31.47,2078.98,0,Digital wallet,0
102239,68,Male,South,45,Month-to-month,21.26,19.08,33.4,1,3.73,84.45,3456.68,0,Credit card,1
102240,30,Female,North,53,Month-to-month,63.43,68.7,60.9,1,4.3,47.14,2412.4,0,Bank transfer,0
102241,55,Female,West,14,One year,34.36,33.68,35.4,0,2.06,62.75,895.24,0,Credit card,0
102242,43,Female,West,33,Month-to-month,33.39,35.77,104.6,0,3.08,39.71,1202.71,0,Bank transfer,0
102243,24,Female,South,39,One year,29.47,29.56,62.5,0,2.11,93.84,3321.84,0,Credit card,0
102244,58,Female,West,13,Two year,26.71,25.94,87.3,2,0.69,86.25,1090.47,0,Credit card,1
102245,65,Female,North,28,Month-to-month,39.31,43.99,68.3,0,0.1,29.94,873.42,1,Credit card,1
102246,50,Male,North,60,Month-to-month,41.41,40.57,87.0,0,4.26,67.54,4046.89,0,Bank transfer,0
102247,28,Male,North,67,Month-to-month,27.27,28.24,32.1,3,3.7,91.02,,0,Credit card,0
102248,26,Male,South,59,Month-to-month,26.59,29.45,58.7,1,3.1,61.83,3796.86,1,Mailed check,0
102249,42,Female,North,67,Two year,23.32,21.31,136.5,0,4.0,64.63,4230.19,0,Credit card,0
102250,46,Female,South,71,One year,20.4,19.8,143.7,1,1.3,89.17,5766.32,0,Digital wallet,0
102251,49,Male,North,15,Two year,30.35,6.75,90.3,1,,193.22680446030617,801.62,0,Bank transfer,0
102252,31,Male,East,61,Two year,27.58,24.65,94.5,0,3.02,62.86,3862.62,0,Bank transfer,0
102253,46,Female,West,45,Month-to-month,67.23,68.09,,0,1.85,84.64,3805.59,0,Credit card,0
102254,34,Female,East,61,One year,15.84,17.22,121.1,0,0.1,39.83,2270.1,1,Credit card,0
102255,57,Male,North,46,Month-to-month,64.26,55.68,192.3,0,0.36,47.91,2233.97,1,Bank transfer,0
102256,63,Female,West,9,Month-to-month,20.21,17.54,35.6,0,5.08,22.23,187.3,0,Bank transfer,0
102257,55,Female,North,40,Month-to-month,29.89,15.11,156.4,0,5.03,115.2,4534.74,1,Credit card,0
102258,18,Female,West,54,Month-to-month,35.8,38.39,34.8,0,0.37,67.94,3506.11,1,Digital wallet,1
102259,74,Female,East,9,One year,16.7,17.75,103.2,0,0.1,366.29964470951234,825.79,1,Bank transfer,0
102260,19,Female,South,36,One year,14.27,13.85,31.4,1,4.45,35.18,1269.62,0,Credit card,1
102261,74,Female,North,47,Month-to-month,22.33,21.4,38.8,1,2.38,95.98,4617.82,0,Mailed check,0
102262,19,Female,West,33,Month-to-month,33.05,30.89,55.6,0,1.42,57.64,1792.16,0,Digital wallet,0
102263,47,Female,West,57,One year,46.54,40.42,,0,0.65,99.42,5441.35,1,Bank transfer,0
102264,24,Male,East,10,One year,13.25,4.89,181.1,1,0.64,59.97,560.09,0,Digital wallet,0
102265,23,Male,West,25,One year,30.14,30.26,107.7,0,4.46,37.9,927.64,0,Digital wallet,0
102266,56,Male,West,68,Month-to-month,6.81,3.12,51.4,0,2.87,92.17,5682.59,0,Bank transfer,1
102267,59,Female,North,37,Month-to-month,13.26,13.73,137.0,0,0.1,66.49,2544.19,1,Mailed check,0
102268,24,Male,East,13,One year,54.34,60.3,150.6,1,1.45,35.69,441.19,0,Bank transfer,0
102269,73,Female,South,9,One year,33.37,12.75,124.7,0,,23.88,204.01,0,Credit card,0
102270,36,Male,South,43,Month-to-month,21.92,22.19,114.9,2,2.95,75.38,3117.75,0,Bank transfer,0
102271,36,Male,North,67,Month-to-month,48.99,43.87,115.4,0,0.4,64.31,4089.81,1,Digital wallet,0
102272,34,Male,West,4,Month-to-month,27.48,25.9,49.4,0,1.53,70.15,280.3,0,Bank transfer,0
102273,44,Female,East,8,One year,31.56,34.26,102.5,0,2.34,70.85,589.75,0,Mailed check,0
102274,28,Male,North,27,Month-to-month,10.75,11.13,181.8,1,3.92,61.44,1619.94,0,Digital wallet,0
102275,42,Female,South,15,One year,21.73,23.5,245.6,0,2.35,74.5,1141.44,1,Bank transfer,1
102276,29,Female,South,9,Two year,31.87,31.04,94.3,1,4.57,83.02,709.11,0,Credit card,0
102277,20,Female,East,22,Month-to-month,25.6,22.28,65.6,0,2.89,61.28,1297.57,0,Credit card,0
102278,39,Male,West,46,Month-to-month,24.72,16.57,54.7,3,0.1,77.98,3713.2,1,Mailed check,0
102279,56,Female,South,59,Month-to-month,34.86,38.96,173.8,1,3.3,79.31,4248.36,1,Credit card,0
102280,61,Female,South,22,Month-to-month,32.07,30.62,54.9,0,2.23,91.74,1969.59,1,Credit card,1
102281,38,Male,East,50,Two year,27.87,24.39,85.0,1,1.74,15.0,768.49,2,Bank transfer,0
102282,36,Male,South,59,Two year,29.46,14.69,84.0,0,3.09,54.26,3172.96,1,Bank transfer,0
102283,62,Female,South,1,Month-to-month,21.18,21.73,147.6,1,2.13,78.78,,1,Mailed check,0
102284,56,Female,North,61,Two year,28.65,30.75,120.1,0,2.8,117.39,6509.3,2,Credit card,1
102285,65,Male,North,14,Month-to-month,11.68,11.6,278.7,2,1.71,94.53,1366.09,1,Digital wallet,1
102286,69,Male,South,49,One year,22.96,23.74,118.1,1,1.66,95.06,4475.87,0,Credit card,0
102287,64,Male,West,54,One year,35.5,22.12,177.2,0,4.16,131.43,,0,Bank transfer,0
102288,71,Female,,61,Month-to-month,32.16,31.37,72.7,1,2.67,62.87,3554.86,3,Digital wallet,0
102289,41,Male,North,29,Month-to-month,20.47,22.39,118.6,1,3.11,116.78,3286.49,1,Digital wallet,0
102290,40,Male,East,47,One year,20.87,22.65,183.4,1,1.63,82.08,3712.57,0,Mailed check,0
102291,36,Male,West,2,Month-to-month,29.26,31.19,169.7,1,4.1,40.5,82.39,0,Bank transfer,1
102292,31,Male,South,32,Two year,25.08,8.24,40.3,0,2.81,22.25,650.76,0,Digital wallet,0
102293,60,Male,North,69,Month-to-month,29.03,24.85,50.6,0,1.99,59.34,4076.77,0,Mailed check,0
102294,58,Male,East,12,Month-to-month,24.86,9.51,120.9,1,4.4,81.53,1023.06,0,Bank transfer,0
102295,63,Female,South,11,Two year,36.9,21.9,86.2,0,1.99,58.37,605.76,0,Bank transfer,1
102296,27,Female,East,50,Month-to-month,5.39,5.42,99.5,0,2.77,67.94,3426.4,0,Bank transfer,0
102297,46,Male,North,37,Month-to-month,14.24,15.46,83.7,1,0.7,112.93,3820.28,1,Digital wallet,0
102298,30,Male,North,33,Month-to-month,49.72,45.91,162.3,0,1.56,66.14,2122.56,0,Credit card,1
102299,68,Male,South,18,Month-to-month,14.42,4.57,110.6,1,3.66,114.11,1959.95,0,Digital wallet,1
102300,33,Female,East,13,Month-to-month,29.71,27.56,90.5,0,2.42,84.34,1105.18,0,Digital wallet,0
102301,26,Male,South,53,Month-to-month,23.18,26.0,331.6,0,2.64,91.64,5067.88,1,Bank transfer,0
102302,50,Male,North,26,Month-to-month,62.98,69.43,181.3,1,2.37,59.37,1566.15,0,Credit card,0
102303,68,Female,South,56,Month-to-month,45.48,52.14,204.5,1,2.43,63.16,3284.08,0,Digital wallet,0
102304,70,Male,West,32,Two year,15.09,15.08,47.3,3,1.69,65.43,2141.32,0,Mailed check,0
102305,23,Male,North,29,Two year,60.57,53.74,345.9,0,1.79,62.81,1647.75,3,Credit card,0
102306,36,Male,East,17,Month-to-month,50.03,35.02,321.5,0,2.06,81.27,1384.98,0,Credit card,1
102307,26,Male,East,47,Two year,23.96,20.43,160.4,0,2.06,97.27,4146.73,3,Mailed check,0
102308,35,Female,South,21,Two year,18.25,19.38,,1,3.19,126.57,2727.04,1,Credit card,0
102309,48,Female,West,65,Two year,33.95,37.18,63.2,0,3.14,47.53,3193.56,1,Mailed check,0
102310,33,Male,West,29,One year,33.13,32.41,170.4,1,4.48,64.96,1879.21,0,Bank transfer,0
102311,21,Male,South,58,Month-to-month,13.35,7.08,284.6,0,3.54,89.87,4880.63,1,Bank transfer,0
102312,47,Male,North,34,Month-to-month,28.92,28.27,111.2,1,1.17,66.54,2103.89,0,Credit card,0
102313,21,Female,South,30,Two year,43.93,48.41,50.7,0,1.5,32.61,912.85,1,Credit card,0
102314,30,Male,North,33,Month-to-month,25.85,23.42,101.2,1,3.9,84.87,2651.1,1,Credit card,1
102315,18,Male,South,32,Two year,23.91,15.5,75.2,0,3.49,44.92,1401.93,0,Bank transfer,0
102316,22,Female,West,35,One year,15.58,3.93,,1,4.06,69.9,2221.68,0,Digital wallet,0
102317,42,Male,West,63,Month-to-month,20.19,8.22,33.2,0,2.49,108.02,6916.78,1,Credit card,0
102318,66,Male,South,50,Month-to-month,50.95,44.28,265.6,0,2.11,82.64,4028.19,0,Digital wallet,0
102319,62,Male,South,3,Two year,28.01,31.92,214.8,0,3.01,80.76,238.33,3,Credit card,1
102320,23,Female,North,5,Month-to-month,27.3,27.64,81.6,0,0.44,102.32,510.15,3,Credit card,1
102321,19,Female,South,2,One year,15.16,16.4,18.6,2,2.2,61.89,114.37,2,Credit card,1
102322,37,Female,North,50,Two year,26.87,30.53,133.4,2,5.44,73.56,,2,Digital wallet,0
102323,55,Male,West,15,Month-to-month,39.41,43.08,225.8,0,2.0,60.55,872.21,0,Credit card,0
102324,60,Female,West,28,Month-to-month,20.77,20.57,281.5,0,2.48,84.64,2299.52,0,Credit card,0
102325,64,Female,North,59,Month-to-month,22.38,23.38,132.2,1,2.2,31.71,1852.65,0,Credit card,0
102326,37,Male,East,10,Two year,22.09,22.96,63.8,1,4.75,42.81,400.89,0,Mailed check,0
102327,27,Male,East,11,Month-to-month,32.87,37.07,121.0,1,0.72,65.83,661.05,0,Bank transfer,0
102328,19,Male,West,6,Month-to-month,30.5,27.21,92.9,0,3.51,80.08,462.24,1,Bank transfer,1
102329,26,Female,South,21,Month-to-month,71.0,75.17,84.7,2,1.9,112.59,2182.12,0,Mailed check,1
102330,21,Male,North,7,Month-to-month,44.74,49.61,4.7,1,1.53,42.66,272.25,0,Bank transfer,1
102331,67,Male,East,45,Month-to-month,19.02,18.22,198.4,1,0.1,63.39,2877.53,1,Bank transfer,1
102332,33,Female,North,53,Month-to-month,47.38,50.34,136.4,0,5.07,71.38,3752.61,0,Credit card,0
102333,64,Male,East,14,Two year,15.12,5.56,41.4,0,3.59,36.25,468.83,0,Bank transfer,0
102334,49,Female,North,38,Month-to-month,21.08,19.5,199.6,1,0.51,46.28,1712.5,1,Bank transfer,1
102335,48,Male,East,22,Two year,13.68,11.99,266.1,1,0.61,20.11,458.84,0,Credit card,0
102336,43,Male,West,6,Two year,35.46,30.42,61.1,0,1.53,78.85,490.43,1,Credit card,0
102337,64,Female,North,34,One year,21.6,14.81,133.9,1,3.25,44.88,1474.64,0,Credit card,0
102338,20,Female,South,50,One year,10.98,11.08,,1,2.31,95.68,4962.56,1,Credit card,0
102339,23,Male,East,17,Month-to-month,37.4,32.37,31.0,1,1.13,75.47,1318.01,1,Digital wallet,0
102340,42,Female,North,56,One year,13.72,14.1,120.9,0,2.38,60.19,3095.04,0,Digital wallet,0
102341,40,Female,East,71,Month-to-month,43.81,11.93,165.3,0,4.4,46.24,3092.37,0,Credit card,0
102342,49,Male,East,4,Month-to-month,29.19,28.1,121.4,0,3.39,74.6,280.38,0,Credit card,0
102343,60,Female,South,12,One year,21.99,12.62,,0,0.1,58.64,637.41,0,Bank transfer,0
102344,51,Male,West,21,Month-to-month,45.14,38.46,116.3,1,0.92,78.48,1618.71,1,Digital wallet,0
102345,32,Female,South,61,Month-to-month,17.31,8.92,31.4,0,2.3,93.87,5678.45,0,Bank transfer,0
102346,36,Male,East,11,One year,10.13,9.3,67.5,3,2.7,46.02,459.53,0,Bank transfer,0
102347,60,Male,North,34,Month-to-month,16.1,10.07,186.6,0,4.46,54.17,1823.19,0,Credit card,0
102348,29,Female,North,39,Month-to-month,65.81,70.52,12.7,0,2.48,96.98,3525.94,2,Bank transfer,0
102349,46,Female,North,10,Month-to-month,14.89,14.35,70.4,0,3.31,99.76,937.15,0,Bank transfer,1
102350,48,Male,West,3,Month-to-month,26.65,28.45,118.7,0,0.1,40.87,110.86,1,Credit card,0
102351,60,Female,West,9,Month-to-month,56.55,61.89,187.9,2,1.9,44.02,357.25,0,Credit card,1
102352,58,Male,,4,Month-to-month,25.11,27.35,233.1,0,3.55,43.76,174.88,0,Bank transfer,0
102353,44,Female,North,36,Month-to-month,43.13,45.34,89.9,1,5.33,70.95,2381.63,0,Credit card,0
102354,35,Female,South,67,One year,63.73,68.44,104.5,1,0.49,30.22,2113.57,0,Credit card,0
102355,38,Female,West,26,Two year,29.73,30.35,73.7,0,2.24,65.84,1772.09,0,Credit card,0
102356,41,Female,East,19,One year,27.48,27.19,109.7,0,0.1,64.0,1101.74,0,Credit card,0
102357,30,Female,North,17,Month-to-month,46.41,40.3,46.1,0,2.19,49.64,864.51,0,Credit card,0
102358,53,Female,West,70,One year,9.7,6.68,138.6,0,4.06,67.25,4714.19,2,Digital wallet,0
102359,29,Female,North,69,Two year,23.3,26.63,15.1,0,3.88,67.21,4458.38,0,Mailed check,0
102360,54,Male,North,47,Two year,45.35,49.98,130.6,1,2.43,56.07,2463.29,0,Credit card,1
102361,60,Female,West,33,Month-to-month,16.15,16.98,92.2,0,2.11,107.03,3479.58,0,Bank transfer,0
102362,72,Female,South,12,Month-to-month,5.77,6.02,,0,6.4,54.81,681.67,0,Bank transfer,0
102363,24,Male,South,66,Month-to-month,24.71,25.28,162.9,1,2.17,66.05,3998.57,0,Digital wallet,1
102364,61,Female,East,1,One year,41.64,36.57,82.3,0,1.67,49.94,51.83,0,Credit card,0
102365,22,Female,West,12,Month-to-month,23.67,22.38,156.9,0,1.65,89.25,1073.32,0,Credit card,0
102366,37,Male,North,49,Two year,30.79,18.57,48.8,1,0.3,36.65,1635.76,0,Digital wallet,0
102367,28,Male,West,14,Month-to-month,30.05,9.8,34.5,0,3.16,68.71,937.03,1,Digital wallet,1
102368,27,Male,South,8,One year,96.03,59.27,128.7,0,3.47,42.32,307.69,1,Mailed check,1
102369,27,Female,North,43,Month-to-month,42.11,40.09,32.6,0,3.42,22.13,954.89,0,Credit card,0
102370,20,Female,South,2,Month-to-month,38.01,41.36,245.5,0,3.66,48.27,87.92,0,Bank transfer,1
102371,64,Female,South,20,Month-to-month,11.02,11.37,25.9,0,1.6,49.12,941.87,0,Credit card,0
102372,21,Female,North,46,One year,13.99,6.48,182.1,0,2.25,78.43,3302.82,0,Digital wallet,1
102373,40,Male,South,14,Month-to-month,9.85,9.55,91.9,0,4.23,43.85,640.95,0,Bank transfer,0
102374,57,Female,East,54,Month-to-month,55.3,52.45,141.8,1,1.79,15.0,763.17,0,Credit card,0
102375,74,Male,East,7,One year,15.21,8.01,111.2,1,1.66,15.3,104.37,0,Credit card,0
102376,66,Male,East,44,Two year,27.9,9.49,70.8,2,3.99,69.07,2843.01,0,Bank transfer,0
102377,25,Male,West,6,One year,41.17,45.54,63.4,1,1.3,76.7,452.99,0,Bank transfer,0
102378,74,Female,South,52,One year,28.5,30.95,147.7,2,0.78,69.39,3306.75,0,Digital wallet,0
102379,55,Male,South,54,Month-to-month,21.47,23.49,192.9,0,0.92,54.37,2949.99,0,Mailed check,0
102380,28,Male,South,57,Two year,36.07,21.93,120.5,1,6.55,72.91,3847.96,1,Bank transfer,0
102381,43,Male,East,21,Month-to-month,20.31,19.68,138.7,2,4.01,18.81,412.01,0,Bank transfer,0
102382,70,Male,North,17,Two year,25.97,25.81,115.6,0,3.43,15.0,251.73,1,Bank transfer,0
102383,40,Female,South,70,Two year,34.01,34.75,41.5,1,1.09,28.56,2071.57,1,Bank transfer,0
102384,28,Female,North,52,Month-to-month,20.74,18.82,,0,3.25,60.49,2870.84,0,Credit card,0
102385,67,Female,South,14,Month-to-month,9.5,9.1,232.8,1,5.04,84.54,1119.92,0,Bank transfer,0
102386,72,Female,West,3,One year,59.01,58.85,92.2,0,3.04,39.83,117.47,0,Credit card,1
102387,73,Female,East,26,One year,60.13,63.2,178.2,2,0.84,42.65,1096.22,1,Bank transfer,0
102388,72,Female,South,48,One year,28.2,11.91,79.1,0,3.3,80.78,3956.32,0,Bank transfer,0
102389,67,Male,East,27,Two year,34.99,34.46,58.3,0,2.26,54.55,1329.06,0,Bank transfer,0
102390,43,Female,East,58,Month-to-month,29.78,26.7,78.0,0,2.71,69.52,4057.23,1,Bank transfer,0
102391,28,Female,South,36,Month-to-month,20.28,19.83,153.8,1,1.05,67.47,2387.28,0,Credit card,1
102392,53,Female,South,71,One year,18.69,11.29,62.7,1,1.36,33.84,2507.99,0,Mailed check,0
102393,30,Male,East,62,Month-to-month,10.65,10.75,,0,1.79,109.85,6951.59,0,Bank transfer,1
102394,44,Male,North,34,One year,12.96,13.55,139.8,0,1.33,42.91,1379.09,0,Credit card,0
102395,55,Female,South,60,Two year,21.12,23.36,104.1,4,2.41,112.45,6091.13,0,Digital wallet,0
102396,71,Female,South,32,Month-to-month,24.93,22.93,114.5,1,1.47,78.66,2475.21,1,Credit card,0
102397,34,Male,West,1,Two year,9.18,9.35,116.3,0,4.96,71.82,70.22,0,Credit card,0
102398,32,Female,West,22,Two year,24.17,23.57,61.8,1,,27.74,629.14,0,Digital wallet,0
102399,59,Male,West,30,Month-to-month,38.31,40.45,86.9,0,3.64,73.55,2018.77,1,Bank transfer,0
102400,18,Female,South,70,Two year,16.38,6.77,59.1,0,2.29,62.98,4355.7,1,Credit card,0
102401,50,Male,North,59,One year,9.13,10.15,84.1,1,0.1,59.32,3673.04,0,Bank transfer,0
102402,60,Male,East,11,Month-to-month,34.2,33.96,161.6,0,3.76,32.44,322.5,0,Credit card,0
102403,49,Female,West,1,Month-to-month,27.85,30.72,160.5,0,2.34,86.9,78.92,1,Bank transfer,1
102404,39,Female,West,38,Month-to-month,44.58,37.92,117.3,1,3.12,88.03,3012.17,0,Bank transfer,0
102405,65,Male,West,38,One year,11.76,13.22,101.7,0,2.39,22.21,767.0,0,Credit card,0
102406,39,Male,North,53,Month-to-month,13.71,14.9,134.6,0,0.1,50.0,2474.92,0,Digital wallet,0
102407,58,Female,East,19,Month-to-month,24.74,22.02,,0,1.85,57.83,1097.53,0,Credit card,0
102408,44,Male,West,58,Two year,16.14,16.99,83.6,1,1.26,73.49,4157.86,0,Credit card,0
102409,19,Female,East,30,One year,49.25,25.03,98.7,1,2.81,68.58,1878.23,1,Credit card,0
102410,48,Female,East,24,One year,14.69,14.75,49.8,1,3.19,63.21,1446.28,0,Bank transfer,0
102411,20,Female,South,30,Two year,23.05,26.3,45.7,0,5.73,77.15,2223.9,0,Credit card,0
102412,71,Male,East,68,Month-to-month,70.61,66.47,214.8,0,3.2,111.67,7556.37,1,Credit card,0
102413,52,Male,North,28,Month-to-month,8.9,9.19,153.1,1,1.66,57.62,1515.21,0,Digital wallet,0
102414,39,Female,North,40,One year,33.71,33.94,72.8,0,1.87,90.81,3271.8,0,Mailed check,0
102415,45,Male,West,64,Month-to-month,19.46,17.83,,0,3.27,108.83,6335.92,0,Bank transfer,0
102416,53,Female,West,2,Month-to-month,36.53,39.97,,0,3.77,103.19,187.3,0,Bank transfer,0
102417,32,Male,West,39,One year,31.06,33.32,97.6,0,0.63,81.46,3251.92,1,Digital wallet,0
102418,34,Female,South,51,Month-to-month,36.26,36.74,154.9,1,2.13,81.36,3745.32,0,Bank transfer,1
102419,41,Male,North,65,Month-to-month,47.56,53.9,15.3,0,2.27,75.75,4639.67,0,Digital wallet,0
102420,32,Female,North,5,One year,43.45,49.01,130.6,1,0.1,107.28,510.84,1,Digital wallet,1
102421,61,Female,West,52,One year,26.35,6.63,41.6,0,3.58,55.33,2939.65,0,Mailed check,0
102422,23,Male,East,57,Month-to-month,18.97,20.77,432.2,0,2.84,55.64,3223.3,1,Mailed check,0
102423,65,Male,West,25,Month-to-month,41.93,37.56,175.6,0,2.21,48.52,1221.67,1,Bank transfer,1
102424,37,Male,South,53,Two year,27.54,30.8,37.1,3,2.87,125.99,6656.81,0,Credit card,0
102425,49,Male,East,36,Two year,35.0,8.62,38.2,1,3.48,103.36,3678.86,0,Mailed check,1
102426,26,Male,West,47,Month-to-month,24.8,23.35,66.0,1,5.4,49.92,2447.33,0,Credit card,0
102427,39,Male,North,28,Month-to-month,21.75,22.2,97.4,0,3.48,34.88,879.74,0,Credit card,0
102428,61,Female,West,13,One year,37.22,42.52,63.0,0,0.78,60.04,760.67,0,Credit card,0
102429,33,Female,East,59,Month-to-month,21.66,14.66,68.9,0,6.73,66.77,3936.91,0,Mailed check,0
102430,25,Male,North,16,Month-to-month,67.45,62.01,18.5,1,0.82,71.37,1135.5,0,Digital wallet,1
102431,47,Male,North,14,Month-to-month,79.02,71.91,331.8,1,3.08,26.53,388.83,1,Credit card,1
102432,27,Male,West,63,Month-to-month,72.61,80.28,95.8,0,2.19,46.52,2968.03,0,Credit card,0
102433,35,Female,East,67,Month-to-month,32.41,27.67,252.7,1,2.32,95.38,6322.37,0,Credit card,0
102434,43,Male,West,44,Month-to-month,24.33,21.95,68.4,1,3.07,80.3,3324.29,0,Mailed check,1
102435,50,Male,West,42,Two year,56.96,54.01,307.5,0,3.18,47.53,2064.87,0,Credit card,0
102436,54,Male,South,26,Month-to-month,26.8,28.72,,1,4.57,89.18,2199.13,0,Credit card,0
102437,56,Female,West,44,Month-to-month,43.51,43.25,102.5,2,1.51,89.44,3963.46,0,Digital wallet,0
102438,66,Male,West,44,Month-to-month,40.13,22.6,229.2,1,3.1,120.59,5043.78,0,Credit card,1
102439,21,Female,North,37,Two year,25.92,7.42,38.6,0,3.41,59.6,2181.99,1,Credit card,0
102440,38,Male,West,47,Month-to-month,34.44,33.34,99.3,3,6.03,48.15,2182.62,0,Bank transfer,0
102441,18,Male,South,40,Month-to-month,40.86,45.99,86.4,2,3.25,61.28,2377.69,0,Bank transfer,0
102442,18,Male,South,63,One year,24.42,26.3,176.4,0,0.77,88.15,5339.19,0,Credit card,0
102443,30,Male,South,48,One year,9.56,9.94,25.5,0,4.56,33.66,1645.61,0,Credit card,0
102444,52,Female,West,28,Two year,49.84,47.45,75.1,0,1.84,65.1,1801.8,0,Credit card,1
102445,68,Male,North,47,Month-to-month,72.04,79.79,18.7,0,1.21,65.97,3024.94,1,Digital wallet,0
102446,62,Male,South,17,Month-to-month,27.12,25.11,78.1,1,4.49,98.22,1626.49,1,Mailed check,1
102447,54,Male,East,16,Month-to-month,21.14,10.55,206.1,1,2.7,51.57,800.51,2,Credit card,1
102448,62,Female,North,59,One year,7.61,8.62,78.2,0,2.2,61.33,3697.06,0,Digital wallet,0
102449,27,Male,West,42,Month-to-month,31.88,29.59,57.7,2,5.03,78.07,3196.26,1,Digital wallet,0
102450,65,Female,West,4,Month-to-month,22.41,24.56,151.8,2,1.73,49.62,193.3,0,Digital wallet,0
102451,68,Female,North,26,Month-to-month,11.53,12.97,60.6,0,1.72,45.09,1078.67,0,Mailed check,0
102452,23,Female,North,70,Two year,41.29,37.9,190.8,0,3.24,111.81,7332.12,1,Mailed check,0
102453,44,Female,West,46,Month-to-month,39.72,36.5,246.8,0,0.1,78.94,3708.89,0,Credit card,1
102454,65,Female,North,62,Month-to-month,18.13,15.84,106.5,0,2.74,95.39,6054.41,0,Credit card,0
102455,45,Male,North,39,Two year,62.93,37.17,136.3,1,2.62,83.16,3089.43,0,Bank transfer,0
102456,65,Female,West,4,One year,27.17,25.87,200.6,1,1.22,62.07,230.8,0,Digital wallet,0
102457,71,Female,West,13,One year,23.35,23.35,,0,2.47,49.86,660.18,0,Credit card,0
102458,45,Male,East,7,One year,33.83,16.89,32.2,1,2.89,50.89,369.51,0,Bank transfer,1
102459,21,Male,East,53,Month-to-month,49.69,43.52,212.6,0,2.44,46.63,2483.89,0,Credit card,1
102460,37,Female,West,54,Two year,38.01,16.13,137.9,0,3.72,46.75,2415.28,1,Bank transfer,0
102461,30,Female,East,33,Month-to-month,10.11,9.04,83.0,0,2.9,45.5,1462.55,0,Bank transfer,0
102462,45,Female,East,52,Two year,36.99,36.13,41.7,1,2.25,84.51,4532.91,0,Digital wallet,1
102463,51,Male,West,40,Month-to-month,46.74,42.25,78.2,2,3.55,40.99,1512.98,0,Digital wallet,1
102464,44,Male,East,53,One year,12.84,7.93,122.7,0,2.9,99.82,4799.21,0,Mailed check,1
102465,29,Female,South,48,Month-to-month,39.14,42.35,132.1,1,7.0,83.85,,0,Credit card,0
102466,35,Male,South,33,Month-to-month,35.52,33.63,162.5,0,4.03,81.82,2661.85,1,Bank transfer,0
102467,56,Female,South,47,Month-to-month,9.42,8.13,220.6,1,1.71,70.95,3320.27,0,Bank transfer,1
102468,19,Female,South,23,One year,23.78,5.36,157.4,0,0.1,75.42,1597.13,0,Bank transfer,0
102469,30,Male,South,54,Month-to-month,16.43,14.73,103.1,0,1.48,54.43,2965.57,0,Bank transfer,1
102470,68,Female,South,65,Two year,23.47,22.11,68.9,0,0.1,43.92,2810.68,0,Credit card,0
102471,23,Male,West,15,Month-to-month,27.5,24.58,55.6,0,3.5,53.88,768.16,1,Bank transfer,0
102472,41,Male,South,48,One year,37.37,19.31,170.7,1,2.06,32.21,1546.81,0,Mailed check,0
102473,29,Male,North,8,One year,45.6,41.71,99.0,1,1.35,76.46,634.75,0,Digital wallet,0
102474,23,Female,North,27,Month-to-month,35.44,32.32,47.9,0,3.4,40.03,1121.85,0,Bank transfer,0
102475,42,Female,North,48,One year,15.56,6.79,132.7,1,1.95,81.3,3532.64,0,Bank transfer,0
102476,47,Male,West,20,One year,42.53,41.49,128.5,0,3.09,82.0,1498.69,0,Credit card,0
102477,28,Female,South,17,One year,38.48,38.76,324.9,1,2.1,71.49,1193.38,0,Bank transfer,0
102478,22,Female,North,28,One year,32.81,34.02,20.1,0,2.62,52.34,1456.72,0,Bank transfer,0
102479,25,Female,West,9,One year,34.39,38.62,34.1,0,4.44,43.85,410.47,1,Credit card,0
102480,55,Female,North,45,Month-to-month,36.82,38.9,21.9,0,3.87,46.85,2092.28,0,Mailed check,1
102481,67,Female,North,10,Month-to-month,26.6,24.2,57.6,1,4.65,41.9,427.25,1,Credit card,0
102482,28,Female,West,24,Month-to-month,34.74,34.21,97.7,0,3.02,64.71,1562.51,0,Credit card,0
102483,36,Female,East,23,One year,15.82,8.29,82.7,1,0.1,62.25,1381.68,0,Bank transfer,0
102484,37,Male,West,69,Two year,22.95,24.53,,1,1.47,112.66,7387.97,0,Mailed check,0
102485,38,Male,West,71,Month-to-month,71.99,73.18,84.7,0,0.1,111.45,7879.72,0,Credit card,0
102486,31,Male,West,6,Month-to-month,20.03,6.92,24.2,1,3.88,103.18,617.11,0,Bank transfer,1
102487,21,Female,North,12,Month-to-month,49.61,44.69,294.7,2,2.52,60.02,686.67,0,Credit card,1
102488,47,Female,West,52,One year,22.02,6.19,171.4,0,,29.63,1457.51,0,Credit card,0
102489,38,Female,East,22,One year,39.58,43.0,165.5,0,4.06,69.61,1404.06,0,Credit card,0
102490,37,Male,North,46,One year,16.97,15.43,41.7,0,2.31,58.82,2473.81,3,Digital wallet,0
102491,33,Male,West,66,One year,15.53,14.81,109.8,0,5.12,65.96,3975.21,1,Credit card,0
102492,70,Male,South,12,One year,48.34,33.22,208.7,0,3.94,75.8,914.12,0,Bank transfer,0
102493,52,Female,West,69,Month-to-month,7.67,8.21,186.1,2,2.62,82.59,5583.77,0,Digital wallet,0
102494,41,Male,East,4,Month-to-month,19.22,21.92,61.3,0,3.15,20.55,84.77,0,Bank transfer,0
102495,29,Male,South,17,Month-to-month,52.03,58.12,98.0,0,4.62,97.39,1518.13,0,Credit card,1
102496,63,Female,North,37,Two year,50.15,31.7,186.6,1,3.17,88.94,3454.87,0,Mailed check,0
102497,68,Male,West,63,One year,17.36,11.36,110.2,1,1.5,50.66,3089.01,0,Credit card,0
102498,19,Female,East,40,Month-to-month,22.36,25.51,81.6,1,0.74,87.24,3552.4,0,Credit card,0
102499,70,Female,North,10,Month-to-month,62.64,60.7,46.6,0,2.1,58.71,548.61,2,Digital wallet,1
102500,57,Male,North,18,Month-to-month,13.19,12.93,97.9,0,,65.87,1123.76,1,Credit card,1
102501,23,Male,West,55,Two year,37.81,33.99,223.2,1,2.81,61.32,3097.09,0,Bank transfer,0
102502,60,Male,North,40,Month-to-month,52.58,30.73,206.3,0,1.73,46.9,1787.71,3,Credit card,0
102503,24,Male,East,1,One year,30.88,30.63,126.5,0,1.92,33.62,32.14,0,Credit card,0
102504,20,Male,East,36,Month-to-month,55.14,59.78,117.7,1,4.32,133.34,4554.04,1,Bank transfer,0
102505,24,Male,North,29,One year,19.8,17.24,159.9,0,4.98,80.71,2424.9,1,Bank transfer,0
102506,44,Male,East,1,One year,14.94,14.13,3.9,0,1.33,68.46,70.34,1,Bank transfer,0
102507,53,Female,North,18,Month-to-month,38.08,42.95,120.2,0,1.96,110.31,1818.7,0,Mailed check,0
102508,41,Male,West,67,One year,47.18,42.69,120.1,1,2.16,22.96,1474.91,0,Mailed check,0
102509,24,Female,West,50,Month-to-month,32.56,7.57,33.4,0,2.97,58.87,2788.66,1,Credit card,1
102510,29,Female,North,6,Two year,20.47,19.22,49.5,2,3.02,49.59,309.31,0,Digital wallet,0
102511,66,Male,South,2,Month-to-month,85.06,96.16,148.4,0,1.74,52.67,104.32,0,Bank transfer,0
102512,72,Female,South,25,One year,14.84,14.15,112.9,2,3.26,65.77,1699.36,0,Bank transfer,0
102513,60,Male,West,34,Month-to-month,30.01,32.99,104.1,0,1.81,54.05,1768.01,1,Digital wallet,0
102514,23,Female,South,33,One year,53.7,27.6,80.8,0,1.94,20.49,671.3,0,Digital wallet,0
102515,64,Male,East,50,Month-to-month,26.97,25.24,,2,1.14,39.62,1824.11,0,Digital wallet,0
102516,57,Female,West,13,One year,37.41,34.69,150.8,1,,41.99,500.85,1,Credit card,1
102517,47,Female,North,4,Month-to-month,17.09,15.49,134.6,0,3.86,53.89,213.82,1,Credit card,1
102518,26,Female,East,48,Month-to-month,43.15,37.49,46.9,0,3.02,41.16,1945.21,1,Bank transfer,0
102519,74,Male,North,64,Two year,14.48,5.66,134.4,2,3.49,60.55,4007.02,0,Bank transfer,0
102520,43,Female,East,12,Month-to-month,25.75,25.09,367.8,1,4.16,61.33,738.19,0,Digital wallet,1
102521,20,Female,South,26,Month-to-month,6.76,7.19,27.5,0,3.63,15.0,363.45,0,Digital wallet,0
102522,29,Female,West,45,One year,39.02,14.33,170.4,0,3.59,38.18,1680.53,1,Bank transfer,0
102523,40,Female,South,12,Month-to-month,37.44,37.5,104.3,0,1.86,70.41,765.78,0,Credit card,1
102524,21,Male,North,62,Two year,32.0,31.11,102.8,1,0.25,62.22,3850.9,0,Bank transfer,1
102525,36,Male,West,17,Month-to-month,47.26,15.34,195.6,1,1.31,21.06,328.79,0,Credit card,0
102526,44,Female,West,38,Two year,40.25,36.68,60.7,0,5.79,85.12,3112.65,2,Credit card,0
102527,72,Female,East,25,Two year,9.15,9.65,80.6,3,2.14,80.18,1815.63,0,Digital wallet,0
102528,22,Female,East,48,Month-to-month,52.03,48.17,90.7,0,4.9,123.24,5915.55,1,Credit card,0
102529,50,Female,North,15,Month-to-month,38.44,33.04,57.5,0,3.31,109.09,1640.62,0,Credit card,0
102530,70,Female,East,7,One year,19.84,22.6,88.5,0,2.46,43.67,281.82,0,Credit card,0
102531,63,Female,North,37,One year,26.6,30.13,62.7,0,1.15,61.81,2118.44,1,Credit card,0
102532,70,Male,North,62,Month-to-month,23.83,21.79,106.4,0,1.45,65.79,3868.4,0,Credit card,0
102533,27,Male,West,45,Month-to-month,81.73,23.73,173.5,0,2.3,96.88,4574.45,1,Credit card,0
102534,63,Male,East,54,Month-to-month,11.64,10.73,55.8,0,2.3,57.85,3226.99,1,Bank transfer,1
102535,73,Female,North,31,One year,18.71,19.16,114.7,0,3.32,98.64,2964.59,0,Digital wallet,0
102536,36,Female,North,10,One year,24.7,6.66,100.6,0,1.48,72.09,736.03,3,Mailed check,1
102537,46,Female,West,31,Month-to-month,29.66,29.02,98.1,0,1.54,45.04,1257.46,1,Credit card,0
102538,48,Male,North,71,Month-to-month,21.51,24.02,53.3,1,3.81,35.52,2313.82,0,Credit card,0
102539,46,Female,North,56,One year,26.4,25.82,197.1,1,5.35,90.44,5111.58,0,Credit card,0
102540,34,Female,North,50,Two year,37.17,33.11,197.1,0,2.63,89.19,4612.6,0,Bank transfer,1
102541,73,Female,North,22,Month-to-month,25.94,26.31,96.5,2,3.17,92.35,1863.56,0,Bank transfer,1
102542,72,Male,South,43,Month-to-month,23.02,20.35,164.1,0,2.28,15.0,656.34,0,Digital wallet,1
102543,39,Male,West,45,Month-to-month,64.99,63.96,68.7,1,2.4,61.75,2525.59,0,Credit card,1
102544,63,Male,South,47,One year,5.63,5.76,175.1,0,2.18,96.34,4311.93,0,Digital wallet,0
102545,40,Female,South,64,Month-to-month,49.12,55.68,55.0,0,1.98,29.24,1899.54,0,Bank transfer,1
102546,63,Female,East,49,Month-to-month,51.46,13.41,49.1,0,3.33,79.21,3771.72,0,Digital wallet,0
102547,51,Female,East,16,One year,13.9,13.04,109.5,1,3.43,51.16,828.14,0,Credit card,1
102548,44,Male,East,16,Month-to-month,70.67,73.84,270.0,0,2.13,41.47,625.39,0,Credit card,0
102549,25,Male,East,45,Month-to-month,23.64,13.14,46.4,0,1.64,46.82,2107.63,0,Credit card,0
102550,55,Female,East,62,Month-to-month,51.54,43.81,28.9,0,1.78,104.5,6598.35,0,Bank transfer,0
102551,36,Male,,68,Month-to-month,28.51,18.97,173.4,1,3.48,87.39,5525.38,0,Credit card,1
102552,30,Female,,44,Month-to-month,6.59,2.57,113.2,0,1.3,62.07,2534.2,0,Mailed check,0
102553,29,Male,East,38,Month-to-month,25.02,27.81,120.7,1,0.97,120.02,4135.48,0,Digital wallet,0
102554,73,Female,West,58,Month-to-month,53.04,13.42,82.5,0,2.92,20.21,1122.16,0,Mailed check,0
102555,23,Female,North,70,Month-to-month,50.46,47.69,142.8,0,2.4,49.0,3094.19,0,Digital wallet,0
102556,63,Female,East,2,Two year,32.42,10.07,164.4,0,2.29,105.0,,0,Credit card,0
102557,67,Male,East,23,Two year,11.35,10.47,38.8,0,3.75,60.51,1310.48,0,Bank transfer,0
102558,19,Female,North,24,Month-to-month,55.36,48.76,33.2,0,2.42,59.82,1505.11,0,Bank transfer,0
102559,51,Female,West,41,One year,19.46,21.12,50.4,1,1.52,61.97,2618.99,0,Digital wallet,0
102560,50,Female,South,21,Month-to-month,30.59,26.52,66.8,1,2.76,53.56,1105.02,0,Bank transfer,0
102561,38,Male,North,23,Two year,40.76,42.2,91.5,0,1.52,88.21,2099.57,0,Credit card,0
102562,56,Female,West,2,Two year,38.64,36.5,,0,3.83,44.36,92.66,0,Credit card,0
102563,41,Male,North,1,One year,34.84,19.98,150.7,1,2.53,132.22,130.9,0,Credit card,1
102564,43,Male,South,32,One year,15.4,16.37,66.5,1,0.96,29.64,904.55,1,Credit card,0
102565,42,Female,South,71,Month-to-month,20.44,23.29,168.7,1,2.73,107.3,7865.23,1,Digital wallet,0
102566,63,Female,West,21,Month-to-month,13.24,4.95,112.8,0,1.31,85.63,,0,Credit card,1
102567,54,Male,South,18,Month-to-month,37.08,19.71,124.3,0,4.04,47.94,819.09,0,Credit card,0
102568,39,Male,East,19,Month-to-month,43.03,40.13,38.7,0,2.35,71.43,1353.76,1,Mailed check,1
102569,70,Female,West,70,One year,22.07,6.68,57.4,0,3.44,86.12,5455.28,0,Credit card,0
102570,63,Female,East,48,Month-to-month,41.91,43.41,79.2,1,1.57,80.65,3552.22,0,Credit card,0
102571,71,Male,,47,Month-to-month,48.62,46.73,440.4,0,2.21,17.46,806.82,0,Credit card,0
102572,59,Female,West,14,One year,53.91,54.06,166.5,1,3.12,74.66,962.53,0,Digital wallet,0
102573,40,Female,South,65,One year,37.16,32.52,95.0,0,2.26,30.29,2024.84,0,Credit card,1
102574,62,Female,West,14,One year,34.8,31.72,70.3,0,1.16,91.2,1316.48,2,Credit card,0
102575,36,Male,South,69,Month-to-month,25.34,27.58,277.8,0,3.58,91.75,6184.7,2,Digital wallet,0
102576,33,Female,North,68,Two year,34.54,32.93,116.8,1,2.92,30.77,1912.12,1,Bank transfer,0
102577,43,Female,North,41,Month-to-month,50.2,42.69,58.5,0,0.89,15.59,602.13,0,Mailed check,1
102578,73,Female,East,62,One year,25.32,23.96,,0,1.96,57.38,3513.32,0,Digital wallet,0
102579,50,Female,North,71,Month-to-month,17.63,18.53,137.3,1,1.27,58.97,3802.72,1,Credit card,0
102580,39,Male,East,42,Month-to-month,43.6,49.77,94.5,2,1.77,65.2,2610.03,0,Credit card,0
102581,44,Male,South,55,Two year,8.48,4.91,188.7,2,1.82,75.53,3850.08,2,Bank transfer,1
102582,34,Male,South,42,Month-to-month,11.03,12.21,45.6,0,2.14,61.13,2532.63,0,Bank transfer,0
102583,55,Male,North,38,Month-to-month,50.8,54.72,170.0,0,0.37,67.59,2647.55,0,Bank transfer,0
102584,37,Male,West,24,Month-to-month,59.6,67.27,178.7,0,1.88,44.16,1096.75,0,Bank transfer,0
102585,49,Male,South,47,Two year,51.95,54.44,212.7,1,,39.31,1689.89,0,Mailed check,0
102586,39,Female,North,19,Two year,30.4,16.04,63.5,0,5.09,80.09,1391.15,1,Bank transfer,0
102587,36,Female,South,14,Month-to-month,18.66,18.77,170.3,0,0.79,77.99,1101.56,0,Credit card,1
102588,73,Female,South,20,One year,10.98,11.11,81.0,2,4.12,56.06,1010.12,0,Digital wallet,1
102589,37,Female,East,1,Month-to-month,31.18,35.33,53.8,0,5.85,38.68,37.7,0,Digital wallet,0
102590,22,Male,South,67,One year,19.47,6.06,96.0,1,2.21,103.81,6948.3,0,Credit card,1
102591,39,Male,North,19,Month-to-month,61.08,51.95,21.6,0,3.27,107.77,1962.22,1,Digital wallet,1
102592,48,Male,West,57,Month-to-month,63.17,63.46,124.1,0,4.02,93.48,5136.62,1,Digital wallet,1
102593,23,Male,South,31,One year,17.03,18.41,98.3,2,1.85,80.82,2420.24,0,Credit card,0
102594,35,Male,North,25,Two year,28.25,24.33,36.2,1,3.93,37.76,891.5,1,Credit card,0
102595,27,Female,West,17,Month-to-month,44.3,48.6,126.0,1,,97.03,1588.65,0,Bank transfer,0
102596,46,Female,East,59,Month-to-month,8.98,9.91,164.6,2,3.94,79.47,4784.81,1,Digital wallet,0
102597,59,Female,,37,Two year,27.3,27.49,91.3,0,4.78,39.39,,0,Digital wallet,0
102598,73,Male,South,32,Month-to-month,24.78,27.22,75.3,1,4.39,82.64,2617.26,0,Credit card,0
102599,40,Female,South,47,Month-to-month,16.87,15.06,140.0,0,2.03,52.24,2321.64,0,Bank transfer,0
102600,67,Female,South,57,Month-to-month,16.29,18.46,228.7,0,3.4,85.72,4694.65,1,Mailed check,1
102601,30,Male,North,47,Month-to-month,17.22,14.89,88.3,0,1.8,93.61,4424.02,0,Credit card,0
102602,62,Male,North,34,Month-to-month,47.06,31.34,294.8,0,0.79,78.0,2575.36,0,Credit card,1
102603,50,Female,West,64,Month-to-month,56.56,48.71,196.2,0,2.17,44.13,2593.61,0,Bank transfer,0
102604,61,Male,East,64,Month-to-month,38.83,17.91,,1,3.73,80.45,5147.25,0,Credit card,0
102605,61,Female,South,69,Month-to-month,33.22,33.46,59.7,2,2.09,79.04,4984.83,0,Credit card,0
102606,48,Male,North,7,Two year,58.22,18.05,143.1,1,4.68,47.46,348.2,0,Credit card,0
102607,32,Male,East,64,Month-to-month,45.97,22.22,46.5,0,2.62,56.47,3426.51,0,Credit card,0
102608,47,Female,North,14,One year,78.93,84.5,46.4,0,0.89,112.62,1456.45,1,Bank transfer,0
102609,65,Male,North,45,Month-to-month,8.61,9.13,80.6,1,2.09,106.41,4737.64,1,Credit card,1
102610,73,Male,North,47,Month-to-month,23.15,23.5,77.2,0,1.54,51.31,2443.76,0,Bank transfer,1
102611,70,Male,East,15,Month-to-month,22.1,23.99,262.6,0,4.48,15.0,226.75,1,Digital wallet,0
102612,28,Male,East,1,Month-to-month,8.62,8.9,176.6,1,3.26,102.06,95.95,0,Bank transfer,1
102613,52,Female,North,67,One year,35.27,38.97,180.7,1,2.41,118.0,7756.01,0,Digital wallet,0
102614,23,Male,North,64,Month-to-month,74.8,30.49,140.0,1,3.62,104.34,6703.18,0,Credit card,0
102615,56,Male,East,13,One year,19.1,12.58,80.5,2,1.34,56.13,,0,Mailed check,0
102616,74,Female,East,43,Two year,92.46,81.8,90.3,0,0.8,81.77,3419.89,0,Credit card,0
102617,20,Female,East,11,Month-to-month,43.16,15.32,132.7,2,0.62,41.88,415.16,0,Bank transfer,1
102618,55,Male,North,41,Two year,57.26,65.53,53.2,1,0.1,92.03,3635.01,1,Bank transfer,0
102619,71,Female,East,23,Month-to-month,55.75,62.12,52.9,3,0.91,50.44,1151.06,1,Credit card,1
102620,66,Male,West,54,Month-to-month,38.77,43.36,166.1,0,3.35,49.12,2443.25,0,Credit card,1
102621,40,Female,East,41,Month-to-month,23.74,15.27,149.0,0,3.6,62.87,2677.87,0,Credit card,0
102622,23,Female,North,36,Two year,16.57,15.89,50.2,0,1.2,50.99,1701.28,1,Digital wallet,0
102623,70,Female,East,49,One year,18.82,21.35,49.1,0,0.1,83.37,3770.09,0,Credit card,0
102624,70,Male,South,34,Two year,31.28,27.92,51.1,0,1.89,43.65,,1,Bank transfer,0
102625,51,Male,North,1,One year,23.62,20.63,164.0,0,3.25,129.68,121.57,0,Credit card,0
102626,73,Female,South,43,Month-to-month,21.41,20.76,191.8,0,3.75,78.76,3472.68,0,Bank transfer,1
102627,18,Female,West,56,Two year,30.23,17.27,54.2,0,2.87,56.25,3174.92,0,Credit card,0
102628,53,Male,South,35,Two year,29.58,15.97,115.1,0,0.99,40.58,1310.25,0,Credit card,0
102629,20,Male,West,13,One year,43.3,48.93,52.6,0,3.59,57.24,773.91,0,Bank transfer,1
102630,71,Male,South,1,One year,21.5,6.28,216.9,1,3.09,59.79,59.55,1,Digital wallet,0
102631,56,Female,South,22,Two year,26.66,6.48,30.8,0,3.61,58.22,1250.0,0,Mailed check,0
102632,70,Male,North,55,Month-to-month,24.9,15.74,123.9,0,1.16,52.62,2659.14,0,Digital wallet,0
102633,50,Female,East,23,Two year,22.11,25.21,79.9,1,3.27,44.43,1056.03,0,Credit card,0
102634,22,Female,North,68,Two year,42.55,42.47,53.9,1,3.8,87.67,5902.4,0,Credit card,0
102635,19,Female,South,24,One year,47.01,50.56,38.0,0,0.47,100.33,2216.82,0,Credit card,0
102636,37,Male,North,31,Month-to-month,2.01,0.97,46.4,1,1.58,43.45,1309.7,0,Mailed check,0
102637,60,Female,South,54,Month-to-month,33.8,34.19,89.8,1,0.22,63.76,3117.88,1,Mailed check,0
102638,26,Female,South,44,Two year,51.2,45.27,66.8,1,1.28,20.02,802.86,0,Mailed check,0
102639,66,Male,North,3,Two year,42.73,44.69,112.3,0,2.34,51.36,142.97,1,Bank transfer,0
102640,31,Female,North,6,One year,22.84,20.42,270.2,0,0.33,114.23,660.65,0,Bank transfer,1
102641,46,Female,West,14,Two year,51.62,54.04,172.8,1,4.17,95.0,1360.16,0,Digital wallet,0
102642,29,Female,North,62,Month-to-month,47.64,43.93,165.3,1,4.19,80.47,4992.7,1,Digital wallet,0
102643,44,Female,South,2,Two year,26.61,24.72,162.3,0,2.3,36.09,72.37,1,Credit card,0
102644,43,Male,South,6,Month-to-month,31.4,33.05,136.9,0,1.51,47.58,260.18,1,Credit card,0
102645,18,Female,South,56,Month-to-month,22.26,22.02,190.3,2,2.43,52.1,,0,Mailed check,0
102646,50,Female,East,45,Month-to-month,29.1,31.98,73.3,1,4.69,90.54,3938.09,0,Bank transfer,1
102647,62,Male,North,70,Month-to-month,55.96,58.99,136.9,1,3.44,97.53,7105.32,1,Mailed check,1
102648,71,Female,South,16,Month-to-month,21.83,14.9,29.0,0,0.1,65.22,1037.32,0,Bank transfer,0
102649,36,Male,East,47,One year,74.82,70.21,163.6,0,0.1,87.72,3840.42,0,Mailed check,0
102650,68,Female,South,10,Month-to-month,42.6,46.15,110.3,2,1.14,46.83,421.87,0,Bank transfer,1
102651,68,Female,West,42,One year,25.45,11.66,99.8,0,2.44,241.1204590767478,2799.63,0,Digital wallet,0
102652,74,Male,West,8,Month-to-month,59.16,51.44,50.5,1,0.1,91.49,678.1,0,Bank transfer,0
102653,39,Male,North,65,Two year,25.26,27.04,40.9,0,2.19,105.15,6796.19,1,Mailed check,0
102654,66,Male,South,30,Month-to-month,25.93,25.04,77.0,0,0.1,36.29,1003.31,0,Credit card,0
102655,50,Female,,19,One year,38.6,36.31,110.1,2,2.51,101.58,1749.08,0,Bank transfer,1
102656,21,Male,North,70,One year,3.18,3.2,174.9,0,2.83,125.61,8671.42,0,Credit card,0
102657,33,Female,South,5,Month-to-month,25.82,28.97,190.5,0,5.06,29.89,138.48,0,Digital wallet,0
102658,56,Male,East,57,Month-to-month,34.87,17.29,230.5,0,2.3,25.81,1373.46,0,Credit card,1
102659,27,Female,,37,Month-to-month,17.99,16.68,178.0,0,1.97,106.19,4105.3,0,Credit card,0
102660,42,Female,North,49,Month-to-month,30.22,21.11,142.5,0,4.5,56.17,2813.21,0,Credit card,0
102661,62,Male,North,19,Month-to-month,67.26,77.34,39.8,0,3.48,61.19,1192.0,1,Mailed check,0
102662,26,Female,West,63,Month-to-month,7.08,7.27,100.0,0,2.56,96.43,5496.5,0,Bank transfer,0
102663,46,Female,West,33,One year,20.27,11.31,230.5,1,2.04,44.66,1540.98,0,Credit card,0
102664,30,Male,North,30,Month-to-month,19.88,18.4,270.6,2,5.05,73.61,2146.84,0,Bank transfer,1
102665,48,Male,East,33,Month-to-month,26.01,27.5,39.0,1,1.4,32.86,990.15,1,Mailed check,1
102666,31,Female,South,22,Month-to-month,22.93,8.71,79.9,2,0.28,88.8,1850.45,1,Digital wallet,1
102667,73,Male,East,23,Month-to-month,35.49,37.99,238.6,0,2.21,88.67,1866.62,1,Bank transfer,1
102668,22,Male,East,10,Month-to-month,0.99,0.61,193.3,1,2.03,71.52,678.8,0,Bank transfer,0
102669,72,Female,West,35,One year,39.9,40.27,106.0,0,4.31,67.57,2173.74,0,Bank transfer,0
102670,63,Female,North,34,One year,67.94,60.41,125.5,0,2.73,66.9,2132.46,0,Bank transfer,1
102671,66,Male,South,27,Month-to-month,29.56,32.36,138.2,0,3.87,62.97,1547.43,0,Credit card,0
102672,66,Male,West,70,Month-to-month,27.74,30.32,197.0,1,0.1,65.41,4296.84,0,Bank transfer,0
102673,28,Male,North,9,Month-to-month,26.62,28.74,193.9,2,2.0,89.06,762.35,1,Credit card,1
102674,71,Female,North,65,One year,24.09,25.94,85.7,0,4.71,22.62,1524.89,1,Credit card,0
102675,51,Male,East,62,Month-to-month,39.0,13.56,230.0,0,0.88,113.12,6511.04,1,Bank transfer,0
102676,72,Female,West,2,Two year,37.45,17.32,245.6,0,2.08,71.94,147.36,1,Credit card,1
102677,68,Female,East,50,One year,34.38,33.15,93.6,0,3.76,123.55,6317.46,0,Digital wallet,0
102678,51,Female,West,15,One year,54.94,54.82,238.0,1,1.74,73.53,1085.48,1,Digital wallet,0
102679,39,Female,East,3,Month-to-month,49.7,15.85,92.7,1,3.67,67.51,195.57,0,Digital wallet,1
102680,24,Female,North,62,Two year,3.37,3.53,160.4,3,1.59,82.91,4935.53,0,Bank transfer,0
102681,23,Male,East,9,Month-to-month,24.0,21.59,258.4,0,2.44,36.01,335.94,0,Digital wallet,1
102682,40,Male,West,22,Month-to-month,7.68,5.35,210.6,2,3.51,40.54,930.29,1,Bank transfer,1
102683,64,Male,West,7,Two year,21.91,22.6,67.0,1,0.86,62.22,437.79,0,Mailed check,0
102684,46,Female,North,11,One year,22.04,14.71,136.8,0,1.28,69.12,782.8,1,Bank transfer,1
102685,45,Female,North,5,Month-to-month,19.41,12.36,150.5,1,3.87,93.02,473.29,1,Bank transfer,0
102686,31,Male,West,60,Month-to-month,44.12,38.96,123.6,0,1.32,69.17,,1,Credit card,1
102687,50,Male,North,5,Month-to-month,38.8,42.85,71.3,0,2.69,103.53,484.61,1,Digital wallet,0
102688,54,Female,North,54,Two year,34.44,13.8,68.3,0,3.96,15.0,779.36,0,Digital wallet,1
102689,73,Female,West,12,Month-to-month,40.48,35.87,96.1,0,2.64,112.42,1264.5,0,Bank transfer,1
102690,59,Male,South,65,Month-to-month,38.91,42.09,,0,2.91,56.97,3751.19,0,Credit card,1
102691,52,Female,South,61,Month-to-month,27.67,25.36,147.9,0,,84.29,4859.77,1,Bank transfer,0
102692,69,Female,North,45,Two year,31.6,35.66,25.2,0,5.95,97.22,4399.2,1,Mailed check,1
102693,42,Female,North,59,One year,10.44,10.93,283.6,0,2.7,34.32,1922.86,0,Mailed check,0
102694,71,Male,West,22,Month-to-month,48.86,47.85,103.8,0,1.86,103.35,2067.64,0,Mailed check,0
102695,39,Female,South,56,Two year,33.43,28.85,68.5,0,3.75,86.06,4982.35,0,Mailed check,0
102696,25,Female,North,16,Month-to-month,33.74,19.04,47.1,0,1.33,111.59,1718.02,0,Bank transfer,1
102697,41,Female,South,44,One year,30.27,31.24,201.8,0,4.47,69.14,2842.92,0,Bank transfer,0
102698,25,Male,North,66,One year,13.25,12.76,137.6,0,1.68,67.13,4343.24,3,Digital wallet,0
102699,24,Female,North,52,Month-to-month,20.34,22.16,123.4,0,1.86,48.68,,0,Bank transfer,1
102700,68,Female,North,20,One year,24.36,26.5,138.4,1,0.96,49.6,894.47,1,Credit card,0
102701,63,Male,South,53,Two year,39.78,42.01,140.0,0,1.23,65.6,,0,Digital wallet,1
102702,30,Female,North,63,Month-to-month,34.38,31.98,148.5,1,4.27,81.81,5404.51,0,Credit card,0
102703,65,Male,South,64,Month-to-month,13.75,12.4,132.4,0,3.01,85.99,5609.95,0,Credit card,1
102704,21,Female,,53,Two year,28.55,9.43,162.8,1,2.42,41.95,2282.77,0,Digital wallet,1
102705,34,Female,South,52,Month-to-month,23.72,23.7,142.8,0,5.58,64.67,3274.72,0,Digital wallet,0
102706,58,Female,North,56,Month-to-month,15.96,15.73,,3,2.68,72.84,3996.07,0,Credit card,1
102707,35,Male,North,53,Month-to-month,43.73,46.0,64.8,1,2.47,15.0,737.46,0,Bank transfer,0
102708,59,Male,North,10,Two year,38.92,39.3,64.7,0,0.83,88.68,864.37,0,Credit card,0
102709,67,Female,South,58,One year,30.21,30.17,68.9,0,1.29,60.64,3471.44,1,Digital wallet,0
102710,21,Male,East,13,Two year,29.93,29.76,50.8,0,1.1,67.45,897.36,0,Credit card,0
102711,19,Female,North,40,Month-to-month,26.89,26.93,129.7,0,1.47,103.49,4255.54,0,Bank transfer,0
102712,71,Female,West,25,Two year,20.42,22.7,166.7,1,1.8,42.19,1078.89,0,Credit card,0
102713,47,Female,East,16,Month-to-month,5.79,5.22,34.1,2,2.07,45.29,755.77,1,Digital wallet,1
102714,46,Female,North,21,One year,18.68,15.98,55.4,0,3.55,15.0,326.26,0,Mailed check,0
102715,44,Male,North,7,One year,28.48,26.1,38.8,0,2.46,65.07,428.91,0,Credit card,0
102716,42,Female,North,32,Month-to-month,63.83,25.21,23.4,0,5.18,94.16,2800.73,1,Bank transfer,1
102717,57,Male,North,30,One year,21.01,12.66,110.7,0,3.45,15.0,430.34,1,Bank transfer,0
102718,51,Female,South,29,Month-to-month,51.1,48.19,27.2,0,1.44,40.88,1081.84,0,Credit card,0
102719,27,Female,North,7,Month-to-month,18.38,19.0,107.3,1,3.18,238.93168924640412,507.85,0,Credit card,1
102720,53,Female,West,44,One year,34.32,37.84,123.7,0,,55.14,2352.93,1,Credit card,0
102721,56,Male,South,13,Month-to-month,32.02,34.06,104.2,1,4.59,55.38,660.92,0,Bank transfer,0
102722,24,Female,East,61,One year,36.8,42.31,105.3,1,3.73,70.52,4165.45,0,Credit card,0
102723,39,Female,West,2,Month-to-month,32.77,27.86,96.3,0,2.6,112.59,221.3,0,Credit card,0
102724,63,Female,South,4,Month-to-month,34.23,31.05,174.9,1,5.12,67.71,258.44,0,Bank transfer,0
102725,53,Female,West,22,One year,33.73,7.7,247.0,0,3.34,72.68,1514.63,0,Bank transfer,0
102726,25,Female,West,29,Month-to-month,18.57,4.17,129.5,0,3.4,78.72,2206.11,0,Mailed check,0
102727,20,Female,South,69,Two year,48.64,42.61,66.4,0,4.75,17.98,1163.1,0,Bank transfer,0
102728,51,Female,North,38,Two year,85.03,45.11,54.9,1,3.79,74.79,2718.39,2,Credit card,1
102729,44,Female,South,27,Month-to-month,41.04,43.06,26.1,0,2.82,28.13,763.96,0,Credit card,0
102730,72,Female,North,60,Month-to-month,32.84,32.12,218.8,1,2.38,67.37,4185.72,1,Digital wallet,0
102731,47,Male,South,18,Month-to-month,47.88,28.12,89.2,0,0.1,94.03,1536.71,1,Credit card,0
102732,71,Male,South,64,One year,44.84,42.3,93.2,1,0.1,56.25,3763.86,0,Mailed check,0
102733,30,Male,South,29,Month-to-month,24.33,22.96,109.1,1,2.32,93.53,2612.98,0,Credit card,1
102734,43,Female,West,23,Two year,59.78,66.82,77.2,0,1.67,23.5,554.9,0,Credit card,0
102735,25,Female,North,22,Two year,17.07,14.89,121.8,0,2.53,73.59,1617.18,1,Bank transfer,0
102736,50,Male,South,1,Month-to-month,44.66,42.16,125.9,0,4.03,73.98,75.72,0,Bank transfer,1
102737,28,Male,South,48,One year,26.69,26.69,136.3,0,1.34,15.0,664.74,0,Bank transfer,0
102738,46,Female,West,41,Month-to-month,41.68,40.57,38.7,0,0.14,79.48,2994.17,0,Credit card,0
102739,37,Male,East,46,Month-to-month,17.32,18.3,19.1,0,0.55,15.0,625.87,1,Digital wallet,0
102740,28,Male,North,47,Month-to-month,58.09,59.96,170.6,1,1.02,70.88,3107.0,0,Credit card,0
102741,23,Male,East,2,One year,52.74,20.66,91.3,0,0.79,77.75,155.0,0,Mailed check,0
102742,47,Female,North,63,Month-to-month,32.69,35.64,60.9,0,2.56,55.9,3435.23,1,Bank transfer,0
102743,71,Male,East,37,Two year,41.65,45.95,182.7,0,4.81,70.74,2616.92,0,Credit card,0
102744,29,Male,East,50,Month-to-month,22.6,21.92,62.6,1,3.42,123.17,6441.03,2,Bank transfer,1
102745,41,Female,South,3,One year,10.77,11.96,58.2,2,3.53,52.84,146.5,0,Credit card,1
102746,30,Male,East,55,Two year,19.59,20.37,73.4,0,2.83,37.27,1913.04,0,Credit card,0
102747,64,Male,West,49,One year,62.25,68.98,65.7,0,0.64,117.57,5379.0,0,Credit card,0
102748,41,Female,West,27,Month-to-month,23.47,12.61,66.8,0,5.86,71.32,1942.27,0,Digital wallet,1
102749,73,Female,South,67,Month-to-month,49.02,31.94,160.4,1,2.02,95.36,5780.41,0,Digital wallet,0
102750,31,Male,East,47,Month-to-month,21.97,21.74,227.6,0,3.66,25.34,1132.06,0,Bank transfer,0
102751,22,Male,South,65,Month-to-month,26.93,23.09,52.1,2,0.1,15.0,957.8,0,Bank transfer,1
102752,51,Male,West,59,Two year,29.06,7.26,106.4,0,2.37,44.16,2350.2,0,Bank transfer,0
102753,55,Female,West,15,Month-to-month,32.08,33.6,67.7,0,2.24,61.38,957.35,0,Credit card,0
102754,74,Female,North,71,Month-to-month,39.2,44.68,192.9,0,2.1,52.72,3908.72,1,Bank transfer,0
102755,67,Male,North,53,One year,25.07,28.3,129.0,0,0.4,52.67,2856.36,0,Bank transfer,0
102756,68,Female,North,14,Month-to-month,22.64,20.27,108.1,0,2.8,18.94,257.39,0,Digital wallet,0
102757,54,Female,North,57,Two year,29.67,18.25,156.0,2,4.33,71.23,4010.2,0,Credit card,0
102758,38,Male,South,31,Month-to-month,22.58,22.51,181.6,0,5.65,59.13,1656.71,0,Credit card,0
102759,42,Male,North,62,Month-to-month,22.43,24.94,153.6,1,4.97,15.0,949.28,0,Bank transfer,0
102760,25,Female,East,13,One year,45.02,43.89,150.5,0,4.4,57.9,678.86,0,Credit card,0
102761,42,Female,North,19,Month-to-month,43.68,21.44,243.8,2,5.06,62.29,1176.79,0,Bank transfer,1
102762,38,Female,North,25,Two year,17.66,17.76,134.5,0,5.24,92.1,2103.16,0,Bank transfer,0
102763,20,Male,East,33,Month-to-month,12.45,14.3,59.6,0,,52.16,1753.57,0,Credit card,0
102764,29,Male,South,45,Month-to-month,58.42,58.12,115.4,0,2.88,89.89,3961.89,1,Credit card,1
102765,48,Male,South,16,Month-to-month,15.06,13.66,79.8,0,0.59,87.09,1286.94,0,Bank transfer,0
102766,39,Male,West,51,Month-to-month,5.1,4.4,234.6,0,3.31,44.98,2087.65,0,Digital wallet,0
102767,74,Male,West,2,One year,40.23,39.76,84.3,1,2.13,82.4,154.39,0,Bank transfer,0
102768,45,Male,East,24,Month-to-month,4.02,1.65,86.2,1,2.27,94.1,2360.88,0,Credit card,0
102769,72,Female,North,47,One year,33.1,33.25,95.5,1,2.09,92.85,4006.8,0,Bank transfer,0
102770,55,Female,North,19,Two year,31.73,35.73,123.0,0,0.1,74.25,1366.09,0,Credit card,1
102771,20,Female,West,31,Month-to-month,18.05,4.08,70.0,0,0.1,62.74,1829.88,1,Bank transfer,1
102772,29,Female,East,44,One year,17.83,19.4,70.1,0,3.78,31.21,1372.31,0,Mailed check,0
102773,58,Male,West,18,Month-to-month,36.38,14.26,59.0,2,1.49,95.02,1736.04,0,Bank transfer,1
102774,49,Female,East,69,Two year,14.92,12.97,,0,4.03,28.74,2063.81,0,Mailed check,0
102775,35,Male,North,61,Month-to-month,61.86,67.74,145.6,1,2.26,61.15,3617.68,1,Credit card,0
102776,47,Female,South,69,One year,25.41,15.17,91.2,0,0.12,92.4,6180.17,0,Bank transfer,0
102777,69,Female,West,36,Month-to-month,58.06,50.57,76.3,0,0.4,40.25,1364.77,2,Bank transfer,0
102778,40,Male,West,25,Month-to-month,50.53,43.16,57.1,0,1.49,65.01,1644.95,0,Mailed check,1
102779,20,Female,North,71,Month-to-month,25.46,25.82,83.3,0,1.11,25.73,1916.04,0,Digital wallet,0
102780,35,Female,East,52,Month-to-month,35.51,35.83,91.8,1,2.37,56.08,2780.5,1,Credit card,0
102781,71,Male,North,57,Two year,43.39,41.0,195.2,1,2.88,40.17,2302.1,0,Bank transfer,0
102782,61,Male,West,13,Month-to-month,17.32,17.12,55.1,0,3.01,45.46,600.24,0,Mailed check,0
102783,65,Female,North,62,Two year,20.87,23.5,120.0,3,2.84,79.42,5032.91,0,Bank transfer,0
102784,69,Male,East,38,Month-to-month,54.44,57.32,142.3,1,3.83,81.65,3073.82,0,Digital wallet,0
102785,24,Female,North,55,Month-to-month,41.57,39.61,65.4,0,4.0,50.79,2684.07,0,Credit card,0
102786,34,Male,East,59,Month-to-month,26.37,29.8,32.4,0,1.11,72.01,4200.44,2,Digital wallet,0
102787,21,Female,East,8,Month-to-month,36.36,32.68,117.5,1,0.1,216.08641622210595,392.89,0,Credit card,0
102788,18,Male,South,8,Two year,18.28,8.61,56.5,0,1.48,56.31,470.96,1,Digital wallet,0
102789,65,Male,West,5,Month-to-month,16.99,15.34,127.5,2,2.63,36.28,167.51,0,Bank transfer,1
102790,71,Female,West,46,Two year,51.78,47.63,118.5,0,1.71,52.14,2237.07,0,Credit card,0
102791,26,Male,West,65,Month-to-month,29.81,27.42,172.1,1,3.45,15.91,1023.61,0,Credit card,1
102792,59,Female,South,3,Month-to-month,46.0,40.08,180.2,0,0.5,117.84,346.77,2,Bank transfer,1
102793,48,Male,East,10,Month-to-month,20.68,19.5,36.4,0,4.87,95.24,866.56,1,Bank transfer,0
102794,21,Male,East,35,One year,39.31,11.33,142.7,0,3.68,126.43,4354.29,0,Digital wallet,0
102795,70,Female,East,28,Month-to-month,17.22,5.44,126.7,0,1.92,93.49,2617.02,1,Bank transfer,1
102796,67,Male,South,8,Two year,33.27,33.75,124.2,0,1.35,72.92,566.98,0,Digital wallet,0
102797,50,Male,East,44,Month-to-month,25.71,23.57,182.4,0,2.27,15.0,,0,Digital wallet,0
102798,58,Female,North,65,Month-to-month,41.46,36.57,58.6,2,4.22,91.23,5439.97,1,Bank transfer,0
102799,40,Female,South,16,One year,18.52,19.36,180.7,0,1.9,99.01,1638.97,1,Credit card,0
102800,63,Female,North,1,One year,37.57,23.44,142.2,0,1.63,36.86,38.67,0,Bank transfer,1
102801,43,Female,North,16,Two year,28.87,28.18,32.4,1,2.49,79.31,1259.01,1,Bank transfer,0
102802,74,Female,North,14,Month-to-month,33.45,34.99,74.0,1,0.62,69.16,951.32,0,Credit card,0
102803,21,Female,North,34,One year,25.0,23.11,105.8,0,4.11,63.59,2173.12,0,Bank transfer,0
102804,27,Female,West,8,Month-to-month,18.13,7.55,35.3,1,,79.1,653.51,0,Digital wallet,0
102805,73,Male,South,26,Two year,51.05,12.65,140.2,1,3.86,77.03,1857.91,0,Bank transfer,0
102806,34,Female,North,9,Month-to-month,27.71,29.84,181.7,1,4.58,40.48,355.03,0,Credit card,1
102807,35,Male,West,49,Two year,55.19,37.9,163.3,1,1.31,89.59,4217.37,0,Credit card,0
102808,63,Female,West,34,Month-to-month,62.51,71.37,153.6,3,2.52,28.87,907.0,0,Bank transfer,0
102809,28,Male,West,6,One year,27.17,8.88,78.7,0,2.36,77.52,447.35,0,Credit card,1
102810,47,Female,West,4,Two year,12.64,11.74,139.7,0,4.88,72.7,300.02,0,Bank transfer,0
102811,34,Female,West,35,Two year,44.88,46.75,238.3,0,1.88,46.53,1493.47,1,Credit card,0
102812,29,Female,East,43,Month-to-month,43.38,46.83,47.2,2,0.1,96.52,3848.13,0,Credit card,0
102813,72,Female,West,13,Month-to-month,57.79,58.54,42.8,1,,18.0,233.12,0,Digital wallet,0
102814,29,Male,West,23,Two year,29.81,17.83,57.6,1,3.83,72.04,1544.03,0,Credit card,0
102815,23,Male,South,44,One year,37.8,35.43,101.6,3,3.3,70.19,2859.85,0,Credit card,0
102816,56,Male,West,34,One year,26.01,23.78,55.0,1,2.36,104.84,3702.04,1,Mailed check,0
102817,67,Female,West,9,Month-to-month,28.93,30.2,156.6,0,1.93,81.74,710.65,0,Credit card,0
102818,25,Female,West,28,Month-to-month,35.91,7.41,107.6,0,3.01,15.0,391.5,0,Digital wallet,0
102819,58,Male,West,15,Month-to-month,52.23,51.91,105.5,0,3.35,53.62,784.94,0,Credit card,0
102820,48,Male,South,66,One year,44.41,14.58,182.1,0,2.83,105.63,6344.6,1,Credit card,0
102821,65,Male,South,58,Month-to-month,26.78,29.49,37.5,2,1.98,61.16,3316.45,0,Digital wallet,0
102822,25,Female,East,23,Month-to-month,50.03,18.44,125.1,4,2.45,37.27,844.77,1,Digital wallet,1
102823,73,Male,East,17,Two year,17.56,15.39,128.9,0,1.68,63.74,1004.74,0,Bank transfer,0
102824,53,Female,West,10,Month-to-month,88.94,76.47,216.2,1,4.05,106.95,1110.7,0,Credit card,1
102825,66,Female,West,53,Two year,21.9,21.05,310.7,0,2.3,43.8,2174.43,1,Digital wallet,0
102826,38,Male,East,66,Month-to-month,27.48,27.27,45.3,0,1.1,38.8,2414.71,0,Mailed check,1
102827,71,Male,West,20,Month-to-month,34.73,36.18,76.3,0,5.89,59.31,1193.47,0,Bank transfer,0
102828,53,Female,North,46,Month-to-month,33.95,30.02,26.2,1,1.41,48.77,2310.52,1,Credit card,0
102829,25,Male,West,17,Month-to-month,54.97,56.41,53.2,1,1.16,83.43,1294.05,0,Mailed check,0
102830,70,Female,North,66,One year,20.68,22.62,224.9,0,0.69,56.19,3647.5,0,Bank transfer,0
102831,63,Female,East,22,Month-to-month,37.19,23.42,161.8,1,1.47,73.79,1639.68,2,Mailed check,0
102832,35,Female,North,7,Month-to-month,41.86,47.0,90.3,1,3.62,105.73,762.13,0,Credit card,0
102833,49,Female,East,63,Month-to-month,50.96,57.08,100.1,0,0.13,41.29,2375.33,1,Mailed check,0
102834,40,Female,South,68,One year,20.38,20.49,44.7,0,2.74,90.92,6486.82,1,Digital wallet,0
102835,48,Male,North,29,Two year,27.24,15.64,49.0,1,1.63,87.63,2324.92,0,Bank transfer,1
102836,73,Male,East,65,Month-to-month,30.84,34.53,103.5,1,1.28,33.97,2253.27,0,Credit card,1
102837,69,Male,East,18,Month-to-month,41.23,41.69,71.7,1,0.1,99.42,1650.28,0,Credit card,1
102838,30,Female,North,20,Month-to-month,41.88,14.83,157.4,0,2.43,34.25,679.92,0,Digital wallet,0
102839,73,Female,East,39,One year,29.39,17.45,175.4,0,0.1,28.6,1060.78,0,Bank transfer,0
102840,42,Male,North,43,Month-to-month,30.21,26.34,75.9,0,2.08,43.99,1798.94,0,Credit card,0
102841,58,Male,North,28,Month-to-month,29.55,17.88,129.0,0,3.01,44.89,1201.05,1,Bank transfer,1
102842,61,Female,North,57,One year,16.7,19.07,100.1,0,0.1,56.35,3237.38,0,Mailed check,0
102843,45,Male,East,57,Month-to-month,37.55,31.95,98.0,0,3.54,37.29,2036.66,0,Credit card,0
102844,44,Female,West,9,One year,34.36,32.15,220.0,0,0.1,79.22,741.52,0,Credit card,0
102845,44,Female,East,71,Month-to-month,21.9,18.92,39.6,1,5.22,61.75,4076.89,0,Digital wallet,0
102846,67,Male,West,12,Two year,37.73,38.23,216.2,0,2.21,69.6,752.31,1,Bank transfer,0
102847,40,Male,East,38,Month-to-month,93.3,42.54,165.4,1,1.21,81.96,2885.0,0,Bank transfer,1
102848,33,Male,West,31,Month-to-month,17.06,17.41,125.2,0,2.81,103.09,3335.98,1,Mailed check,1
102849,38,Female,West,33,Month-to-month,21.8,22.7,155.0,0,1.15,54.15,1780.1,0,Bank transfer,0
102850,29,Male,South,10,Month-to-month,47.5,42.37,96.1,2,0.1,49.64,492.52,0,Digital wallet,1
102851,40,Male,North,25,One year,20.09,17.19,73.9,0,4.21,85.0,2224.1,0,Digital wallet,0
102852,24,Female,North,3,Month-to-month,50.15,46.62,58.1,0,1.98,96.37,279.86,2,Bank transfer,1
102853,23,Male,East,70,Month-to-month,28.7,13.03,168.2,0,2.61,66.99,4440.4,0,Bank transfer,0
102854,59,Female,South,11,One year,23.58,10.72,118.1,0,2.25,66.76,662.04,0,Bank transfer,0
102855,22,Male,North,35,Month-to-month,30.71,8.71,258.7,0,1.25,59.76,1970.0,1,Credit card,0
102856,50,Male,West,16,One year,32.2,19.52,159.6,1,0.82,49.59,770.92,1,Credit card,1
102857,62,Male,West,13,One year,43.49,37.64,125.1,1,3.59,55.15,645.43,0,Credit card,0
102858,59,Male,North,28,Month-to-month,18.76,10.45,71.7,1,3.27,62.98,1814.86,1,Credit card,0
102859,43,Male,North,69,One year,45.98,39.57,79.7,2,2.44,81.55,5525.88,0,Credit card,0
102860,29,Female,North,34,Two year,27.62,17.25,67.8,1,4.03,85.95,3015.46,0,Digital wallet,0
102861,71,Male,South,69,Two year,32.56,30.26,135.9,0,2.39,42.1,2923.4,0,Bank transfer,0
102862,65,Female,West,59,Month-to-month,34.43,39.59,94.3,1,4.18,66.59,3905.09,0,Mailed check,0
102863,52,Female,East,31,Month-to-month,9.71,10.59,73.4,1,4.71,47.06,1468.49,0,Bank transfer,0
102864,22,Female,North,64,Two year,11.5,11.03,270.8,0,4.12,58.58,3790.32,0,Bank transfer,0
102865,20,Female,South,25,One year,10.24,9.86,192.9,0,3.12,68.25,1638.2,0,Bank transfer,1
102866,35,Male,North,36,Month-to-month,48.44,54.68,105.4,0,0.99,88.99,3228.04,0,Mailed check,0
102867,26,Male,South,49,Month-to-month,40.38,42.34,111.1,0,3.17,61.5,3104.09,1,Credit card,0
102868,67,Female,South,42,One year,3.89,4.28,164.1,1,1.79,76.11,3237.26,0,Credit card,1
102869,29,Female,East,59,One year,27.73,30.76,96.1,1,3.58,38.29,2261.83,0,Digital wallet,0
102870,34,Male,South,12,Two year,26.56,23.93,45.6,2,4.92,36.62,450.54,0,Digital wallet,1
102871,73,Female,West,36,Two year,29.65,25.35,69.4,1,2.36,58.53,1962.73,0,Credit card,0
102872,64,Female,North,48,Month-to-month,52.78,49.11,112.2,0,0.82,148.42,6758.12,1,Bank transfer,0
102873,30,Female,West,24,One year,52.41,53.89,111.4,0,3.55,45.34,1073.44,0,Credit card,0
102874,39,Male,North,62,Month-to-month,30.74,34.51,33.6,0,2.49,68.83,3970.94,1,Digital wallet,0
102875,47,Male,South,22,Month-to-month,25.4,23.94,163.1,0,4.8,288.016813904385,1661.32,1,Digital wallet,0
102876,55,Male,West,22,Month-to-month,19.49,21.53,35.2,0,2.58,65.81,1466.79,0,Bank transfer,0
102877,71,Male,East,24,Two year,21.31,22.34,54.1,1,2.39,50.05,1085.72,1,Bank transfer,0
102878,67,Male,North,49,Month-to-month,25.76,26.95,171.0,2,2.64,78.89,3861.79,0,Mailed check,0
102879,73,Male,South,9,Month-to-month,19.32,20.57,92.2,2,2.96,42.23,343.8,2,Credit card,1
102880,20,Male,East,11,Month-to-month,48.0,48.17,203.0,0,0.1,74.5,743.36,0,Bank transfer,1
102881,31,Male,West,56,Month-to-month,14.96,9.09,183.6,0,1.28,50.43,2604.79,1,Credit card,0
102882,50,Male,East,15,Month-to-month,41.47,43.62,45.1,2,4.16,89.9,1260.02,0,Mailed check,1
102883,20,Male,North,8,Month-to-month,19.75,21.49,83.0,0,1.52,20.29,167.11,0,Credit card,1
102884,38,Male,South,19,Month-to-month,40.27,41.35,72.2,1,2.46,62.25,1163.36,0,Credit card,1
102885,26,Female,North,29,Month-to-month,21.96,18.92,77.1,0,2.16,154.29550279141975,975.61,0,Credit card,0
102886,71,Female,North,3,Two year,43.93,44.07,70.3,2,1.47,85.67,268.37,0,Credit card,0
102887,21,Female,East,60,One year,10.11,10.41,52.4,0,2.26,86.0,5005.39,0,Mailed check,0
102888,26,Female,West,9,Two year,19.63,11.64,192.4,0,0.97,15.0,132.65,0,Digital wallet,0
102889,29,Male,North,29,Month-to-month,27.37,30.45,55.8,0,0.28,33.93,989.96,0,Mailed check,0
102890,26,Female,West,15,Month-to-month,34.05,29.0,90.0,2,2.81,88.29,1358.55,0,Credit card,0
102891,50,Male,East,21,Month-to-month,30.94,26.75,53.3,0,4.92,61.65,1279.67,0,Credit card,0
102892,38,Female,West,4,Two year,13.3,7.85,114.8,0,3.62,80.26,319.05,0,Digital wallet,0
102893,70,Male,North,68,Month-to-month,11.79,7.92,87.9,0,3.65,64.56,4007.57,0,Bank transfer,0
102894,32,Male,South,67,Month-to-month,23.78,22.84,74.4,0,4.08,69.0,4198.09,0,Mailed check,0
102895,48,Male,North,9,Two year,20.71,22.59,191.5,1,2.81,89.72,758.19,1,Credit card,0
102896,55,Male,North,15,Two year,26.01,25.88,95.7,1,2.54,35.21,518.79,0,Bank transfer,0
102897,53,Female,South,63,Month-to-month,4.59,2.31,101.1,0,1.21,53.94,3515.53,0,Bank transfer,0
102898,63,Female,South,30,One year,30.19,28.43,33.4,2,3.68,39.11,1086.52,0,Digital wallet,0
102899,29,Male,North,5,Month-to-month,31.67,33.51,,0,2.92,71.79,373.66,2,Mailed check,0
102900,46,Male,North,10,Month-to-month,28.61,28.64,158.1,0,1.47,32.32,303.69,1,Mailed check,0
102901,63,Female,West,30,Month-to-month,30.46,18.7,62.4,0,2.03,88.08,2703.01,1,Digital wallet,1
102902,67,Female,West,40,Two year,32.21,32.93,87.7,1,0.81,51.63,1947.03,0,Credit card,0
102903,53,Female,South,45,Month-to-month,12.66,12.39,213.3,1,3.29,77.79,3363.14,2,Credit card,1
102904,55,Female,West,11,One year,49.36,29.65,73.6,0,4.82,46.48,514.03,0,Bank transfer,0
102905,67,Female,North,27,Month-to-month,24.3,8.14,,0,,85.19,2374.48,0,Credit card,1
102906,53,Female,South,19,One year,35.61,38.01,91.2,1,4.07,94.69,1685.54,0,Digital wallet,0
102907,72,Female,West,38,One year,58.26,49.8,193.6,0,4.31,84.04,3244.06,0,Mailed check,0
102908,25,Male,South,23,One year,28.21,13.62,123.5,0,0.76,42.94,1036.03,2,Bank transfer,0
102909,37,Female,North,15,Two year,45.98,39.1,67.1,0,0.1,101.49,1461.31,0,Bank transfer,1
102910,24,Male,South,58,One year,19.01,20.06,43.5,0,2.59,82.28,4364.98,1,Bank transfer,0
102911,23,Male,South,41,One year,46.09,39.54,238.7,2,2.24,49.12,1985.07,0,Bank transfer,0
102912,44,Female,East,34,Month-to-month,53.64,30.3,136.3,0,2.17,71.97,2289.74,0,Bank transfer,0
102913,30,Male,South,10,Two year,26.27,24.99,121.7,0,4.19,103.42,945.12,1,Digital wallet,0
102914,41,Female,South,6,Month-to-month,43.22,41.49,80.3,0,1.97,42.61,253.25,0,Credit card,1
102915,42,Female,North,57,Month-to-month,61.24,63.34,37.8,0,6.13,41.9,2275.5,0,Digital wallet,0
102916,53,Male,South,69,Month-to-month,35.75,9.0,127.3,0,0.2,61.78,4029.96,0,Credit card,0
102917,71,Male,North,42,Month-to-month,48.67,52.65,124.0,0,1.2,29.98,1305.12,0,Digital wallet,0
102918,66,Female,West,3,One year,52.52,24.44,143.7,0,1.19,67.72,186.2,1,Bank transfer,1
102919,39,Female,East,35,Month-to-month,48.52,9.77,203.7,1,2.22,83.26,,2,Bank transfer,1
102920,36,Female,South,20,Month-to-month,22.32,24.48,117.3,0,4.63,69.27,1395.12,0,Bank transfer,1
102921,61,Male,East,4,Two year,45.34,42.35,34.6,0,0.82,46.86,186.14,1,Credit card,1
102922,25,Female,North,11,Two year,42.2,37.92,149.7,0,1.14,87.7,960.95,0,Credit card,0
102923,48,Male,South,36,Month-to-month,13.46,15.4,243.3,2,1.55,60.73,2231.65,1,Credit card,1
102924,42,Male,South,31,Two year,31.21,26.94,98.8,0,2.37,45.25,1333.87,1,Credit card,1
102925,28,Male,South,41,Month-to-month,29.44,32.22,95.8,0,2.74,71.46,2835.56,0,Bank transfer,0
102926,53,Male,East,50,Month-to-month,32.81,28.08,90.5,1,1.91,95.11,4514.43,0,Credit card,0
102927,36,Female,West,19,Two year,13.73,4.39,107.9,1,0.57,50.51,900.6,0,Credit card,1
102928,28,Female,South,21,One year,29.98,29.85,,0,2.35,105.01,2105.86,0,Digital wallet,0
102929,55,Male,South,49,One year,39.12,40.78,142.8,2,4.65,66.94,3118.1,0,Digital wallet,0
102930,27,Female,East,14,Month-to-month,27.39,27.21,72.7,0,3.87,68.18,919.67,0,Mailed check,1
102931,56,Male,North,6,Month-to-month,9.61,4.26,75.6,3,1.81,67.87,418.82,1,Credit card,1
102932,27,Female,North,61,Month-to-month,59.46,60.62,13.4,0,2.61,51.16,2971.9,0,Credit card,0
102933,42,Male,West,15,Two year,69.3,24.49,34.5,1,3.25,33.32,483.14,0,Credit card,0
102934,64,Male,West,9,Month-to-month,31.03,26.61,,0,3.83,113.9,988.87,1,Credit card,1
102935,31,Female,West,53,Month-to-month,36.96,21.64,128.2,0,4.8,35.5,1773.28,1,Bank transfer,0
102936,61,Female,North,38,Month-to-month,34.55,30.97,81.5,0,2.9,96.07,3549.17,0,Bank transfer,1
102937,59,Female,North,11,One year,11.11,5.76,157.2,2,0.74,108.23,1226.28,0,Credit card,0
102938,69,Female,South,61,Month-to-month,5.18,5.26,69.3,1,0.2,47.16,2707.91,1,Digital wallet,0
102939,27,Male,West,18,One year,5.78,6.34,71.8,2,3.4,80.47,1409.37,1,Credit card,1
102940,58,Male,North,48,Month-to-month,53.89,54.67,184.3,1,0.33,82.26,3839.78,0,Digital wallet,1
102941,71,Female,North,47,Month-to-month,55.43,55.42,125.7,2,3.72,82.32,3884.0,0,Credit card,0
102942,61,Female,North,59,Month-to-month,41.22,47.26,170.4,0,1.61,49.23,2832.18,0,Bank transfer,0
102943,28,Male,West,52,Month-to-month,18.83,18.21,129.2,0,0.68,55.31,2686.23,0,Digital wallet,0
102944,64,Male,West,50,One year,30.12,29.09,,0,3.27,85.11,4065.22,1,Digital wallet,0
102945,24,Female,East,4,Two year,31.95,27.87,127.0,2,0.97,24.01,88.94,0,Credit card,0
102946,51,Male,North,67,Month-to-month,43.63,47.33,49.7,1,3.21,15.0,917.73,0,Credit card,0
102947,46,Male,East,9,Month-to-month,32.14,27.97,24.0,1,2.77,67.6,562.5,0,Credit card,0
102948,48,Female,South,19,Month-to-month,30.24,26.94,46.4,0,0.1,61.77,1073.63,0,Bank transfer,0
102949,47,Male,North,32,Two year,17.55,5.86,33.9,3,4.62,68.94,2015.87,1,Credit card,0
102950,19,Male,North,21,Two year,32.49,28.17,124.1,0,4.44,46.94,908.1,0,Credit card,0
102951,46,Female,South,43,One year,34.67,31.47,186.4,0,3.93,84.62,3479.11,0,Mailed check,0
102952,71,Male,South,4,Month-to-month,30.36,6.33,48.6,0,3.96,86.21,317.75,0,Mailed check,1
102953,42,Female,West,33,Month-to-month,31.87,31.28,119.8,3,1.41,69.09,2218.63,1,Credit card,1
102954,33,Female,South,25,Two year,16.55,5.42,224.6,0,4.24,31.94,749.32,0,Bank transfer,0
102955,74,Male,South,46,Month-to-month,27.66,23.86,165.1,1,3.64,91.04,4295.19,0,Bank transfer,0
102956,23,Female,East,37,One year,40.95,39.86,131.8,0,0.1,21.08,715.49,0,Credit card,0
102957,45,Female,,54,Two year,60.65,60.3,105.2,1,1.05,33.45,1819.55,0,Digital wallet,0
102958,47,Male,North,12,One year,45.02,20.69,125.8,0,1.36,83.98,918.03,0,Credit card,0
102959,45,Female,East,68,One year,55.89,49.36,113.8,1,4.72,36.85,2619.42,0,Credit card,0
102960,70,Male,North,28,Month-to-month,8.49,7.36,95.5,1,1.05,46.59,1313.32,0,Credit card,0
102961,42,Male,South,25,Two year,54.92,51.86,54.6,0,1.62,68.33,1758.44,0,Credit card,0
102962,73,Female,East,39,Month-to-month,39.48,41.27,71.4,1,0.57,88.03,3137.29,1,Bank transfer,1
102963,21,Female,East,12,Two year,33.21,34.28,120.7,0,1.78,79.52,946.05,0,Mailed check,0
102964,59,Female,South,58,Month-to-month,34.06,30.24,178.0,0,4.05,98.03,5123.17,0,Credit card,0
102965,51,Female,North,19,One year,55.66,48.85,49.7,0,0.36,53.75,975.95,0,Credit card,0
102966,31,Female,South,66,Two year,24.14,21.87,284.3,0,3.21,43.34,2995.91,0,Bank transfer,0
102967,30,Male,South,11,One year,37.3,21.68,32.2,0,1.18,32.95,346.11,0,Bank transfer,0
102968,59,Male,West,62,Month-to-month,27.92,14.01,59.9,1,5.33,67.79,4145.44,2,Credit card,1
102969,54,Female,South,28,Month-to-month,15.35,17.08,123.6,1,2.67,71.86,1966.81,1,Credit card,0
102970,52,Female,West,44,Two year,6.33,7.15,149.7,0,2.37,126.21,5258.0,0,Digital wallet,0
102971,20,Male,South,62,One year,20.13,20.26,72.1,0,1.63,80.33,4525.87,0,Bank transfer,0
102972,52,Male,West,10,Month-to-month,20.98,23.51,107.0,0,2.82,22.16,228.38,1,Digital wallet,0
102973,73,Female,North,25,Two year,34.34,7.83,95.5,1,0.29,93.75,2343.53,1,Bank transfer,1
102974,18,Male,North,68,Two year,43.64,18.91,85.6,0,2.65,43.88,3122.77,0,Bank transfer,0
102975,44,Male,North,11,Two year,16.47,14.65,59.3,1,1.62,32.18,351.41,0,Bank transfer,1
102976,46,Female,North,8,One year,15.36,16.09,122.0,2,1.55,90.87,665.82,0,Bank transfer,0
102977,69,Male,West,38,Two year,67.36,70.37,125.7,0,5.59,86.02,3159.15,1,Credit card,0
102978,34,Female,East,2,Two year,29.15,19.82,104.9,2,4.61,92.25,173.37,1,Credit card,1
102979,45,Female,East,71,Month-to-month,29.68,29.23,157.3,1,4.69,49.39,3648.61,0,Digital wallet,0
102980,58,Female,South,65,Two year,24.51,26.26,121.8,2,3.78,120.58,7303.46,0,Mailed check,0
102981,21,Female,East,14,Month-to-month,35.09,34.83,66.0,0,3.11,87.9,1189.63,1,Bank transfer,1
102982,63,Female,East,13,Two year,30.69,33.98,226.0,2,4.7,41.24,558.5,0,Bank transfer,1
102983,64,Female,West,56,One year,23.46,15.3,139.5,0,2.99,120.45,6158.16,0,Digital wallet,1
102984,59,Male,East,37,One year,25.1,14.34,87.3,2,3.43,79.44,2973.67,0,Mailed check,0
102985,54,Female,East,59,Month-to-month,47.06,16.09,79.7,0,4.58,64.58,3795.91,1,Credit card,0
102986,60,Female,North,69,Month-to-month,42.57,37.92,78.9,0,3.72,51.03,3397.1,0,Bank transfer,0
102987,62,Male,West,29,Month-to-month,56.57,48.38,52.3,1,3.17,15.0,398.09,1,Bank transfer,1
102988,69,Male,North,19,One year,26.33,25.36,70.1,0,3.69,84.12,1639.22,1,Credit card,0
102989,42,Male,South,44,Two year,45.3,40.25,113.8,0,2.67,49.5,1969.12,1,Mailed check,0
102990,43,Male,West,46,Month-to-month,44.67,9.43,142.1,1,3.26,59.11,2767.3,1,Bank transfer,1
102991,54,Male,North,31,Month-to-month,21.48,9.2,210.9,0,3.41,62.55,1920.96,0,Credit card,0
102992,29,Female,North,22,One year,35.49,13.74,88.3,0,0.65,132.533875864423,887.54,0,Credit card,0
102993,66,Male,South,19,Month-to-month,35.39,19.04,119.9,1,1.4,77.94,1457.32,0,Bank transfer,1
102994,61,Male,South,38,Month-to-month,14.98,13.54,118.4,1,3.59,43.97,1677.71,0,Digital wallet,1
102995,53,Male,West,31,Month-to-month,22.11,5.2,69.6,2,2.7,24.94,740.85,0,Digital wallet,1
102996,35,Male,West,33,One year,32.44,21.47,134.7,2,2.47,66.63,2242.98,0,Mailed check,0
102997,37,Female,South,7,One year,12.48,10.79,42.9,0,2.94,50.48,368.71,0,Credit card,1
102998,42,Male,West,63,Two year,10.86,10.63,98.9,0,0.1,16.03,1021.41,1,Digital wallet,0
102999,55,Female,East,51,Month-to-month,31.25,17.75,87.8,2,2.25,34.28,1574.01,0,Digital wallet,1
103000,62,Male,West,66,Month-to-month,11.9,8.16,72.7,0,2.26,69.18,4343.56,0,Digital wallet,0
103001,56,Male,North,59,One year,10.31,6.53,125.6,1,2.77,68.49,4190.1,1,Credit card,0
103002,71,Female,South,44,Two year,32.22,13.38,211.5,1,3.78,99.78,4173.91,0,Bank transfer,0
103003,72,Male,North,22,Month-to-month,35.8,38.35,168.3,1,1.95,94.36,1927.52,0,Digital wallet,0
103004,58,Female,North,47,Two year,33.27,33.83,116.9,0,4.52,75.98,3291.1,0,Credit card,0
103005,39,Female,East,41,One year,44.59,23.69,161.3,0,1.04,47.37,1981.45,0,Bank transfer,0
103006,52,Female,North,66,Two year,51.08,48.89,246.2,1,3.54,51.35,3174.02,0,Bank transfer,0
103007,42,Male,South,17,Month-to-month,47.73,29.73,66.6,2,1.72,75.95,1250.67,1,Bank transfer,1
103008,53,Male,East,2,Month-to-month,63.0,53.77,98.4,0,4.25,89.83,175.25,0,Digital wallet,0
103009,64,Male,North,10,Month-to-month,4.96,1.5,133.0,0,2.83,78.61,820.99,2,Digital wallet,1
103010,39,Male,South,13,One year,15.19,3.11,138.9,1,0.69,53.27,690.53,1,Mailed check,0
103011,46,Male,East,48,Two year,19.99,20.05,88.6,1,2.65,70.2,3517.68,0,Digital wallet,0
103012,20,Female,West,11,Month-to-month,72.9,25.79,118.1,0,3.1,58.57,600.02,0,Bank transfer,1
103013,59,Male,North,10,Month-to-month,32.45,13.59,91.5,1,2.84,15.0,154.37,0,Mailed check,1
103014,45,Female,West,29,Month-to-month,31.75,30.11,102.2,1,2.99,59.68,1611.09,1,Credit card,0
103015,44,Male,West,56,One year,24.66,22.72,34.5,1,2.16,54.73,2885.38,1,Mailed check,0
103016,48,Male,East,31,Two year,25.1,24.73,211.3,1,1.66,84.88,2754.31,0,Credit card,0
103017,30,Female,South,20,Month-to-month,14.28,7.32,29.6,2,0.1,37.41,728.94,0,Credit card,0
103018,52,Male,East,21,One year,25.04,22.56,76.3,0,3.37,40.29,807.29,0,Digital wallet,0
103019,60,Male,West,59,Month-to-month,20.86,19.75,142.2,1,3.26,91.43,5383.16,0,Digital wallet,0
103020,37,Female,South,31,Two year,59.12,66.68,179.6,0,5.37,41.98,1323.37,0,Credit card,0
103021,25,Female,West,27,Two year,79.03,81.66,90.7,1,2.44,47.77,1248.52,1,Credit card,0
103022,40,Female,West,55,Month-to-month,72.93,83.65,151.6,0,2.92,77.42,4366.25,0,Credit card,0
103023,29,Female,South,27,One year,6.23,6.47,99.5,0,2.73,82.83,2227.67,2,Credit card,0
103024,39,Female,East,26,Two year,18.03,15.85,124.3,1,3.8,99.91,2672.63,0,Credit card,0
103025,53,Female,South,54,Two year,1.12,0.37,78.6,1,1.73,56.14,3159.86,1,Credit card,0
103026,24,Female,West,24,One year,4.45,4.67,,0,2.73,57.56,1376.15,1,Credit card,1
103027,60,Male,West,37,Month-to-month,73.09,81.12,48.5,4,2.54,60.92,2269.4,0,Credit card,1
103028,30,Female,North,48,One year,29.94,33.65,279.1,0,3.62,49.93,2185.9,0,Digital wallet,0
103029,68,Male,North,15,One year,46.03,46.78,70.4,1,5.83,75.85,1159.55,0,Digital wallet,1
103030,59,Male,South,10,Month-to-month,23.76,21.05,,0,3.0,56.77,594.0,0,Credit card,0
103031,33,Male,West,61,Two year,21.14,22.05,103.4,1,0.33,34.45,2040.22,0,Mailed check,0
103032,50,Female,South,22,Month-to-month,51.16,45.68,85.3,1,0.74,20.83,440.34,0,Credit card,0
103033,24,Male,West,25,Two year,26.1,22.63,209.5,1,4.08,61.85,1553.79,0,Credit card,0
103034,23,Female,South,42,Month-to-month,37.04,33.84,253.7,0,0.1,80.51,3150.82,0,Bank transfer,0
103035,72,Male,North,8,Month-to-month,42.6,37.45,,0,2.97,47.84,351.19,1,Digital wallet,1
103036,63,Female,West,4,Month-to-month,33.69,14.18,132.7,0,1.4,32.35,134.47,1,Digital wallet,0
103037,26,Female,East,30,One year,32.29,31.76,124.9,1,6.55,103.36,2822.07,0,Digital wallet,0
103038,34,Female,South,69,Two year,23.51,12.33,130.3,0,0.68,56.14,3890.38,1,Bank transfer,1
103039,29,Male,North,41,Month-to-month,21.3,13.04,59.5,2,1.51,87.49,3390.59,1,Digital wallet,0
103040,40,Female,North,42,Month-to-month,56.79,64.36,58.4,1,3.67,91.32,3457.98,0,Credit card,0
103041,34,Male,North,44,Two year,27.65,28.98,109.5,0,2.15,102.76,,0,Credit card,0
103042,36,Female,South,62,One year,23.65,7.41,126.8,1,1.42,63.57,4037.36,0,Bank transfer,0
103043,48,Male,East,60,Month-to-month,44.75,26.85,45.1,2,1.05,29.26,1585.4,0,Credit card,0
103044,28,Female,South,2,Two year,29.66,31.39,76.7,0,1.51,17.2,32.06,1,Mailed check,0
103045,68,Female,North,39,Month-to-month,7.29,7.96,96.3,1,1.14,58.37,2300.58,0,Bank transfer,1
103046,59,Female,North,39,Month-to-month,17.4,16.04,184.3,0,2.48,107.42,4388.21,0,Credit card,0
103047,61,Female,South,16,Month-to-month,28.04,28.65,158.5,0,5.39,66.85,1069.23,0,Mailed check,1
103048,27,Male,West,70,One year,4.08,4.34,206.8,1,5.59,98.94,6787.95,1,Credit card,0
103049,58,Female,South,19,Month-to-month,36.18,24.23,103.2,1,5.57,123.60368392932513,741.35,1,Credit card,1
103050,65,Male,North,60,Two year,38.32,15.51,81.9,0,2.3,101.32,6138.75,1,Credit card,0
103051,27,Female,East,8,Month-to-month,42.49,40.0,199.8,0,3.57,81.87,610.41,0,Digital wallet,0
103052,60,Male,West,43,Two year,35.68,34.48,101.1,0,2.69,68.26,,1,Digital wallet,0
103053,38,Female,West,53,Month-to-month,26.58,28.18,142.9,0,,88.47,4713.4,0,Digital wallet,0
103054,62,Female,West,36,Month-to-month,7.84,8.56,28.3,0,0.1,50.78,1894.08,0,Bank transfer,1
103055,45,Female,West,8,Month-to-month,7.07,6.78,98.7,0,0.1,76.57,631.44,0,Bank transfer,1
103056,63,Female,East,9,Month-to-month,31.48,32.67,,1,2.73,43.87,377.67,1,Bank transfer,1
103057,26,Male,West,44,Month-to-month,28.63,30.04,100.4,0,0.45,49.73,2277.33,1,Mailed check,1
103058,40,Female,North,62,Two year,10.88,12.28,108.4,1,1.31,42.06,2378.56,0,Bank transfer,0
103059,33,Female,West,43,Two year,37.6,40.85,196.5,0,3.05,42.66,1668.86,0,Credit card,0
103060,32,Female,West,8,One year,24.47,22.22,77.8,1,0.1,21.58,169.47,1,Credit card,0
103061,35,Female,West,56,Month-to-month,22.77,23.63,157.6,0,4.7,121.88,6851.12,1,Credit card,0
103062,39,Female,South,33,Two year,14.43,16.41,41.2,0,2.58,34.95,1085.44,0,Credit card,0
103063,25,Male,West,6,Month-to-month,61.26,59.02,44.5,2,1.94,90.84,538.51,0,Credit card,0
103064,58,Female,North,27,One year,13.9,15.01,60.6,1,1.54,22.8,559.25,0,Bank transfer,0
103065,49,Female,East,15,One year,57.88,58.56,69.6,0,3.21,50.56,784.82,1,Credit card,0
103066,65,Female,South,71,Month-to-month,22.16,21.75,156.7,0,1.05,56.05,3915.51,0,Credit card,0
103067,58,Male,East,65,Month-to-month,68.86,32.78,,0,4.48,100.55,,0,Credit card,0
103068,26,Female,East,8,Two year,12.83,13.1,35.1,0,3.8,73.27,578.67,0,Bank transfer,1
103069,21,Female,South,41,Month-to-month,42.63,41.67,115.7,0,1.41,38.19,1608.3,1,Credit card,0
103070,42,Male,North,1,One year,52.61,49.74,115.5,0,2.21,58.89,61.39,1,Bank transfer,1
103071,45,Male,South,33,Two year,52.62,10.79,10.7,0,4.32,94.66,3031.6,1,Bank transfer,0
103072,31,Male,East,12,Month-to-month,35.66,38.45,206.7,1,3.11,91.26,1039.8,0,Credit card,1
103073,62,Female,East,54,Month-to-month,27.48,27.75,64.5,1,2.16,48.29,2473.15,0,Mailed check,1
103074,51,Male,East,6,Month-to-month,21.26,24.03,156.2,1,1.38,28.25,161.96,0,Mailed check,1
103075,60,Female,North,65,Two year,46.37,39.54,137.7,0,2.33,48.94,2989.16,1,Mailed check,0
103076,24,Female,West,17,Month-to-month,57.76,62.43,51.1,1,1.88,81.97,1450.84,1,Mailed check,0
103077,64,Male,East,19,Month-to-month,28.79,25.83,186.0,0,2.96,21.12,392.91,0,Credit card,0
103078,29,Male,North,63,Month-to-month,32.81,35.38,,0,2.03,60.67,3787.31,0,Credit card,0
103079,43,Male,South,65,Two year,101.07,112.3,185.2,1,1.05,34.52,2042.56,1,Credit card,0
103080,43,Female,South,7,Two year,8.81,9.56,235.6,1,4.15,52.85,381.92,0,Credit card,0
103081,64,Male,South,8,One year,36.0,19.98,59.3,2,3.32,77.78,567.51,0,Bank transfer,1
103082,33,Male,North,61,Two year,49.58,50.97,121.2,0,1.0,63.38,3778.46,0,Digital wallet,0
103083,31,Male,North,70,One year,9.22,8.18,41.5,1,1.62,82.38,5938.81,0,Digital wallet,0
103084,37,Male,North,35,Two year,8.75,5.56,184.3,1,3.56,95.62,3064.64,0,Credit card,0
103085,38,Female,North,12,Month-to-month,23.94,5.03,34.2,0,1.24,158.26,1946.02,1,Credit card,1
103086,28,Female,North,11,Month-to-month,25.99,29.58,48.5,0,2.24,87.69,971.63,0,Digital wallet,0
103087,28,Male,West,19,Two year,24.94,23.64,74.7,1,2.06,80.05,1492.17,2,Digital wallet,1
103088,31,Male,South,49,Month-to-month,18.11,11.26,,0,1.41,48.62,2263.67,0,Digital wallet,0
103089,44,Male,South,7,Month-to-month,18.81,16.15,160.1,1,0.91,87.36,616.8,0,Credit card,0
103090,37,Female,East,46,One year,28.0,23.81,36.7,0,2.42,104.11,4985.99,0,Credit card,0
103091,40,Male,South,58,One year,20.21,21.65,120.1,0,1.1,48.12,2580.34,0,Digital wallet,0
103092,58,Female,North,11,Month-to-month,20.58,22.64,72.3,0,1.61,50.99,505.31,2,Digital wallet,1
103093,31,Female,North,70,Month-to-month,24.52,6.73,99.2,1,3.77,48.8,3076.64,1,Digital wallet,0
103094,69,Male,North,71,Month-to-month,20.62,22.49,202.9,0,1.42,31.93,2376.38,0,Mailed check,0
103095,60,Male,East,22,Month-to-month,32.62,33.2,108.4,0,3.19,64.6,1397.88,0,Mailed check,0
103096,27,Male,South,8,Month-to-month,61.37,63.8,136.9,1,3.94,31.3,244.39,1,Bank transfer,0
103097,35,Female,South,24,Month-to-month,16.19,18.17,27.5,0,2.34,62.52,1393.23,0,Digital wallet,0
103098,28,Male,East,19,One year,14.61,15.32,64.5,0,3.26,73.0,1311.92,0,Credit card,1
103099,33,Male,West,20,Month-to-month,42.07,26.13,101.8,2,1.21,72.07,1428.74,0,Digital wallet,0
103100,38,Male,South,66,Month-to-month,23.85,22.78,42.5,0,3.61,52.61,3202.5,0,Digital wallet,0
103101,25,Male,South,11,One year,42.76,48.53,32.8,1,3.47,26.27,281.76,0,Bank transfer,0
103102,18,Male,South,23,Month-to-month,46.39,52.87,65.6,1,4.68,95.47,1981.68,0,Credit card,1
103103,43,Female,East,56,Month-to-month,18.64,19.35,101.7,1,4.26,20.81,1178.76,0,Digital wallet,0
103104,57,Male,East,5,Month-to-month,55.72,56.83,154.8,1,2.9,67.94,315.94,0,Digital wallet,1
103105,35,Male,East,5,One year,66.35,75.05,155.2,0,6.64,102.14,534.61,0,Bank transfer,1
103106,67,Male,North,22,Month-to-month,12.38,5.83,94.3,0,3.83,67.29,1545.96,0,Bank transfer,0
103107,39,Female,South,69,Month-to-month,62.13,23.93,109.3,1,4.41,96.97,6114.71,0,Credit card,0
103108,69,Male,West,60,One year,70.5,76.38,38.9,0,1.81,77.75,4532.76,0,Bank transfer,0
103109,31,Male,South,66,Two year,69.33,46.49,265.3,0,1.95,30.17,1877.43,0,Credit card,0
103110,48,Male,West,62,One year,46.83,41.47,216.4,0,2.61,97.79,5958.11,0,Credit card,0
103111,61,Female,South,9,Two year,17.89,9.05,124.8,0,1.0,50.27,446.01,0,Bank transfer,1
103112,21,Female,South,29,One year,13.07,2.87,85.9,0,2.56,54.28,1595.69,0,Mailed check,0
103113,71,Female,South,38,Month-to-month,21.38,12.46,180.9,1,2.44,82.1,3107.54,0,Bank transfer,0
103114,38,Female,South,12,Month-to-month,17.34,19.72,268.1,1,4.14,41.3,458.74,0,Bank transfer,1
103115,46,Female,West,71,Month-to-month,36.78,39.26,134.5,0,4.25,88.5,6152.0,0,Bank transfer,0
103116,53,Male,North,43,Month-to-month,26.17,28.05,156.3,0,2.68,75.54,3380.42,0,Credit card,0
103117,54,Male,East,61,Month-to-month,7.36,7.14,73.9,2,1.94,106.36,5870.94,0,Credit card,1
103118,19,Male,East,19,Month-to-month,19.66,5.73,44.4,1,5.19,93.68,1613.54,0,Mailed check,1
103119,67,Female,West,51,One year,51.04,43.51,96.1,0,,59.88,2861.49,0,Bank transfer,0
103120,53,Female,East,8,One year,33.45,22.13,143.9,0,0.17,54.59,443.1,0,Bank transfer,1
103121,74,Female,West,2,Month-to-month,14.87,13.85,38.1,0,3.22,46.71,98.08,0,Credit card,0
103122,44,Female,West,46,Month-to-month,69.6,66.08,255.8,0,2.4,58.75,2505.71,0,Bank transfer,0
103123,52,Male,South,5,Month-to-month,31.69,31.27,138.0,0,2.04,42.45,200.29,0,Mailed check,0
103124,43,Male,West,20,Month-to-month,14.92,15.82,155.7,2,0.1,57.27,1178.99,0,Digital wallet,0
103125,68,Male,West,57,Month-to-month,17.56,17.3,27.3,0,1.18,33.37,1897.84,1,Digital wallet,0
103126,65,Female,North,36,Month-to-month,14.02,3.97,77.2,0,4.72,40.64,1385.05,1,Digital wallet,1
103127,69,Female,East,27,Month-to-month,61.01,58.66,109.6,0,4.46,99.19,2691.02,0,Mailed check,0
103128,46,Male,North,21,Two year,44.42,19.71,50.2,0,3.69,31.49,612.95,0,Digital wallet,0
103129,63,Male,East,48,Month-to-month,20.01,18.5,314.5,0,1.28,29.29,1415.3,0,Digital wallet,1
103130,38,Female,North,68,One year,12.46,13.46,,2,2.0,46.86,2920.22,1,Mailed check,1
103131,44,Female,East,53,Month-to-month,39.16,42.54,113.0,0,1.9,99.14,5180.46,0,Credit card,1
103132,61,Female,South,26,Month-to-month,34.26,32.85,167.5,0,1.48,41.47,1049.47,1,Bank transfer,0
103133,22,Female,East,30,Month-to-month,50.2,45.95,86.1,0,1.68,57.29,1659.44,1,Credit card,0
103134,58,Male,North,8,Two year,7.19,3.32,189.1,2,2.35,72.02,565.78,2,Credit card,1
103135,18,Male,East,11,Month-to-month,41.67,38.17,,1,0.29,78.14,901.04,0,Credit card,1
103136,51,Female,South,20,Month-to-month,28.41,29.8,246.8,1,4.27,62.24,1220.15,0,Bank transfer,0
103137,45,Female,East,28,Two year,86.97,41.91,70.8,1,2.3,74.68,1929.91,1,Bank transfer,0
103138,44,Female,South,71,Month-to-month,17.53,18.97,43.0,1,1.75,89.05,5871.4,0,Credit card,0
103139,46,Female,North,62,Month-to-month,51.82,56.25,102.7,0,0.14,32.76,1901.31,0,Credit card,0
103140,46,Female,South,9,One year,41.68,46.31,66.7,1,3.67,47.92,435.44,0,Bank transfer,0
103141,41,Male,West,24,Month-to-month,15.2,7.1,135.2,1,0.94,43.96,978.78,0,Credit card,1
103142,43,Male,North,4,Two year,27.25,29.33,59.2,0,3.22,55.73,207.56,0,Credit card,0
103143,50,Female,East,5,Month-to-month,38.72,16.25,315.0,1,1.18,96.0,502.42,2,Credit card,1
103144,61,Female,North,27,One year,19.88,19.8,41.8,0,2.67,89.31,2444.05,0,Bank transfer,0
103145,49,Male,East,69,Month-to-month,19.21,17.87,138.7,0,0.58,62.84,4149.65,0,Bank transfer,1
103146,54,Female,North,14,Two year,55.94,53.82,85.1,0,2.24,85.1,1176.72,0,Credit card,0
103147,65,Male,South,49,Two year,76.96,71.97,226.9,0,2.38,117.9,5603.54,1,Credit card,1
103148,74,Male,South,28,Two year,46.76,41.15,88.2,1,2.74,33.83,940.19,0,Bank transfer,1
103149,24,Female,North,39,Two year,11.41,6.35,87.7,0,3.83,48.38,1968.08,1,Credit card,0
103150,58,Female,South,62,One year,8.09,7.23,83.2,0,3.27,58.22,3674.08,1,Bank transfer,0
103151,30,Male,South,59,Month-to-month,20.85,17.8,141.4,0,4.84,74.4,4295.09,0,Credit card,0
103152,29,Male,South,59,Month-to-month,43.75,39.77,82.3,0,0.35,77.89,4236.99,1,Bank transfer,0
103153,63,Female,West,30,Month-to-month,47.83,52.64,75.0,0,5.64,38.45,1049.06,3,Digital wallet,0
103154,21,Female,South,4,Month-to-month,29.09,8.08,40.9,1,3.91,69.47,270.39,1,Bank transfer,1
103155,66,Male,West,70,Month-to-month,14.64,8.69,62.1,0,1.84,86.15,5487.18,0,Digital wallet,0
103156,61,Female,South,71,One year,25.44,5.56,164.5,3,3.98,34.49,2563.88,1,Mailed check,0
103157,74,Male,North,61,One year,11.88,7.37,67.3,0,5.15,68.75,4092.26,0,Bank transfer,0
103158,56,Female,North,34,Two year,0.99,0.57,588.9,0,4.17,49.65,1560.29,0,Credit card,0
103159,67,Male,South,20,Month-to-month,42.01,25.11,116.3,0,1.02,28.91,540.65,0,Credit card,0
103160,24,Female,South,13,One year,31.36,31.71,29.3,0,2.56,89.54,1087.33,0,Credit card,0
103161,68,Female,West,27,One year,14.99,5.22,160.2,0,3.63,76.65,2021.78,0,Credit card,0
103162,27,Female,East,24,Two year,56.22,54.36,353.4,0,2.45,42.54,986.26,0,Credit card,0
103163,35,Female,East,20,One year,23.11,21.29,49.1,0,3.16,87.91,1747.87,2,Bank transfer,1
103164,25,Female,South,68,Month-to-month,19.32,19.84,57.6,1,3.26,118.0,7704.97,0,Digital wallet,0
103165,40,Female,South,47,Month-to-month,33.32,38.05,89.8,0,1.02,67.65,3183.63,0,Bank transfer,0
103166,60,Female,East,16,Two year,82.47,51.53,33.3,0,4.39,30.44,465.82,0,Credit card,0
103167,33,Female,North,46,One year,5.52,5.27,52.4,1,2.64,57.47,,0,Credit card,1
103168,64,Female,North,51,Two year,84.18,92.96,154.8,0,2.43,16.5,762.47,0,Credit card,0
103169,52,Female,South,38,One year,30.46,34.47,104.5,0,1.15,62.0,2401.52,0,Credit card,0
103170,53,Female,North,68,One year,41.46,45.03,104.8,1,2.14,55.39,3673.62,0,Digital wallet,1
103171,71,Female,East,69,One year,45.73,46.98,29.2,0,3.91,84.55,5424.03,0,Digital wallet,0
103172,42,Male,North,31,Two year,9.5,8.93,41.2,1,2.86,50.05,1503.02,0,Credit card,1
103173,37,Female,North,34,Two year,23.08,12.59,77.9,1,3.56,87.38,2820.63,1,Bank transfer,0
103174,74,Male,West,16,Month-to-month,57.71,49.63,207.8,1,2.45,44.99,671.14,0,Bank transfer,0
103175,49,Female,West,56,Month-to-month,63.74,43.62,75.5,1,2.63,62.02,3472.13,0,Bank transfer,0
103176,53,Male,South,67,Month-to-month,27.09,5.69,,0,0.1,29.84,1938.6,3,Bank transfer,1
103177,34,Female,South,47,Month-to-month,71.94,42.83,67.1,0,3.09,38.29,1735.96,0,Credit card,0
103178,30,Male,West,15,Two year,22.38,23.97,104.0,1,2.21,84.59,1231.04,0,Credit card,0
103179,27,Female,North,37,Two year,46.9,53.32,263.6,0,2.98,91.76,3387.7,0,Mailed check,0
103180,30,Female,South,57,Month-to-month,15.72,16.61,130.0,2,0.1,48.65,2827.83,1,Digital wallet,0
103181,29,Male,North,3,Month-to-month,46.03,39.63,88.9,0,6.3,77.98,226.78,1,Credit card,1
103182,60,Female,South,42,Month-to-month,21.99,19.61,149.2,0,2.61,84.49,3482.48,0,Bank transfer,0
103183,21,Male,West,47,Two year,97.56,94.43,146.8,1,3.19,38.3,1794.38,0,Credit card,0
103184,53,Female,West,39,One year,36.89,42.3,,0,3.08,76.28,2755.55,0,Digital wallet,0
103185,72,Female,West,46,Month-to-month,70.8,61.99,76.5,0,2.03,65.31,3051.36,1,Credit card,0
103186,61,Male,East,64,Month-to-month,32.66,30.87,36.5,1,3.13,73.77,4272.57,1,Digital wallet,0
103187,40,Male,East,9,One year,29.03,29.49,95.9,0,4.28,61.97,521.81,2,Credit card,1
103188,21,Male,West,41,Month-to-month,32.26,28.5,53.2,2,2.77,15.0,644.36,0,Digital wallet,0
103189,65,Male,East,57,Two year,84.71,74.99,48.8,0,3.79,69.18,3918.31,0,Credit card,0
103190,18,Male,South,59,Two year,16.84,14.66,117.2,2,3.65,60.85,3458.36,0,Bank transfer,0
103191,56,Female,North,34,Month-to-month,90.13,46.11,102.0,0,3.56,56.68,1947.24,0,Bank transfer,0
103192,56,Female,South,71,Month-to-month,54.17,37.62,149.1,1,5.28,23.95,1629.96,1,Bank transfer,1
103193,28,Male,North,24,Month-to-month,81.11,81.18,136.9,0,3.03,90.03,2061.78,0,Credit card,0
103194,60,Male,South,32,Month-to-month,20.81,19.47,147.0,2,2.38,66.02,2139.17,1,Credit card,1
103195,28,Male,North,59,Month-to-month,45.22,19.06,326.0,0,2.44,15.0,858.58,1,Mailed check,0
103196,30,Female,East,32,Month-to-month,54.42,46.9,77.0,0,3.11,99.02,3075.64,0,Credit card,0
103197,64,Male,North,25,Month-to-month,56.12,56.15,132.4,1,0.47,75.66,1733.98,0,Bank transfer,1
103198,73,Male,North,40,Two year,44.24,47.3,115.5,2,4.6,88.04,3605.32,0,Mailed check,1
103199,33,Male,South,45,Month-to-month,27.67,29.07,28.1,1,2.13,57.58,,0,Credit card,1
103200,70,Male,North,69,Two year,22.7,23.95,94.7,0,2.36,64.67,4394.12,0,Bank transfer,0
103201,70,Female,West,44,Month-to-month,21.56,21.89,28.8,0,0.55,91.62,3875.98,1,Digital wallet,0
103202,61,Male,South,14,Month-to-month,37.52,40.68,49.5,1,2.66,75.88,1053.03,0,Bank transfer,1
103203,25,Female,South,4,Month-to-month,32.99,11.21,164.0,1,0.47,61.55,,0,Credit card,1
103204,35,Female,North,69,Month-to-month,23.46,20.38,73.8,0,0.1,49.05,3532.63,0,Digital wallet,0
103205,56,Female,West,31,Month-to-month,23.53,21.35,61.9,3,1.4,15.0,485.3,0,Digital wallet,0
103206,74,Male,East,15,Two year,34.68,36.79,202.9,1,2.13,87.85,1219.69,2,Credit card,0
103207,64,Female,South,16,Two year,11.99,11.4,123.6,0,1.21,88.61,1465.93,0,Credit card,0
103208,41,Male,North,8,Month-to-month,21.7,20.0,140.0,0,2.93,83.66,646.36,1,Bank transfer,0
103209,31,Female,East,15,Month-to-month,20.37,17.48,117.8,1,4.34,93.55,1361.48,0,Mailed check,0
103210,72,Female,West,56,Month-to-month,17.66,19.61,52.5,0,2.83,41.84,2368.28,0,Mailed check,0
103211,33,Male,South,47,One year,11.03,12.15,40.2,0,0.1,56.36,2585.37,0,Digital wallet,0
103212,37,Female,North,43,Month-to-month,27.14,23.56,139.4,0,2.47,53.11,2301.93,0,Bank transfer,0
103213,72,Female,North,1,Month-to-month,35.49,33.4,191.4,0,3.37,16.07,15.47,0,Bank transfer,0
103214,50,Female,North,48,Two year,33.13,21.2,88.1,1,1.94,50.07,2424.0,0,Bank transfer,0
103215,33,Male,East,69,Two year,47.92,43.81,194.7,0,2.97,69.26,4653.12,0,Credit card,0
103216,18,Female,West,66,One year,36.66,33.44,88.9,0,2.9,91.2,5518.32,0,Bank transfer,0
103217,42,Male,West,29,Month-to-month,25.5,23.65,79.0,1,0.85,77.98,2238.36,1,Credit card,0
103218,74,Male,West,43,Month-to-month,11.05,10.38,112.2,1,4.31,49.28,2121.75,0,Digital wallet,1
103219,42,Female,North,22,Month-to-month,24.01,25.5,59.3,0,2.07,88.93,1833.36,0,Digital wallet,1
103220,57,Male,West,64,One year,36.76,41.94,154.0,0,2.01,72.68,4651.21,2,Credit card,0
103221,32,Female,South,66,One year,27.1,23.41,200.8,0,3.18,24.21,1676.63,0,Credit card,0
103222,62,Male,South,16,Month-to-month,46.69,44.21,,0,0.1,70.25,1093.05,1,Bank transfer,0
103223,62,Male,East,35,Two year,66.15,69.47,76.2,3,4.4,85.39,2829.79,0,Digital wallet,0
103224,52,Male,North,17,Month-to-month,22.42,21.12,200.4,0,1.03,79.11,1244.7,0,Bank transfer,0
103225,61,Female,West,44,One year,35.36,32.09,66.3,0,5.21,36.41,1489.24,0,Digital wallet,0
103226,50,Female,West,21,Month-to-month,35.09,12.73,64.5,2,4.19,42.24,828.51,1,Credit card,0
103227,39,Male,West,50,Month-to-month,27.79,25.02,242.1,0,0.98,117.59,5610.01,0,Credit card,1
103228,60,Female,West,70,Month-to-month,19.33,10.66,270.2,1,3.0,43.24,2735.71,0,Mailed check,0
103229,65,Male,South,62,One year,17.58,18.1,119.1,0,1.07,67.32,4055.22,1,Credit card,0
103230,65,Female,North,13,Month-to-month,47.86,42.85,113.4,0,0.86,15.0,201.42,0,Credit card,0
103231,30,Male,West,10,Month-to-month,19.19,16.87,275.1,1,0.1,98.71,957.44,2,Credit card,1
103232,56,Female,East,58,One year,29.28,31.47,206.6,0,3.45,85.7,4853.29,1,Bank transfer,0
103233,18,Male,West,6,One year,2.04,1.94,280.1,2,1.82,109.13,645.44,1,Credit card,1
103234,50,Male,North,29,One year,62.0,69.34,72.7,1,3.68,39.61,1201.8,0,Credit card,0
103235,50,Female,South,71,One year,39.73,39.69,84.6,2,2.84,96.43,6460.74,0,Credit card,0
103236,38,Female,South,32,One year,15.95,14.19,26.2,0,0.67,39.92,1333.52,0,Bank transfer,0
103237,74,Male,East,1,One year,42.55,38.63,30.0,0,3.76,104.69,106.2,0,Mailed check,0
103238,68,Female,West,70,Month-to-month,37.26,13.63,33.4,1,3.28,15.0,1014.82,0,Mailed check,0
103239,20,Female,West,51,Month-to-month,68.0,75.78,86.1,0,1.78,92.02,4816.63,0,Bank transfer,0
103240,29,Male,North,24,Month-to-month,17.12,11.52,59.5,2,3.96,66.88,1674.67,0,Credit card,1
103241,29,Male,South,44,Month-to-month,37.01,17.14,117.7,0,2.09,82.99,3801.17,0,Digital wallet,1
103242,69,Female,North,44,Month-to-month,17.18,15.25,69.6,0,1.32,80.05,3408.45,0,Credit card,0
103243,47,Female,North,40,Month-to-month,23.91,22.58,226.4,1,2.21,77.39,3208.32,0,Credit card,0
103244,59,Female,South,69,Month-to-month,60.85,57.26,56.2,0,1.95,126.76,8795.41,0,Digital wallet,0
103245,64,Female,East,56,One year,49.05,56.22,24.3,1,0.27,111.98,5717.15,1,Credit card,0
103246,61,Female,South,19,One year,16.93,19.34,40.0,2,0.1,80.57,1386.16,0,Credit card,0
103247,23,Female,South,71,One year,14.01,5.04,,0,4.97,71.41,4866.82,0,Credit card,0
103248,25,Female,East,69,Two year,38.04,23.25,56.6,1,4.2,103.34,7107.09,1,Credit card,0
103249,40,Male,West,4,Month-to-month,32.1,7.42,160.1,0,4.72,105.15,434.96,0,Digital wallet,0
103250,37,Female,North,22,Month-to-month,20.21,21.38,116.1,0,3.85,69.18,1378.3,0,Mailed check,0
103251,60,Female,South,44,Month-to-month,38.1,35.08,192.0,0,1.88,67.95,2812.01,1,Bank transfer,0
103252,26,Male,East,63,Month-to-month,36.17,32.69,240.8,1,2.24,42.46,2707.44,0,Mailed check,0
103253,39,Female,West,51,Month-to-month,34.56,8.53,122.2,0,1.58,224.62268945528666,3616.89,0,Bank transfer,1
103254,31,Female,West,41,Two year,35.26,30.6,124.2,1,3.31,71.99,2923.4,0,Credit card,0
103255,28,Male,North,22,Month-to-month,12.36,7.64,16.8,1,3.21,91.06,1922.71,0,Digital wallet,1
103256,27,Male,South,7,Month-to-month,34.05,29.57,110.2,1,1.99,111.75,728.35,0,Digital wallet,0
103257,29,Male,West,64,Month-to-month,78.91,89.34,77.1,0,3.16,97.36,5664.44,0,Credit card,0
103258,50,Male,South,38,Month-to-month,9.74,10.04,148.5,0,4.24,92.85,3459.94,0,Bank transfer,0
103259,41,Male,South,33,One year,51.86,47.17,160.5,0,2.5,60.81,1861.89,0,Credit card,1
103260,42,Male,West,70,One year,23.96,25.98,43.6,0,0.75,56.32,3589.19,0,Credit card,0
103261,45,Male,North,12,One year,45.63,16.5,95.1,0,3.18,85.19,967.51,1,Credit card,1
103262,60,Male,East,19,One year,23.85,20.82,218.1,0,0.67,81.02,1599.28,0,Digital wallet,1
103263,67,Male,West,61,Month-to-month,45.42,45.73,160.9,1,1.29,83.99,5041.51,1,Credit card,0
103264,48,Female,North,21,Month-to-month,19.11,17.37,131.4,1,2.91,41.9,823.58,0,Bank transfer,1
103265,54,Male,East,67,One year,4.88,4.81,142.7,0,3.43,41.75,2777.32,0,Bank transfer,0
103266,60,Female,South,61,Month-to-month,34.76,31.94,14.6,1,2.64,53.48,3313.1,0,Bank transfer,0
103267,57,Male,West,8,Month-to-month,43.69,38.92,105.7,1,0.98,84.17,691.88,1,Digital wallet,1
103268,25,Female,West,33,Month-to-month,30.6,8.82,67.9,0,6.68,66.22,2291.4,0,Credit card,0
103269,74,Female,West,54,One year,45.88,51.75,240.0,0,1.72,104.5,5601.33,1,Mailed check,0
103270,27,Female,North,35,Month-to-month,20.67,10.2,325.2,1,3.18,40.7,1374.46,0,Bank transfer,1
103271,41,Male,West,16,Two year,32.48,10.63,68.7,0,1.62,41.04,657.89,0,Digital wallet,0
103272,55,Female,West,4,Month-to-month,62.03,43.02,258.6,2,1.09,60.43,221.54,1,Mailed check,0
103273,40,Male,East,1,Month-to-month,24.59,27.69,154.6,0,2.58,52.03,52.58,2,Credit card,1
103274,31,Male,East,13,Month-to-month,46.13,46.04,15.1,0,1.84,45.32,554.87,0,Mailed check,0
103275,70,Female,North,19,Month-to-month,26.5,16.17,221.0,1,2.64,67.53,,0,Bank transfer,0
103276,22,Male,West,22,Month-to-month,67.04,72.8,190.5,1,1.52,68.39,1459.28,2,Credit card,0
103277,32,Male,North,61,One year,15.61,10.06,106.0,0,2.7,33.87,1937.89,1,Bank transfer,0
103278,74,Female,South,37,Month-to-month,37.63,23.21,154.7,0,1.37,50.51,1897.75,0,Credit card,1
103279,59,Male,West,11,Month-to-month,32.39,29.49,165.4,0,4.11,83.26,944.81,0,Digital wallet,1
103280,22,Female,West,6,Month-to-month,22.7,22.0,239.1,1,2.95,58.5,345.95,2,Digital wallet,1
103281,61,Male,West,10,Month-to-month,24.54,22.52,241.9,1,2.31,44.7,458.52,0,Credit card,0
103282,73,Male,South,23,Two year,26.62,23.29,81.3,0,2.48,56.21,1326.4,0,Bank transfer,0
103283,23,Male,North,53,Month-to-month,69.75,68.16,63.4,1,1.93,34.57,1715.68,1,Credit card,0
103284,41,Male,South,4,One year,25.13,26.98,67.8,1,2.68,109.67,434.95,0,Credit card,1
103285,44,Male,North,29,Month-to-month,11.83,7.61,62.2,0,4.75,87.27,2654.79,0,Bank transfer,1
103286,25,Male,West,32,Month-to-month,12.88,13.83,83.7,1,1.64,126.49,3712.58,0,Credit card,0
103287,29,Male,East,11,Two year,36.1,35.49,85.8,0,2.74,67.54,740.71,0,Bank transfer,0
103288,27,Male,South,5,Month-to-month,46.61,45.86,58.7,1,1.35,56.3,268.84,1,Credit card,0
103289,28,Male,North,17,Two year,12.0,4.43,95.4,0,0.1,43.49,708.42,0,Bank transfer,0
103290,41,Female,South,11,Month-to-month,35.99,37.1,220.0,0,3.42,76.46,764.59,1,Credit card,0
103291,44,Female,West,57,Month-to-month,57.11,64.53,109.8,1,4.12,53.81,2889.68,0,Bank transfer,1
103292,31,Female,East,66,Two year,37.23,19.98,43.6,1,3.15,41.0,2782.43,0,Bank transfer,0
103293,34,Female,North,45,Month-to-month,35.07,22.92,70.6,1,6.0,98.1,4012.37,0,Credit card,0
103294,28,Male,North,54,Two year,23.53,21.06,276.6,1,1.96,65.98,3370.55,0,Bank transfer,0
103295,63,Male,South,55,Two year,28.92,28.09,213.3,1,1.16,71.55,4124.09,0,Digital wallet,0
103296,30,Female,North,63,Month-to-month,47.94,53.78,59.0,1,4.28,70.51,4094.86,1,Mailed check,0
103297,69,Male,West,7,Month-to-month,44.56,45.21,240.6,0,4.37,75.32,534.8,1,Bank transfer,0
103298,48,Female,East,71,Two year,50.12,54.52,168.4,1,4.15,21.29,1585.91,1,Digital wallet,0
103299,63,Male,North,33,Month-to-month,13.8,7.49,262.6,0,0.88,36.22,1235.24,1,Mailed check,1
103300,54,Male,West,39,One year,3.13,2.19,32.3,1,1.45,111.06,4453.86,0,Mailed check,1
103301,33,Female,South,57,Month-to-month,25.97,16.43,72.9,0,0.1,63.83,3818.62,0,Bank transfer,1
103302,52,Female,North,36,Month-to-month,55.7,55.07,174.9,0,5.46,75.32,2551.11,0,Credit card,0
103303,33,Female,East,19,Month-to-month,69.05,77.77,139.2,0,1.12,84.93,1684.83,1,Bank transfer,1
103304,24,Male,North,2,One year,12.7,14.18,249.2,0,0.69,55.63,109.16,2,Credit card,1
103305,32,Male,South,13,One year,49.38,48.58,193.3,0,2.34,38.27,455.7,0,Mailed check,0
103306,33,Female,West,6,One year,20.63,17.57,29.9,0,2.68,30.84,190.56,0,Digital wallet,0
103307,25,Male,West,28,Month-to-month,62.23,14.65,151.8,3,3.5,39.8,1024.83,0,Bank transfer,1
103308,19,Female,South,56,Month-to-month,46.35,20.9,200.9,2,2.3,47.79,2479.7,1,Credit card,0
103309,71,Male,East,24,Month-to-month,36.42,37.14,51.8,0,1.48,45.96,992.84,0,Credit card,1
103310,47,Female,North,43,Month-to-month,35.0,31.89,118.3,2,1.91,32.79,1348.89,1,Credit card,0
103311,40,Female,East,14,Month-to-month,65.37,60.28,56.9,0,1.59,88.02,1186.04,0,Bank transfer,0
103312,71,Male,North,42,One year,14.85,14.54,134.7,1,4.59,101.84,4015.79,0,Bank transfer,0
103313,30,Female,East,68,Month-to-month,35.92,35.38,94.2,0,2.49,41.63,2896.04,1,Bank transfer,1
103314,40,Male,North,23,Month-to-month,12.37,13.7,109.0,1,3.45,22.21,527.27,0,Credit card,0
103315,66,Male,West,35,One year,29.61,10.0,201.0,0,2.19,66.49,2197.25,2,Bank transfer,0
103316,54,Female,West,69,Month-to-month,31.86,27.38,80.3,0,0.1,102.86,6940.89,0,Digital wallet,0
103317,40,Female,South,44,Two year,45.87,43.05,87.8,0,4.96,31.74,1454.21,0,Credit card,0
103318,32,Male,West,29,Month-to-month,12.88,13.39,91.9,0,3.37,32.43,871.89,0,Credit card,0
103319,20,Male,North,9,Month-to-month,55.81,57.85,126.5,1,3.08,15.0,125.93,0,Bank transfer,0
103320,22,Male,East,67,Two year,40.09,37.9,81.5,1,0.1,71.46,4579.32,0,Credit card,0
103321,27,Female,North,44,One year,20.07,18.13,64.2,0,2.29,40.0,1647.83,0,Bank transfer,0
103322,62,Female,North,5,Two year,45.65,42.6,177.0,0,4.81,87.0,393.9,0,Credit card,1
103323,54,Female,East,40,Month-to-month,15.61,17.45,87.5,1,4.44,83.12,3440.44,1,Mailed check,0
103324,42,Male,South,69,Month-to-month,20.2,18.76,101.4,0,2.17,102.37,6412.98,0,Bank transfer,0
103325,62,Male,South,67,One year,21.23,21.18,158.6,0,4.33,92.41,5911.38,0,Credit card,0
103326,27,Male,South,14,Month-to-month,28.29,32.04,75.0,1,4.86,25.39,325.0,1,Digital wallet,1
103327,30,Male,North,30,One year,53.5,47.38,42.5,0,2.27,58.03,1657.67,1,Digital wallet,0
103328,40,Male,North,71,Month-to-month,39.92,44.36,236.6,1,4.48,93.48,6081.14,0,Credit card,0
103329,70,Female,East,56,Month-to-month,66.48,71.34,138.1,0,4.41,30.79,1580.58,0,Mailed check,0
103330,53,Male,East,40,Month-to-month,18.36,18.28,108.3,1,3.76,55.55,2213.46,0,Credit card,0
103331,66,Male,North,22,One year,30.89,19.69,114.7,0,3.9,66.74,1419.01,1,Mailed check,0
103332,32,Female,South,55,Month-to-month,16.61,11.11,264.8,1,1.19,63.75,3299.14,0,Credit card,0
103333,66,Female,East,42,Two year,37.32,42.34,159.9,1,3.68,72.39,3171.79,0,Credit card,0
103334,22,Female,East,38,Month-to-month,18.18,15.86,13.4,0,2.31,48.01,1907.51,0,Bank transfer,0
103335,30,Male,West,66,Month-to-month,27.13,13.11,107.0,1,1.14,41.59,2722.72,1,Bank transfer,0
103336,47,Male,South,27,Month-to-month,14.78,16.35,115.0,0,4.78,76.27,1916.37,0,Credit card,1
103337,20,Female,South,45,One year,16.72,15.2,108.7,1,2.32,60.53,2831.72,0,Digital wallet,0
103338,66,Female,East,4,Two year,47.33,45.26,25.8,0,2.85,117.85,450.15,1,Credit card,0
103339,67,Male,South,51,Month-to-month,27.63,6.33,49.6,0,,37.24,1847.27,0,Credit card,1
103340,48,Female,North,39,Month-to-month,6.72,2.51,31.6,0,0.17,63.54,2504.44,0,Credit card,0
103341,35,Male,North,63,One year,51.93,46.04,288.9,1,2.06,31.88,2031.05,0,Credit card,0
103342,23,Male,West,24,Month-to-month,51.45,15.14,109.8,0,3.66,74.15,1724.24,0,Credit card,1
103343,53,Male,North,66,One year,44.55,20.7,121.1,1,2.52,59.81,3871.64,0,Credit card,0
103344,48,Female,East,41,One year,22.54,22.51,96.2,1,1.97,78.11,3349.58,0,Credit card,0
103345,61,Male,East,15,Month-to-month,46.38,41.78,35.8,1,3.0,47.15,689.08,1,Credit card,1
103346,52,Female,South,12,One year,61.58,57.06,,1,4.11,19.02,229.6,0,Bank transfer,0
103347,25,Male,West,14,One year,33.04,28.68,64.1,0,0.1,96.91,1264.27,0,Credit card,0
103348,24,Male,East,22,Month-to-month,29.84,28.09,289.7,0,2.34,407.85692564142266,1911.09,1,Mailed check,1
103349,62,Female,North,40,Month-to-month,25.17,22.63,97.9,0,2.53,88.58,3283.54,0,Credit card,1
103350,27,Female,West,62,Month-to-month,47.82,50.48,74.0,0,5.15,87.23,5164.5,1,Bank transfer,0
103351,71,Male,South,71,One year,36.84,38.36,194.6,0,4.31,67.49,4635.03,1,Digital wallet,0
103352,24,Male,South,49,One year,44.8,31.02,,0,,80.29,3936.84,0,Digital wallet,0
103353,59,Male,East,35,Month-to-month,22.72,23.84,43.5,0,4.51,42.34,1351.82,0,Credit card,1
103354,73,Male,East,44,Month-to-month,30.32,31.92,57.9,2,2.27,54.58,2197.49,0,Bank transfer,0
103355,43,Male,South,24,Month-to-month,48.75,42.94,193.6,0,0.1,93.38,2034.51,0,Digital wallet,0
103356,21,Female,West,18,Month-to-month,17.5,16.0,77.2,1,0.49,115.74,1994.14,0,Mailed check,0
103357,67,Male,East,39,Month-to-month,19.73,21.13,127.8,0,4.55,73.21,2655.96,0,Bank transfer,0
103358,28,Female,East,59,Month-to-month,17.64,17.55,97.6,0,3.18,15.0,898.64,0,Credit card,0
103359,48,Female,North,5,Month-to-month,25.87,26.88,166.2,0,1.03,73.88,378.18,0,Bank transfer,1
103360,74,Female,North,8,One year,26.83,23.26,89.0,0,4.87,100.47,752.88,1,Digital wallet,0
103361,60,Female,South,13,One year,21.81,21.07,64.7,1,3.56,57.4,740.42,2,Bank transfer,1
103362,20,Female,East,15,Month-to-month,23.26,22.83,56.9,0,2.12,39.9,582.6,0,Digital wallet,1
103363,64,Male,South,11,One year,38.42,40.64,175.6,1,2.95,89.02,910.75,0,Credit card,1
103364,27,Male,West,10,Month-to-month,23.11,25.96,74.1,1,1.18,56.14,558.83,0,Mailed check,0
103365,60,Female,North,2,Month-to-month,49.44,50.54,123.5,1,5.5,232.65692112313877,113.1,0,Digital wallet,0
103366,53,Male,East,25,Two year,15.57,16.79,211.8,1,0.72,23.26,596.4,0,Digital wallet,0
103367,34,Female,West,52,Month-to-month,31.65,33.01,108.9,0,0.57,23.75,1167.45,0,Mailed check,0
103368,42,Female,West,12,Month-to-month,24.79,27.84,136.3,1,2.79,85.9,951.58,0,Credit card,0
103369,24,Female,West,24,Month-to-month,57.45,62.8,,1,6.82,34.09,850.69,1,Digital wallet,0
103370,74,Male,West,70,One year,27.67,25.57,88.8,0,0.39,109.22,7948.47,0,Credit card,0
103371,31,Male,North,12,Month-to-month,44.07,40.4,214.9,0,3.72,114.85,1299.5,0,Credit card,1
103372,35,Male,East,71,Two year,44.79,50.32,165.0,0,2.6,38.91,2509.69,0,Bank transfer,0
103373,46,Male,West,37,Month-to-month,21.81,8.11,95.4,4,3.1,47.74,1777.52,2,Bank transfer,1
103374,56,Male,East,52,Month-to-month,55.99,57.63,109.7,1,4.21,82.63,4102.36,0,Credit card,0
103375,46,Male,North,23,Month-to-month,27.94,15.84,92.6,2,1.47,103.18,2405.88,0,Mailed check,1
103376,46,Male,West,24,One year,24.03,23.67,153.8,0,2.11,69.22,1513.01,1,Digital wallet,0
103377,51,Female,North,28,Month-to-month,41.67,25.65,72.5,0,1.47,48.72,1321.68,1,Mailed check,0
103378,66,Female,South,10,Two year,30.22,32.03,153.6,3,4.6,55.34,525.65,1,Credit card,0
103379,40,Female,North,23,Two year,18.52,17.31,259.0,2,4.41,67.8,1553.78,0,Bank transfer,1
103380,65,Male,South,64,Month-to-month,25.22,27.55,116.8,1,,51.56,3321.01,1,Digital wallet,1
103381,62,Male,South,1,Month-to-month,21.85,22.03,46.0,0,3.07,95.49,99.53,0,Bank transfer,0
103382,72,Female,South,41,Month-to-month,14.7,16.34,99.9,1,4.07,47.65,1860.2,0,Digital wallet,0
103383,70,Male,West,49,One year,23.68,24.7,246.7,0,0.11,76.48,3445.38,0,Credit card,0
103384,63,Male,South,11,One year,33.12,30.73,109.3,0,4.58,84.05,965.39,0,Bank transfer,1
103385,32,Female,South,8,Month-to-month,39.88,24.53,53.6,1,2.4,65.25,514.45,0,Mailed check,0
103386,62,Female,West,40,Two year,16.26,18.53,97.1,0,1.82,59.34,2468.57,1,Digital wallet,1
103387,59,Female,West,16,Month-to-month,10.83,10.51,224.4,1,4.6,64.4,1055.73,0,Credit card,1
103388,34,Male,North,70,Two year,43.84,47.34,72.7,3,4.2,43.22,2945.6,0,Digital wallet,0
103389,56,Male,North,14,Two year,23.45,21.73,226.8,0,0.45,84.37,1078.75,0,Credit card,0
103390,32,Male,East,10,Month-to-month,37.0,36.08,92.5,0,3.58,61.73,583.28,0,Bank transfer,1
103391,47,Female,West,24,Month-to-month,30.09,32.24,359.1,1,3.52,58.71,1415.92,0,Credit card,0
103392,63,Male,East,24,Month-to-month,33.42,35.39,77.4,0,0.1,37.61,911.78,0,Digital wallet,0
103393,28,Male,North,12,Two year,58.83,66.58,61.5,2,3.34,113.7,1279.44,0,Digital wallet,1
103394,37,Male,East,48,Month-to-month,21.97,6.04,16.1,0,1.88,86.43,4132.46,0,Mailed check,0
103395,63,Male,East,25,Two year,17.43,18.99,102.1,1,4.19,28.5,652.24,0,Bank transfer,0
103396,43,Male,East,38,Month-to-month,12.75,12.07,91.1,0,1.22,79.13,2802.55,1,Bank transfer,0
103397,72,Female,West,18,Month-to-month,41.15,13.12,245.6,0,2.68,49.77,822.74,0,Credit card,0
103398,18,Female,West,7,Two year,17.15,19.02,178.3,0,1.7,42.28,275.39,2,Bank transfer,0
103399,59,Female,East,5,Month-to-month,54.44,16.97,220.8,1,1.55,46.7,215.95,0,Mailed check,1
103400,64,Male,East,4,One year,25.75,29.0,193.2,1,0.1,77.97,,1,Digital wallet,0
103401,70,Female,East,62,Month-to-month,94.63,107.52,104.5,1,4.1,61.4,3948.9,0,Credit card,0
103402,26,Female,South,19,Month-to-month,31.3,35.06,680.1,0,4.24,63.73,1265.31,0,Credit card,1
103403,74,Male,South,22,Month-to-month,24.38,25.81,99.0,0,2.61,72.09,1520.45,0,Credit card,0
103404,40,Female,East,42,Month-to-month,37.73,13.15,136.1,0,3.06,88.47,3823.22,0,Digital wallet,0
103405,38,Male,East,7,One year,17.55,19.11,290.5,1,1.4,122.79,785.37,0,Bank transfer,0
103406,38,Female,South,43,Month-to-month,8.14,8.5,181.7,4,4.11,58.41,2474.86,0,Credit card,1
103407,54,Male,North,38,Month-to-month,44.99,42.56,116.9,1,2.87,54.38,2047.42,0,Bank transfer,0
103408,55,Male,East,57,Month-to-month,37.37,40.91,150.2,0,2.59,67.65,3707.66,0,Credit card,0
103409,45,Male,East,9,One year,18.94,17.39,72.1,1,4.71,82.62,671.73,1,Bank transfer,1
103410,22,Female,South,2,Two year,14.79,14.48,85.0,0,0.55,92.43,175.53,2,Credit card,0
103411,74,Male,South,55,One year,22.58,21.52,,2,0.1,40.12,1987.59,0,Digital wallet,0
103412,30,Female,North,27,Two year,30.49,27.49,53.8,0,3.17,125.62,3463.82,1,Bank transfer,1
103413,23,Male,West,5,Month-to-month,74.15,80.79,68.3,1,2.19,35.54,186.56,0,Bank transfer,0
103414,52,Female,West,40,Month-to-month,28.38,28.14,27.7,2,0.8,87.28,3250.98,0,Credit card,0
103415,41,Male,East,33,Month-to-month,13.87,13.98,107.2,1,2.76,83.78,2808.24,0,Mailed check,0
103416,53,Male,South,68,Month-to-month,20.47,20.48,116.6,0,3.05,29.96,2105.98,1,Credit card,0
103417,67,Male,East,68,One year,38.2,40.37,198.0,1,3.82,71.74,4601.55,1,Credit card,0
103418,23,Male,South,39,One year,14.4,13.0,60.9,0,0.85,21.34,829.98,0,Credit card,0
103419,34,Male,West,12,Month-to-month,15.43,15.43,85.5,0,1.89,44.27,497.97,0,Credit card,0
103420,47,Male,North,54,Two year,26.78,5.98,169.1,0,2.95,63.33,3111.79,0,Bank transfer,0
103421,62,Female,North,15,Month-to-month,16.5,15.31,187.2,2,4.16,68.54,1014.32,0,Credit card,0
103422,52,Male,East,60,One year,35.98,41.07,182.0,1,3.86,96.13,5442.59,0,Credit card,0
103423,39,Male,North,43,Month-to-month,38.59,33.5,64.4,2,1.76,47.69,2110.91,2,Digital wallet,0
103424,52,Male,East,26,One year,36.3,40.97,32.5,2,3.28,74.1,2010.81,0,Bank transfer,0
103425,73,Female,West,70,Month-to-month,48.8,42.36,115.1,0,1.72,88.15,5717.56,1,Credit card,0
103426,45,Male,North,37,Two year,13.24,11.69,104.8,0,1.88,63.55,2169.13,0,Digital wallet,0
103427,68,Female,South,28,Two year,48.2,54.07,120.0,1,2.03,64.86,1689.02,0,Credit card,1
103428,62,Male,East,14,Month-to-month,20.72,9.73,132.6,0,1.54,28.57,387.9,1,Digital wallet,1
103429,35,Female,West,47,Month-to-month,6.9,3.93,145.9,0,3.6,24.55,1093.52,1,Bank transfer,0
103430,32,Male,South,20,One year,43.46,45.38,146.8,0,3.9,43.97,875.98,0,Mailed check,1
103431,61,Male,North,11,One year,55.5,52.57,86.7,0,,99.8,1064.55,1,Digital wallet,0
103432,29,Female,East,9,Month-to-month,14.91,4.93,95.6,3,2.76,99.9,812.15,0,Credit card,1
103433,37,Male,South,46,One year,49.53,50.84,78.0,1,1.92,96.21,4480.43,0,Bank transfer,0
103434,31,Male,West,66,Two year,30.52,15.87,172.0,0,1.09,74.28,4671.87,0,Bank transfer,0
103435,52,Female,East,18,One year,20.9,9.88,53.2,0,0.86,78.05,1404.29,0,Bank transfer,0
103436,34,Male,North,16,Month-to-month,26.67,24.0,279.1,0,5.12,54.73,898.46,1,Bank transfer,0
103437,55,Female,West,44,Two year,27.68,6.91,106.5,0,1.38,55.69,2245.29,0,Bank transfer,0
103438,71,Male,South,11,Month-to-month,25.21,21.92,105.8,0,3.45,15.0,163.24,1,Bank transfer,1
103439,65,Male,North,7,Month-to-month,17.67,15.28,94.2,0,3.09,70.24,511.26,0,Bank transfer,0
103440,72,Male,East,46,Two year,45.51,42.37,175.4,4,,76.78,3250.13,0,Credit card,1
103441,19,Male,West,38,Month-to-month,41.91,37.88,112.5,2,,49.59,1867.32,0,Digital wallet,1
103442,43,Male,East,3,Month-to-month,19.13,18.58,80.8,1,2.94,87.81,245.64,0,Mailed check,1
103443,30,Female,North,17,One year,23.94,26.64,170.4,0,2.46,95.72,1568.74,0,Bank transfer,0
103444,70,Female,East,15,Two year,44.28,14.16,71.7,1,1.85,36.92,559.12,0,Bank transfer,0
103445,58,Male,North,49,Month-to-month,29.95,28.85,177.6,1,2.5,122.75,6172.59,0,Bank transfer,0
103446,36,Female,South,48,Month-to-month,16.46,15.96,39.3,0,3.21,78.61,3919.79,1,Credit card,0
103447,50,Female,,54,Month-to-month,27.5,24.37,222.0,1,1.21,103.78,5719.27,1,Bank transfer,0
103448,52,Female,North,8,Month-to-month,11.41,13.08,69.7,0,4.66,47.8,394.0,1,Bank transfer,0
103449,46,Male,South,61,Month-to-month,52.11,46.56,47.8,0,3.53,101.27,5643.77,2,Credit card,0
103450,45,Female,West,15,Month-to-month,34.25,32.59,90.4,2,0.1,81.55,1229.52,2,Credit card,0
103451,21,Male,North,71,Two year,27.65,31.34,82.7,0,2.16,57.67,4113.01,0,Bank transfer,0
103452,43,Female,West,62,One year,2.87,2.83,133.2,0,5.69,37.5,2122.62,1,Bank transfer,0
103453,37,Female,East,33,Two year,65.11,61.95,46.0,0,3.04,65.25,2046.51,2,Bank transfer,0
103454,64,Male,South,56,Two year,10.37,3.33,130.8,0,1.41,84.48,4508.39,0,Credit card,0
103455,67,Male,North,48,Two year,40.35,17.93,89.8,0,3.46,66.92,3202.72,1,Credit card,0
103456,60,Male,North,55,One year,19.21,20.45,112.2,0,0.1,67.21,3628.13,1,Digital wallet,0
103457,19,Female,North,2,Month-to-month,14.65,12.6,53.0,0,2.9,52.81,109.91,0,Digital wallet,1
103458,65,Female,East,6,Two year,31.52,16.2,107.9,0,1.75,31.92,176.46,1,Digital wallet,0
103459,40,Male,West,65,Month-to-month,25.71,24.33,70.5,0,2.56,69.44,4463.62,0,Bank transfer,0
103460,41,Male,West,56,Month-to-month,22.15,22.68,34.9,2,0.5,41.75,2150.6,0,Credit card,0
103461,71,Male,North,44,Month-to-month,31.03,10.88,153.5,0,1.85,88.78,4019.12,0,Bank transfer,1
103462,67,Male,North,23,Month-to-month,45.96,52.73,62.6,0,0.1,86.0,1893.35,1,Bank transfer,0
103463,20,Female,,30,Month-to-month,33.39,38.08,131.2,1,1.57,106.74,3016.32,1,Mailed check,0
103464,38,Male,West,28,One year,17.3,4.56,63.2,0,2.68,55.57,1466.61,1,Credit card,0
103465,60,Male,North,31,Month-to-month,20.78,21.57,106.0,0,4.17,63.94,,0,Bank transfer,0
103466,48,Female,North,45,Month-to-month,40.2,38.27,336.5,1,6.2,28.2,1181.82,0,Bank transfer,1
103467,32,Male,East,54,Month-to-month,21.05,21.37,194.3,0,1.27,51.13,2644.06,0,Bank transfer,0
103468,47,Female,East,28,Two year,27.9,31.53,262.6,2,3.26,64.86,1643.83,0,Digital wallet,0
103469,67,Female,North,60,Month-to-month,50.01,52.52,200.6,0,2.0,66.95,3920.27,0,Bank transfer,0
103470,30,Male,East,7,Month-to-month,26.99,24.15,104.1,1,2.05,55.5,360.42,0,Bank transfer,1
103471,60,Female,North,58,One year,17.33,19.78,175.4,0,2.63,49.34,2811.83,0,Credit card,0
103472,59,Female,North,49,Two year,19.21,21.53,96.1,0,2.26,71.09,3206.32,0,Credit card,0
103473,68,Female,North,37,Month-to-month,30.49,27.9,45.7,0,5.3,57.53,1997.87,1,Bank transfer,0
103474,34,Male,South,27,One year,34.31,35.93,122.9,0,2.05,431.6327419768408,2689.22,0,Digital wallet,1
103475,30,Male,West,27,Month-to-month,15.96,5.34,36.9,0,0.78,71.31,2020.0,0,Bank transfer,0
103476,49,Male,South,26,Two year,16.93,18.85,94.0,1,2.78,51.66,1278.99,1,Bank transfer,0
103477,48,Male,West,68,One year,36.45,33.39,210.4,0,0.89,92.09,6079.94,0,Mailed check,0
103478,41,Male,South,2,One year,42.45,47.85,187.7,0,1.95,39.84,76.98,0,Credit card,0
103479,62,Female,East,46,Month-to-month,25.46,5.6,94.8,1,4.09,55.22,2422.63,0,Bank transfer,1
103480,63,Female,West,71,One year,2.03,1.84,261.9,1,2.13,38.79,2585.39,0,Digital wallet,0
103481,32,Male,South,39,Month-to-month,38.5,22.11,141.9,1,3.28,58.65,2279.17,0,Mailed check,0
103482,63,Male,West,46,Month-to-month,6.81,6.52,158.5,0,2.19,99.33,,1,Digital wallet,0
103483,31,Male,East,43,One year,11.2,6.16,82.6,0,2.89,69.69,2898.93,0,Bank transfer,0
103484,41,Male,East,36,One year,28.04,31.77,172.6,1,1.46,21.8,752.89,0,Bank transfer,0
103485,19,Female,North,45,Month-to-month,51.46,58.35,98.7,2,3.72,55.42,2523.89,0,Digital wallet,0
103486,37,Male,East,65,Two year,33.09,17.72,57.2,0,0.52,71.67,4763.77,0,Credit card,0
103487,72,Male,South,51,Month-to-month,38.65,33.12,142.6,0,1.3,72.27,3329.35,1,Digital wallet,0
103488,43,Female,West,61,One year,23.25,11.83,108.4,2,2.62,60.64,3643.36,0,Bank transfer,0
103489,58,Male,West,40,Month-to-month,19.12,21.23,103.9,1,3.74,84.23,3090.16,1,Credit card,1
103490,24,Male,,55,Month-to-month,52.07,55.1,150.0,1,2.82,79.64,4001.23,0,Bank transfer,0
103491,54,Male,West,63,Two year,5.54,6.15,37.7,2,3.27,61.21,3666.83,0,Mailed check,0
103492,39,Female,West,16,Month-to-month,37.42,36.99,73.4,1,0.67,70.93,1033.46,0,Bank transfer,0
103493,60,Male,East,62,Two year,32.7,37.43,132.4,1,2.03,61.49,3962.64,0,Mailed check,0
103494,70,Female,North,49,Month-to-month,7.69,2.68,53.6,1,2.86,66.4,3266.46,0,Mailed check,1
103495,48,Female,North,32,One year,13.84,14.88,65.8,1,2.58,69.77,2225.55,0,Bank transfer,0
103496,23,Male,North,55,Month-to-month,33.56,36.17,172.2,1,0.88,90.4,4600.51,0,Credit card,1
103497,45,Female,North,12,One year,33.51,32.78,46.1,0,1.24,76.81,947.17,0,Mailed check,0
103498,25,Female,West,50,Two year,45.45,43.98,193.9,1,2.3,65.08,3055.87,0,Digital wallet,0
103499,43,Male,North,41,One year,27.34,24.93,151.9,0,3.62,54.88,2114.04,0,Bank transfer,0
103500,21,Female,East,64,Month-to-month,39.86,34.58,160.7,0,5.65,81.58,5396.03,0,Bank transfer,0
103501,54,Male,East,45,One year,2.17,2.43,50.2,0,0.86,72.94,3261.88,0,Credit card,0
103502,35,Male,East,38,One year,27.68,28.44,198.2,0,2.58,62.6,2379.23,0,Digital wallet,0
103503,29,Female,North,38,Month-to-month,24.92,25.36,120.5,0,0.97,57.39,2280.93,0,Mailed check,0
103504,18,Male,East,40,One year,31.82,30.27,264.8,1,2.46,66.64,2558.73,0,Credit card,1
103505,68,Male,East,64,One year,30.17,32.34,154.0,1,1.92,48.32,2910.4,0,Digital wallet,0
103506,65,Male,East,56,One year,27.24,26.48,103.0,0,3.11,28.94,1523.25,1,Bank transfer,0
103507,64,Male,North,7,Month-to-month,30.16,7.77,39.9,1,0.1,104.34,679.14,0,Credit card,1
103508,21,Female,East,38,Month-to-month,21.65,23.66,135.7,0,2.0,105.05,4093.71,1,Bank transfer,1
103509,37,Female,North,21,Two year,31.74,27.74,184.0,0,2.66,68.77,1362.18,1,Digital wallet,0
103510,73,Male,East,12,One year,92.41,46.16,170.7,1,2.81,78.49,864.12,0,Bank transfer,0
103511,50,Female,South,62,Month-to-month,15.06,13.92,55.6,1,2.99,59.66,3759.02,1,Credit card,0
103512,25,Male,North,61,Two year,14.66,13.71,258.4,0,2.74,78.08,4974.7,0,Mailed check,0
103513,26,Male,West,67,Month-to-month,46.65,39.98,75.0,2,4.39,68.12,4632.43,2,Bank transfer,1
103514,32,Female,North,28,Month-to-month,26.98,15.28,192.0,1,4.49,70.28,1869.17,1,Mailed check,1
103515,73,Female,West,31,One year,25.84,15.64,61.6,0,,40.9,1173.94,1,Credit card,0
103516,27,Male,West,56,One year,14.27,14.97,17.7,0,1.72,110.09,6276.34,1,Bank transfer,1
103517,69,Male,South,14,Two year,16.07,9.05,,1,2.8,37.8,528.92,0,Bank transfer,1
103518,56,Female,South,4,One year,18.7,9.9,63.6,0,3.71,86.56,321.85,0,Credit card,1
103519,70,Female,North,30,Month-to-month,11.97,7.33,64.4,1,2.56,45.56,1424.38,0,Mailed check,0
103520,65,Male,West,45,Month-to-month,42.72,45.31,44.8,0,0.87,16.35,727.53,0,Bank transfer,0
103521,36,Female,East,33,Month-to-month,25.29,14.69,55.0,0,3.94,89.22,2911.14,1,Digital wallet,0
103522,65,Female,North,15,Two year,85.9,57.76,,1,3.09,69.82,1004.81,0,Credit card,1
103523,27,Female,South,37,Month-to-month,34.16,33.28,28.8,2,5.14,31.61,1088.61,0,Credit card,0
103524,34,Male,North,67,Month-to-month,14.88,16.2,294.0,1,1.38,82.33,5447.57,0,Bank transfer,0
103525,30,Female,East,20,Month-to-month,32.6,37.03,129.3,1,2.86,56.77,1093.46,0,Mailed check,0
103526,25,Female,South,29,Month-to-month,37.0,7.51,105.8,0,3.15,111.33,2984.95,1,Digital wallet,1
103527,23,Female,North,23,Month-to-month,19.91,5.44,128.1,0,2.16,30.62,635.88,0,Digital wallet,1
103528,28,Male,West,21,One year,42.51,45.53,81.1,0,1.08,50.03,1084.98,1,Digital wallet,0
103529,24,Male,North,47,Month-to-month,36.95,38.87,101.8,0,2.92,86.37,4220.85,0,Bank transfer,1
103530,39,Female,South,27,Two year,16.4,16.15,86.1,1,1.86,55.18,1363.36,0,Bank transfer,0
103531,22,Male,East,45,Two year,32.44,32.96,143.7,0,2.54,45.43,1929.91,0,Credit card,0
103532,21,Female,West,2,Month-to-month,31.83,29.81,179.0,1,2.56,71.54,144.34,0,Digital wallet,1
103533,74,Female,South,48,Two year,26.44,24.41,66.9,1,0.91,93.33,4466.12,0,Credit card,0
103534,22,Male,West,8,Month-to-month,27.77,23.82,53.9,1,1.85,64.56,495.64,0,Credit card,0
103535,22,Female,South,27,Month-to-month,18.5,9.07,75.9,2,1.89,60.51,1549.55,0,Credit card,1
103536,19,Female,West,62,Month-to-month,54.52,54.2,68.5,0,2.6,46.88,3046.47,1,Credit card,1
103537,25,Male,North,24,Two year,17.63,16.17,145.2,0,3.21,54.56,1200.25,2,Credit card,0
103538,48,Female,East,50,One year,25.58,10.24,107.0,0,2.98,37.96,1942.19,1,Credit card,0
103539,65,Female,North,25,Month-to-month,27.64,27.37,58.2,0,3.81,96.39,2307.97,1,Bank transfer,1
103540,59,Male,West,65,One year,82.22,89.92,302.1,2,2.73,83.53,4896.92,2,Credit card,0
103541,51,Female,West,68,One year,38.58,37.04,27.9,0,5.5,33.61,2330.72,0,Credit card,0
103542,22,Male,South,65,One year,24.91,23.58,159.9,0,3.09,51.53,3504.56,1,Bank transfer,0
103543,62,Male,South,29,Month-to-month,33.66,33.12,67.1,0,0.5,84.5,2510.5,0,Credit card,0
103544,20,Female,East,23,Two year,33.06,33.01,84.7,2,1.92,82.1,1875.62,0,Credit card,0
103545,53,Male,North,44,One year,29.48,27.47,134.5,2,7.29,63.3,2817.96,0,Credit card,1
103546,41,Male,East,58,Month-to-month,15.43,15.89,14.3,1,0.49,59.5,3250.61,0,Digital wallet,1
103547,68,Male,East,38,Two year,48.58,17.99,136.3,1,3.22,65.64,2348.89,0,Credit card,1
103548,35,Female,South,53,Month-to-month,3.28,2.82,174.0,1,5.89,54.57,2975.66,0,Credit card,0
103549,54,Male,North,63,One year,23.29,23.19,201.7,1,0.66,281.5830071193779,5769.01,0,Digital wallet,0
103550,43,Female,West,54,One year,16.33,17.06,63.6,0,4.88,83.26,4348.0,1,Credit card,0
103551,47,Male,North,27,Month-to-month,25.04,24.79,160.2,1,4.88,72.93,1958.63,1,Digital wallet,0
103552,71,Male,East,18,Month-to-month,42.38,48.46,,0,2.1,38.45,662.52,0,Credit card,1
103553,58,Male,North,31,One year,26.66,23.9,181.8,1,0.1,50.39,1616.95,2,Credit card,0
103554,41,Male,North,41,Two year,21.22,20.93,118.7,0,3.44,50.06,1937.08,0,Digital wallet,0
103555,43,Male,North,60,Two year,66.14,37.89,206.8,0,2.4,56.59,3137.5,0,Bank transfer,0
103556,58,Female,South,22,One year,16.27,15.26,328.9,1,2.25,70.15,1430.75,0,Credit card,0
103557,37,Male,East,12,Month-to-month,28.33,13.26,103.8,0,3.54,105.14,1310.44,1,Bank transfer,0
103558,27,Female,South,23,Month-to-month,26.72,29.95,66.4,0,2.55,70.07,1524.9,1,Digital wallet,1
103559,44,Female,East,43,One year,25.42,22.98,122.5,0,0.16,31.23,1405.45,1,Mailed check,0
103560,21,Female,East,17,Month-to-month,22.58,10.46,81.1,0,2.36,82.68,1273.56,0,Credit card,0
103561,27,Male,North,29,One year,32.27,7.26,75.0,0,3.08,31.95,840.75,0,Bank transfer,0
103562,41,Female,North,19,Month-to-month,24.45,24.61,268.6,0,3.27,77.01,1496.94,0,Digital wallet,0
103563,63,Female,East,70,Month-to-month,10.88,4.68,88.1,0,4.45,54.72,3679.67,0,Credit card,0
103564,62,Female,East,37,One year,12.8,12.51,86.1,0,0.1,79.97,2975.39,0,Bank transfer,0
103565,32,Female,East,52,One year,28.43,31.99,75.7,0,4.05,78.79,4051.64,1,Bank transfer,0
103566,42,Male,North,37,One year,54.36,27.4,132.1,1,1.96,69.88,2593.51,0,Credit card,1
103567,26,Female,West,1,Month-to-month,20.03,20.37,152.0,1,2.81,39.52,38.68,1,Bank transfer,1
103568,61,Male,North,19,Two year,34.5,34.15,,1,3.83,50.02,955.6,0,Mailed check,0
103569,32,Female,,60,Month-to-month,46.7,47.91,53.5,2,1.39,78.35,4632.74,0,Digital wallet,0
103570,63,Female,North,37,One year,37.89,12.89,219.8,1,1.95,70.06,2489.78,3,Bank transfer,1
103571,65,Female,East,50,One year,34.5,36.69,61.0,0,3.38,111.08,5580.04,2,Digital wallet,0
103572,57,Male,South,55,Month-to-month,24.88,7.95,52.5,0,1.64,69.02,3485.69,0,Credit card,0
103573,36,Male,East,40,One year,17.45,15.0,96.5,0,3.03,84.97,3195.5,0,Credit card,0
103574,72,Female,North,42,One year,39.26,36.27,56.5,1,0.91,55.5,2163.48,1,Credit card,0
103575,57,Female,East,17,Month-to-month,46.92,22.3,132.5,0,4.34,44.09,769.04,0,Credit card,0
103576,54,Male,North,18,One year,5.5,5.06,74.1,1,3.66,94.12,1682.89,0,Bank transfer,0
103577,66,Male,East,11,Month-to-month,40.58,26.62,175.2,0,1.38,47.45,469.87,1,Mailed check,1
103578,68,Male,North,22,Two year,45.47,44.32,145.0,1,4.16,29.66,668.03,0,Digital wallet,0
103579,22,Female,North,45,Month-to-month,25.17,25.74,153.1,2,3.16,31.84,1348.7,0,Bank transfer,0
103580,68,Male,East,66,Month-to-month,23.02,25.89,125.7,1,1.09,74.25,4418.48,1,Credit card,0
103581,61,Male,North,32,One year,34.67,35.36,122.5,0,3.55,48.32,1410.26,1,Credit card,0
103582,29,Female,North,43,Month-to-month,16.68,15.09,70.3,2,3.59,27.25,1151.97,0,Bank transfer,0
103583,35,Male,West,62,Two year,23.07,5.96,76.0,0,0.15,113.1,6502.73,0,Credit card,1
103584,60,Female,West,49,Month-to-month,29.7,29.93,78.0,0,0.1,15.0,730.85,0,Bank transfer,0
103585,30,Male,West,19,Month-to-month,55.0,53.82,167.7,0,1.92,54.75,1069.72,0,Digital wallet,0
103586,43,Female,South,20,Month-to-month,60.89,21.59,131.6,0,1.41,105.55,2029.41,0,Digital wallet,0
103587,57,Female,South,46,Month-to-month,16.94,17.68,77.6,0,3.47,66.48,3151.89,0,Bank transfer,0
103588,55,Female,West,21,Month-to-month,37.52,39.06,108.4,1,1.52,126.56,2477.23,1,Credit card,0
103589,69,Male,North,18,Month-to-month,28.9,30.29,216.1,1,1.62,84.57,1516.4,2,Mailed check,0
103590,24,Male,East,43,Month-to-month,37.54,43.14,6.4,1,,35.53,1579.53,1,Bank transfer,0
103591,34,Male,North,46,Month-to-month,24.04,20.63,100.4,0,4.41,83.75,3785.07,0,Bank transfer,1
103592,74,Female,West,18,Month-to-month,43.44,46.86,110.5,1,0.24,50.84,930.68,0,Mailed check,0
103593,50,Male,East,4,Month-to-month,30.56,33.81,74.3,1,4.55,58.65,232.43,1,Credit card,1
103594,32,Male,South,55,Month-to-month,20.84,4.77,40.0,1,4.88,39.89,,0,Digital wallet,1
103595,34,Male,South,28,Month-to-month,40.53,14.7,70.8,0,2.32,48.66,1414.08,1,Mailed check,1
103596,37,Female,North,45,Month-to-month,27.62,15.12,62.7,1,1.94,83.12,3481.25,0,Credit card,0
103597,49,Female,South,13,Month-to-month,33.45,30.89,112.3,0,0.1,42.33,560.06,2,Mailed check,0
103598,34,Female,East,23,Month-to-month,17.26,6.2,65.7,0,0.52,16.62,349.38,0,Mailed check,0
103599,53,Female,South,44,Month-to-month,30.3,12.1,108.5,1,2.36,75.25,3222.93,1,Credit card,1
103600,43,Female,South,9,Two year,49.89,53.75,246.1,1,1.83,58.87,523.13,0,Bank transfer,0
103601,52,Male,North,23,Month-to-month,22.91,20.2,54.0,0,2.02,87.99,2026.37,0,Bank transfer,0
103602,26,Male,East,52,Month-to-month,60.55,40.44,184.3,1,3.07,45.83,2395.74,0,Digital wallet,0
103603,53,Male,South,55,One year,38.32,14.31,95.2,0,5.2,90.55,4523.33,0,Mailed check,0
103604,70,Male,North,26,Month-to-month,31.35,31.75,20.8,1,1.65,82.87,2043.51,0,Mailed check,1
103605,25,Male,West,9,Month-to-month,18.31,17.34,176.6,0,1.65,77.9,701.25,1,Bank transfer,1
103606,36,Male,South,2,One year,41.07,19.29,174.3,0,2.33,31.25,59.76,0,Digital wallet,0
103607,57,Male,South,40,One year,11.06,10.16,53.4,0,2.14,63.51,2456.53,0,Mailed check,0
103608,53,Male,West,50,Two year,26.39,27.56,133.1,3,5.07,87.57,4005.07,0,Credit card,1
103609,56,Female,South,43,Two year,24.34,23.63,93.0,2,2.24,51.16,2178.05,0,Credit card,0
103610,49,Female,West,29,One year,14.06,12.65,118.6,0,,15.0,412.88,0,Bank transfer,0
103611,56,Female,East,2,One year,38.85,40.1,69.4,4,6.42,48.07,88.16,0,Digital wallet,1
103612,52,Male,East,17,Month-to-month,24.75,16.5,57.1,1,,41.29,684.87,1,Credit card,1
103613,22,Male,North,3,Two year,27.34,27.4,49.2,0,2.26,49.82,143.53,3,Bank transfer,0
103614,60,Female,North,33,One year,20.3,9.22,203.9,0,1.83,28.88,947.82,0,Mailed check,0
103615,43,Female,South,22,Month-to-month,42.11,36.32,54.2,0,1.1,84.36,1734.05,1,Credit card,0
103616,20,Male,North,6,Month-to-month,36.5,10.4,132.0,0,2.69,80.21,444.09,0,Credit card,1
103617,41,Male,North,44,One year,51.59,56.55,55.1,1,0.17,42.3,1770.67,0,Mailed check,0
103618,42,Male,East,27,Month-to-month,26.36,30.21,331.7,1,,54.17,1517.98,1,Credit card,0
103619,22,Female,East,69,Two year,19.88,18.94,54.1,2,1.72,43.17,2776.44,1,Digital wallet,0
103620,74,Male,North,30,Month-to-month,36.91,10.02,53.0,0,2.59,77.16,2186.03,2,Credit card,1
103621,30,Female,East,7,Two year,53.93,61.81,221.5,0,2.94,39.95,284.59,0,Credit card,0
103622,36,Male,West,51,Month-to-month,24.33,27.95,88.3,0,0.74,43.6,2254.67,0,Credit card,0
103623,43,Female,East,50,One year,3.42,2.22,45.2,1,4.04,67.5,3237.45,0,Bank transfer,1
103624,65,Female,West,66,Month-to-month,16.09,15.92,99.2,0,3.25,43.81,2954.34,0,Bank transfer,0
103625,60,Female,East,50,Month-to-month,51.99,58.55,60.1,0,2.13,106.92,5410.92,0,Credit card,0
103626,61,Male,North,26,Month-to-month,23.28,25.26,364.4,0,3.11,47.0,1151.98,0,Bank transfer,0
103627,31,Female,South,48,Month-to-month,55.96,35.97,29.9,1,2.41,83.31,3971.26,0,Mailed check,0
103628,66,Female,West,57,Month-to-month,24.54,7.99,149.6,1,2.52,87.06,4660.68,0,Credit card,1
103629,65,Male,East,37,Two year,32.23,35.46,226.0,2,1.53,29.91,1082.52,0,Credit card,0
103630,44,Male,West,57,Month-to-month,37.91,33.62,160.7,0,2.72,58.43,3218.99,1,Bank transfer,0
103631,49,Male,West,69,One year,9.72,10.53,67.5,0,3.17,43.23,2897.83,0,Mailed check,0
103632,20,Male,North,54,One year,17.0,15.65,189.1,1,1.3,87.63,4936.13,0,Digital wallet,0
103633,61,Male,South,36,Month-to-month,23.53,25.28,113.8,0,2.97,63.07,2313.36,0,Credit card,1
103634,72,Female,East,35,Two year,35.03,17.92,145.8,0,0.1,87.26,3032.04,0,Credit card,0
103635,44,Female,North,60,One year,36.54,33.64,164.1,2,4.4,105.79,5761.77,0,Bank transfer,0
103636,48,Female,East,62,One year,21.08,22.87,52.0,0,0.7,108.16,6163.82,0,Mailed check,0
103637,46,Female,West,19,Two year,24.03,26.87,140.7,2,0.1,38.17,722.3,0,Digital wallet,0
103638,22,Female,East,1,One year,11.39,11.4,157.9,2,1.79,35.51,36.85,0,Digital wallet,0
103639,53,Female,North,58,Two year,23.96,23.48,100.4,0,2.88,35.47,1866.53,0,Credit card,0
103640,59,Male,East,17,Month-to-month,7.48,6.68,67.0,2,2.1,93.37,1664.22,0,Credit card,1
103641,70,Female,North,71,Month-to-month,31.35,8.88,96.0,0,3.77,83.8,5774.98,0,Credit card,0
103642,70,Male,West,3,One year,16.06,14.79,264.7,2,2.19,81.99,235.44,1,Bank transfer,1
103643,46,Male,North,65,Month-to-month,42.5,48.77,131.9,0,2.25,78.72,5128.64,0,Bank transfer,0
103644,72,Male,West,49,One year,34.78,37.19,106.1,0,2.36,54.76,2813.18,0,Credit card,0
103645,48,Female,South,22,Month-to-month,13.63,14.73,53.3,1,5.13,67.24,1376.63,0,Credit card,0
103646,54,Male,South,3,Month-to-month,44.79,49.01,187.1,0,1.95,73.4,229.98,0,Bank transfer,0
103647,52,Female,South,61,Two year,93.21,95.55,139.8,0,6.35,67.82,3800.3,0,Bank transfer,0
103648,74,Female,North,9,Month-to-month,14.04,4.43,80.0,0,5.56,48.82,,0,Bank transfer,0
103649,60,Male,South,7,Month-to-month,10.17,9.99,71.3,0,0.81,105.24,740.75,0,Credit card,0
103650,24,Male,West,57,One year,24.16,23.06,47.8,0,3.98,34.99,1940.85,0,Credit card,0
103651,22,Male,West,49,One year,36.38,31.22,143.3,1,1.67,54.54,2624.46,1,Credit card,0
103652,41,Female,North,10,Two year,60.02,65.59,28.3,0,2.81,101.54,1062.65,0,Digital wallet,0
103653,47,Male,East,25,Month-to-month,8.79,9.76,146.4,1,0.19,88.24,2238.72,0,Credit card,0
103654,56,Female,West,48,Two year,95.83,91.32,30.0,0,2.47,33.26,1673.81,0,Bank transfer,0
103655,45,Male,West,47,One year,43.54,43.74,91.4,0,6.78,15.0,646.51,0,Bank transfer,0
103656,47,Female,South,26,Two year,15.88,16.25,190.5,1,1.43,39.25,979.2,2,Digital wallet,1
103657,70,Female,North,30,Month-to-month,43.15,45.19,24.2,0,3.75,67.98,1911.54,2,Bank transfer,0
103658,37,Female,West,6,Month-to-month,46.04,30.4,215.7,1,2.83,66.52,378.73,0,Digital wallet,0
103659,46,Female,South,1,Month-to-month,12.38,12.93,70.2,0,1.85,64.17,67.06,2,Bank transfer,0
103660,49,Male,South,69,One year,38.89,35.35,95.3,0,4.47,79.39,5385.28,0,Bank transfer,0
103661,44,Female,West,17,Month-to-month,27.45,28.99,70.3,0,1.96,65.67,1144.38,0,Credit card,0
103662,73,Male,North,66,Month-to-month,8.41,9.05,75.6,0,2.59,88.84,5285.25,1,Credit card,1
103663,72,Male,West,4,One year,39.39,15.79,57.5,1,3.01,83.94,328.48,0,Digital wallet,0
103664,47,Male,North,71,Month-to-month,54.9,16.7,180.4,1,4.48,15.0,1111.28,0,Mailed check,0
103665,43,Female,East,31,Month-to-month,38.78,33.17,154.3,0,2.07,67.2,1981.63,0,Credit card,0
103666,51,Female,West,58,Month-to-month,15.01,15.54,53.7,0,6.04,59.64,3369.53,0,Bank transfer,0
103667,28,Female,West,60,Two year,33.54,32.7,133.0,1,0.1,71.85,4073.78,0,Credit card,0
103668,42,Male,West,25,One year,36.21,40.4,34.0,2,1.75,58.97,1484.13,0,Credit card,0
103669,30,Male,West,53,One year,37.72,42.74,116.7,1,4.5,24.71,1180.41,0,Bank transfer,0
103670,26,Female,North,24,Two year,13.9,14.24,82.4,0,1.8,76.45,1808.34,0,Credit card,0
103671,23,Female,West,57,One year,16.25,15.76,137.9,0,2.91,82.37,4304.16,0,Digital wallet,0
103672,51,Female,West,69,Month-to-month,19.97,22.59,93.4,1,1.2,18.86,1259.6,0,Credit card,0
103673,18,Male,South,58,One year,43.04,40.07,167.5,0,0.52,108.19,6122.16,1,Credit card,0
103674,54,Male,South,52,Two year,43.05,19.89,59.0,0,1.87,88.49,4422.8,0,Credit card,0
103675,42,Male,North,27,Month-to-month,35.5,35.42,157.9,0,3.78,42.53,1042.21,0,Digital wallet,0
103676,38,Female,East,8,One year,36.74,35.12,28.1,0,1.74,37.53,295.34,0,Credit card,0
103677,61,Male,East,36,Month-to-month,40.51,36.3,111.1,1,2.51,70.05,2364.44,2,Bank transfer,0
103678,48,Female,South,10,Two year,33.72,21.09,102.7,0,1.89,68.23,659.21,1,Bank transfer,0
103679,59,Male,South,37,One year,23.05,25.78,60.8,0,3.67,80.5,2721.17,0,Bank transfer,0
103680,58,Male,East,62,Two year,43.41,40.16,140.2,3,0.24,77.29,4430.0,0,Bank transfer,0
103681,19,Female,North,9,One year,11.77,12.82,147.5,1,2.48,79.66,711.46,0,Bank transfer,1
103682,30,Male,West,64,Month-to-month,15.12,9.32,69.5,0,2.12,37.23,2499.57,0,Mailed check,0
103683,50,Male,North,43,Month-to-month,11.17,12.02,82.4,0,1.28,61.5,2769.23,0,Credit card,0
103684,73,Female,North,4,Two year,35.98,37.78,125.8,0,4.47,73.58,269.96,0,Credit card,0
103685,26,Male,North,52,Month-to-month,6.52,5.75,33.5,0,0.1,59.08,3032.16,2,Credit card,0
103686,24,Female,West,1,Month-to-month,13.92,7.39,71.7,0,3.19,81.17,84.06,0,Bank transfer,0
103687,71,Male,West,44,One year,18.43,11.18,75.1,0,3.33,91.93,3882.58,1,Credit card,1
103688,73,Male,North,37,Month-to-month,54.48,32.13,86.2,0,2.05,44.28,1672.15,0,Digital wallet,1
103689,27,Male,North,53,Month-to-month,35.33,34.28,161.8,1,5.56,64.12,3131.08,0,Bank transfer,0
103690,40,Male,South,27,Month-to-month,47.03,53.05,155.9,2,3.29,51.78,1465.0,0,Digital wallet,1
103691,53,Male,North,9,Month-to-month,18.08,17.36,57.5,1,1.57,54.39,487.78,0,Digital wallet,1
103692,29,Female,East,28,One year,40.09,34.32,108.2,1,3.57,23.92,664.83,0,Digital wallet,0
103693,36,Male,North,55,Month-to-month,22.83,24.38,122.2,0,1.94,75.33,4089.92,0,Mailed check,0
103694,40,Male,South,68,Month-to-month,29.51,20.12,135.7,2,2.04,136.66,9621.8,1,Bank transfer,1
103695,54,Female,South,15,Two year,6.8,7.19,46.0,1,4.33,75.45,1071.01,0,Credit card,1
103696,35,Male,South,25,Month-to-month,38.39,39.32,19.7,0,3.46,122.23,2848.21,0,Bank transfer,1
103697,41,Male,South,63,One year,36.48,34.98,285.8,0,4.26,97.28,6006.93,0,Bank transfer,0
103698,34,Female,North,23,Month-to-month,38.49,36.45,64.3,1,0.1,46.19,1113.05,1,Credit card,0
103699,61,Female,North,18,Month-to-month,57.11,30.15,98.0,3,3.18,75.61,1425.54,0,Credit card,1
103700,26,Male,North,60,One year,46.78,42.98,124.1,1,4.93,84.63,,0,Bank transfer,0
103701,31,Male,North,35,One year,20.82,21.39,95.9,1,0.97,83.33,2645.85,2,Bank transfer,0
103702,32,Male,West,42,Two year,16.23,18.65,100.2,0,2.91,46.97,2014.64,0,Credit card,0
103703,69,Female,North,35,Month-to-month,80.32,40.08,120.8,1,2.32,70.27,2450.71,0,Bank transfer,1
103704,71,Male,South,43,Month-to-month,16.59,18.0,61.2,0,3.74,106.81,4564.2,0,Credit card,0
103705,46,Female,North,20,Month-to-month,24.61,25.75,62.0,1,1.84,26.14,525.36,0,Mailed check,0
103706,26,Male,West,52,Month-to-month,5.59,5.7,64.4,3,3.85,90.85,4273.96,0,Digital wallet,0
103707,61,Male,West,26,Month-to-month,41.35,43.89,130.5,2,2.23,94.53,2363.3,0,Credit card,1
103708,46,Female,West,38,Two year,18.43,18.44,148.8,1,6.74,22.16,818.43,0,Credit card,1
103709,66,Male,East,14,One year,26.34,29.09,57.0,1,3.21,49.3,689.4,0,Credit card,0
103710,38,Male,West,1,Month-to-month,34.57,35.42,61.0,0,6.1,58.09,57.34,0,Credit card,0
103711,74,Female,South,41,Month-to-month,22.41,14.63,139.8,0,3.64,86.9,3610.4,1,Credit card,1
103712,63,Female,West,10,Month-to-month,38.39,35.48,162.0,0,2.1,65.18,639.68,0,Credit card,0
103713,30,Male,West,65,Month-to-month,57.03,58.12,173.8,1,2.73,51.23,3312.82,1,Credit card,0
103714,59,Female,North,69,One year,28.98,26.77,66.1,1,3.25,66.98,4162.97,0,Credit card,0
103715,34,Female,South,23,Two year,42.98,43.44,132.3,0,0.1,75.85,1736.76,1,Digital wallet,0
103716,37,Female,North,21,Month-to-month,25.7,28.05,245.5,0,4.11,60.97,1250.58,0,Credit card,1
103717,32,Male,North,37,Month-to-month,27.67,29.56,75.6,1,2.92,105.64,,1,Credit card,0
103718,56,Female,West,15,Month-to-month,19.19,17.87,154.5,1,3.49,65.85,992.21,0,Digital wallet,0
103719,32,Male,North,62,Month-to-month,40.38,43.16,111.2,0,3.6,83.52,4662.04,1,Digital wallet,0
103720,54,Female,East,8,Two year,45.64,40.49,312.8,1,0.73,38.56,313.22,1,Bank transfer,0
103721,51,Female,West,33,One year,45.24,47.21,20.9,1,2.8,74.08,2525.33,1,Digital wallet,0
103722,60,Male,South,14,Two year,18.53,7.06,120.4,1,2.68,52.33,671.78,1,Bank transfer,1
103723,74,Female,South,60,Two year,34.11,32.22,212.1,1,0.8,52.37,2995.09,1,Bank transfer,0
103724,18,Male,East,11,Month-to-month,64.09,28.61,54.4,1,4.85,103.54,1173.44,0,Digital wallet,1
103725,74,Male,West,32,One year,38.77,40.13,157.1,0,5.48,48.54,1412.43,0,Credit card,0
103726,24,Female,North,60,One year,46.15,29.06,77.6,0,2.09,52.16,2923.31,1,Credit card,0
103727,48,Female,North,32,Month-to-month,39.36,43.64,29.8,0,3.43,21.78,711.5,0,Bank transfer,0
103728,37,Female,East,14,Month-to-month,18.48,16.45,76.1,0,2.57,42.87,572.31,0,Credit card,0
103729,54,Female,West,12,One year,21.81,23.1,57.3,0,2.12,22.57,257.53,0,Credit card,1
103730,59,Female,North,43,Two year,23.93,25.25,184.3,0,1.99,94.46,3898.36,0,Digital wallet,0
103731,67,Male,South,9,Month-to-month,29.4,20.27,315.7,1,0.76,74.2,697.89,0,Bank transfer,1
103732,40,Female,West,26,Two year,52.22,56.24,79.9,0,3.2,85.15,2011.72,0,Digital wallet,0
103733,71,Male,North,44,Two year,32.27,36.81,76.5,1,1.69,76.62,3219.83,1,Bank transfer,0
103734,36,Male,North,27,Two year,50.96,20.93,24.0,1,3.55,41.02,1056.89,0,Bank transfer,1
103735,29,Male,East,59,Month-to-month,25.45,25.32,174.9,0,1.97,85.42,5275.98,0,Digital wallet,0
103736,39,Male,North,49,Month-to-month,26.77,23.85,232.0,1,0.87,60.18,2781.27,0,Bank transfer,0
103737,48,Male,North,10,One year,8.09,8.56,141.3,1,1.6,79.51,828.18,0,Digital wallet,0
103738,56,Female,East,59,Month-to-month,23.82,24.14,74.4,0,3.16,15.0,850.04,1,Credit card,0
103739,65,Female,East,65,Month-to-month,55.19,60.36,123.7,0,2.1,35.15,2212.74,0,Credit card,0
103740,30,Male,South,15,One year,50.07,24.78,171.4,0,1.23,47.38,711.79,1,Bank transfer,0
103741,35,Male,South,26,Month-to-month,20.5,22.31,95.7,0,5.02,72.65,1836.07,0,Credit card,1
103742,71,Female,East,29,Month-to-month,8.98,9.61,148.9,1,0.57,25.62,692.85,0,Credit card,0
103743,43,Male,East,31,Two year,11.2,6.93,,0,4.56,121.85,3875.26,0,Mailed check,0
103744,31,Female,West,33,Month-to-month,23.79,23.06,42.0,0,4.3,96.57,3003.0,1,Credit card,0
103745,74,Female,West,64,Two year,26.27,26.08,166.6,0,3.94,97.54,6420.98,1,Mailed check,0
103746,43,Male,East,47,Month-to-month,27.46,30.89,114.4,0,3.75,100.93,4958.2,0,Bank transfer,0
103747,74,Female,West,64,Month-to-month,30.47,29.88,124.4,0,1.45,78.62,4931.4,0,Credit card,0
103748,70,Female,West,25,Month-to-month,8.58,3.94,180.4,1,1.78,36.79,851.84,0,Digital wallet,1
103749,69,Female,North,38,Month-to-month,29.55,30.31,58.6,0,5.49,76.46,2685.79,1,Credit card,0
103750,51,Male,West,8,Month-to-month,37.05,39.09,76.7,0,4.19,52.69,433.22,1,Bank transfer,0
103751,63,Female,West,20,Two year,19.65,17.39,229.7,2,3.36,59.2,1115.97,0,Credit card,0
103752,72,Female,South,42,Two year,29.56,31.95,120.9,1,1.76,86.39,3534.46,0,Credit card,0
103753,33,Male,North,13,Month-to-month,63.36,25.49,171.2,0,1.29,50.92,673.62,1,Bank transfer,0
103754,20,Female,East,69,Month-to-month,46.92,10.91,,0,0.88,49.61,3109.3,0,Credit card,1
103755,36,Female,South,20,One year,35.9,30.68,146.9,0,1.58,89.03,1718.28,0,Mailed check,0
103756,54,Male,East,12,Month-to-month,27.02,30.92,150.3,0,2.22,44.53,534.68,0,Bank transfer,0
103757,49,Male,South,56,Month-to-month,22.29,6.82,69.5,0,2.88,57.27,3162.92,0,Bank transfer,0
103758,22,Female,North,7,Month-to-month,28.56,29.15,329.1,0,4.43,62.9,423.13,0,Bank transfer,0
103759,49,Male,North,24,Month-to-month,41.85,15.3,123.5,0,5.83,79.52,1818.63,0,Digital wallet,0
103760,27,Female,West,15,Month-to-month,28.68,25.82,34.7,2,4.89,83.28,1139.18,1,Bank transfer,0
103761,46,Male,North,50,Month-to-month,31.32,33.99,40.6,1,0.73,48.39,2397.24,0,Mailed check,0
103762,50,Female,East,60,One year,43.08,47.53,79.3,0,1.49,23.17,1263.29,2,Credit card,1
103763,54,Female,North,14,Month-to-month,29.44,11.8,28.5,1,1.2,96.99,1328.26,0,Mailed check,1
103764,41,Female,South,30,Month-to-month,46.58,27.39,211.4,0,4.28,15.0,414.03,1,Bank transfer,1
103765,41,Female,South,34,Month-to-month,20.78,5.89,70.6,0,3.83,75.16,2315.21,0,Credit card,1
103766,56,Male,North,50,Month-to-month,14.49,13.2,48.6,0,1.92,63.82,3105.09,0,Bank transfer,0
103767,60,Male,East,25,Two year,57.75,49.81,128.2,0,2.5,71.54,1691.74,0,Bank transfer,0
103768,64,Female,East,38,One year,6.84,1.62,148.1,0,3.01,72.71,2689.1,0,Bank transfer,0
103769,37,Female,North,36,Two year,18.19,8.98,82.9,0,3.51,59.06,1965.77,1,Bank transfer,0
103770,42,Male,South,1,Month-to-month,23.56,23.73,149.3,0,4.55,62.91,65.74,2,Credit card,1
103771,36,Female,East,41,Month-to-month,49.09,10.02,169.8,1,3.0,73.33,2712.18,0,Credit card,0
103772,48,Female,East,41,Month-to-month,12.01,12.52,81.5,0,2.38,71.67,2704.43,0,Credit card,1
103773,25,Male,South,71,Month-to-month,9.57,8.62,44.8,1,3.31,15.0,1072.11,0,Credit card,0
103774,42,Male,West,37,One year,14.27,14.54,75.4,1,2.37,63.28,2433.91,0,Mailed check,1
103775,28,Female,North,64,Month-to-month,23.24,23.43,91.8,0,3.29,85.0,4933.34,0,Credit card,0
103776,48,Female,North,25,Month-to-month,26.49,29.38,107.9,0,2.41,143.45295971732585,1060.31,0,Bank transfer,0
103777,66,Male,East,50,Month-to-month,33.5,22.29,172.3,1,4.48,76.57,3766.34,0,Bank transfer,0
103778,74,Female,East,65,Month-to-month,56.43,61.78,93.9,1,4.61,90.52,5684.45,0,Digital wallet,1
103779,43,Female,West,11,Month-to-month,20.1,17.88,63.2,0,2.39,67.34,689.39,2,Bank transfer,1
103780,21,Male,North,41,One year,7.0,7.43,74.0,0,5.81,68.1,2568.3,0,Credit card,0
103781,30,Male,South,66,Two year,32.56,10.68,118.6,1,2.99,31.08,2108.65,0,Bank transfer,0
103782,23,Female,East,40,Month-to-month,18.01,18.02,125.2,2,3.32,62.67,2302.73,0,Bank transfer,1
103783,61,Male,North,64,Month-to-month,20.38,20.17,254.2,2,4.84,77.44,4977.48,0,Bank transfer,0
103784,74,Male,South,30,Month-to-month,25.19,22.64,91.1,0,5.72,54.08,1661.42,0,Mailed check,0
103785,49,Male,East,63,Month-to-month,20.45,21.97,63.5,0,4.45,55.35,3150.02,1,Credit card,0
103786,28,Female,North,45,One year,13.94,8.6,22.2,0,3.18,77.98,3550.09,0,Credit card,0
103787,19,Male,South,35,Month-to-month,35.79,39.75,30.6,1,2.12,73.89,2592.59,1,Credit card,1
103788,73,Female,,16,Two year,75.7,69.01,139.1,0,3.16,76.65,1203.66,0,Mailed check,1
103789,36,Female,West,13,Two year,28.06,10.94,71.7,1,3.58,25.76,305.38,0,Digital wallet,0
103790,24,Male,North,21,Month-to-month,83.74,71.91,199.2,0,3.31,75.57,1644.39,0,Digital wallet,0
103791,28,Male,North,54,Two year,6.45,6.66,26.8,0,2.34,24.95,1396.17,0,Mailed check,0
103792,32,Male,North,34,One year,26.01,29.76,78.1,1,1.55,58.28,1884.86,0,Digital wallet,0
103793,55,Male,North,28,Two year,61.93,65.25,167.7,0,2.98,113.48,3019.96,0,Credit card,0
103794,68,Female,North,34,Month-to-month,12.35,11.43,213.9,0,1.68,79.17,2643.55,0,Digital wallet,0
103795,33,Female,East,25,Two year,39.97,44.44,145.9,0,0.14,73.17,1886.56,0,Credit card,0
103796,57,Female,North,58,Month-to-month,29.95,30.3,178.0,1,1.31,44.08,2658.48,0,Bank transfer,0
103797,21,Female,North,28,Month-to-month,25.69,25.77,61.5,1,1.96,103.56,2718.16,0,Credit card,0
103798,18,Female,North,34,Two year,42.47,36.83,87.0,0,1.45,72.77,2433.24,1,Credit card,1
103799,21,Female,South,40,Month-to-month,24.44,21.22,221.4,0,2.95,15.0,572.8,1,Bank transfer,0
103800,70,Female,North,46,Month-to-month,37.06,37.95,58.1,0,0.72,48.01,2059.86,0,Bank transfer,1
103801,51,Male,East,24,Month-to-month,65.16,45.57,105.7,0,0.88,71.84,1552.49,0,Digital wallet,1
103802,63,Female,East,6,Month-to-month,44.0,19.83,154.3,1,4.48,59.36,336.22,0,Credit card,1
103803,19,Male,East,49,Month-to-month,7.53,8.22,205.5,1,3.99,92.07,4282.3,0,Digital wallet,1
103804,19,Female,North,40,Month-to-month,89.92,61.27,98.2,1,3.05,36.78,1468.53,0,Digital wallet,0
103805,66,Male,West,46,Month-to-month,35.01,37.67,84.6,0,4.68,69.35,3179.21,0,Digital wallet,0
103806,23,Female,East,39,Two year,29.79,33.72,132.6,0,1.51,49.3,2012.63,0,Bank transfer,0
103807,26,Female,North,37,Month-to-month,10.94,10.95,263.8,0,3.68,68.94,2549.4,0,Bank transfer,1
103808,47,Male,South,68,Two year,29.36,30.43,131.8,0,2.28,51.25,3216.54,1,Credit card,0
103809,52,Female,West,4,One year,22.48,9.76,135.4,0,4.8,66.48,262.85,0,Digital wallet,0
103810,31,Female,South,7,One year,15.14,15.72,98.0,1,2.91,102.74,665.12,1,Credit card,0
103811,43,Female,South,67,One year,13.45,12.97,60.8,1,1.24,25.5,1577.1,0,Bank transfer,0
103812,56,Male,East,63,Two year,12.64,7.04,85.8,0,4.6,116.47,,0,Credit card,0
103813,43,Female,North,30,Month-to-month,10.52,8.95,96.9,0,1.96,151.96,4225.08,0,Credit card,1
103814,39,Female,West,39,One year,22.25,24.51,85.0,2,0.79,52.44,1987.01,0,Credit card,1
103815,22,Male,North,32,Two year,21.61,18.8,103.7,0,4.84,99.96,3314.19,1,Credit card,0
103816,43,Male,North,71,One year,31.67,36.04,138.5,0,3.51,87.42,6151.14,0,Credit card,0
103817,63,Female,North,33,Month-to-month,82.39,19.1,72.2,1,1.25,84.24,2693.56,0,Bank transfer,1
103818,53,Male,South,54,One year,36.24,39.98,,0,2.4,45.96,2358.39,0,Bank transfer,0
103819,68,Male,West,26,One year,27.2,11.49,132.7,0,2.35,41.36,988.11,0,Credit card,0
103820,25,Female,West,28,Month-to-month,25.94,22.86,109.8,0,1.21,53.05,1528.21,0,Credit card,0
103821,18,Male,West,48,One year,27.64,24.51,93.0,0,,54.36,2662.61,1,Bank transfer,0
103822,49,Male,South,29,Two year,22.3,7.48,58.3,0,2.4,34.26,1031.05,0,Credit card,1
103823,28,Male,South,1,Month-to-month,38.95,41.72,139.6,0,4.02,45.31,46.04,0,Credit card,0
103824,51,Male,South,13,Month-to-month,26.04,15.54,331.2,0,3.8,90.17,1141.15,0,Bank transfer,0
103825,69,Male,North,63,Month-to-month,38.87,18.12,209.6,0,1.72,103.61,6064.45,1,Bank transfer,0
103826,37,Female,West,27,One year,27.59,27.95,150.4,1,3.8,42.31,1179.11,0,Credit card,1
103827,49,Female,South,8,Month-to-month,28.91,30.2,224.5,2,4.78,126.02,938.23,0,Bank transfer,1
103828,56,Female,South,67,One year,45.15,42.3,76.0,0,1.26,29.11,1892.33,0,Credit card,0
103829,26,Male,South,71,Month-to-month,11.62,6.04,66.5,1,3.65,35.37,2508.26,0,Credit card,0
103830,69,Male,West,36,Two year,35.27,39.33,103.8,0,2.57,17.82,659.03,0,Bank transfer,0
103831,29,Female,North,45,One year,6.46,2.11,107.8,0,2.14,19.83,916.06,0,Bank transfer,0
103832,64,Male,East,54,Two year,51.72,52.38,197.8,0,2.57,93.53,4821.76,0,Credit card,0
103833,55,Female,East,5,Month-to-month,33.7,8.71,170.6,0,3.77,52.97,243.2,0,Mailed check,0
103834,26,Male,West,22,Month-to-month,38.49,20.8,25.8,1,0.66,63.82,1366.79,0,Credit card,1
103835,59,Female,North,40,One year,44.99,45.88,173.1,1,2.55,55.89,2304.77,0,Credit card,0
103836,29,Female,North,40,Month-to-month,23.36,26.8,93.9,0,2.0,31.41,1185.28,1,Credit card,0
103837,52,Female,South,24,Month-to-month,20.41,8.6,128.0,0,2.58,20.38,479.69,1,Mailed check,1
103838,72,Male,West,1,Month-to-month,19.67,21.27,100.3,0,2.27,15.0,13.86,0,Digital wallet,0
103839,72,Male,West,68,Month-to-month,18.58,7.59,71.5,2,1.42,55.64,3826.94,1,Credit card,0
103840,67,Female,East,44,One year,42.57,44.98,127.3,1,5.38,72.91,3179.3,1,Credit card,1
103841,46,Male,North,54,Month-to-month,26.71,29.64,68.3,2,0.1,38.25,2088.13,0,Credit card,0
103842,49,Female,North,32,Month-to-month,19.33,13.19,,0,3.4,15.0,452.88,2,Bank transfer,0
103843,35,Male,East,36,Month-to-month,52.11,59.79,61.3,0,3.42,84.6,3050.06,0,Bank transfer,1
103844,70,Female,North,32,Month-to-month,48.66,12.61,49.0,0,2.67,87.96,2605.4,0,Bank transfer,1
103845,45,Male,East,31,Month-to-month,78.04,85.35,321.5,2,2.97,25.96,774.88,0,Credit card,1
103846,61,Female,West,48,Two year,21.82,23.83,78.6,2,3.5,31.03,1528.45,1,Credit card,0
103847,38,Female,South,71,Two year,43.32,39.31,95.1,0,1.76,80.46,5579.57,0,Credit card,0
103848,60,Female,South,56,Two year,36.45,19.02,207.7,1,2.0,15.0,869.31,0,Credit card,0
103849,30,Male,North,48,Month-to-month,36.84,40.96,114.3,0,2.08,26.56,1303.63,0,Bank transfer,0
103850,59,Male,North,1,Month-to-month,61.41,68.44,59.6,1,3.27,97.5,95.46,1,Credit card,1
103851,20,Male,East,37,Month-to-month,31.96,32.89,60.0,1,3.32,47.75,1680.24,0,Credit card,0
103852,23,Female,South,68,One year,22.98,24.01,56.9,0,,62.04,4269.88,0,Bank transfer,0
103853,38,Male,North,29,One year,26.36,27.34,262.5,0,2.46,31.48,924.41,0,Credit card,0
103854,45,Female,North,40,One year,5.79,5.87,23.2,0,1.64,89.74,3510.21,0,Bank transfer,0
103855,58,Male,North,24,Month-to-month,39.7,35.92,52.2,0,1.15,58.93,1302.01,0,Digital wallet,1
103856,38,Male,East,14,One year,60.79,63.67,80.1,0,1.85,86.38,1146.43,0,Digital wallet,0
103857,19,Female,East,51,Two year,36.3,34.99,79.8,1,0.89,47.69,2363.69,0,Credit card,0
103858,36,Male,South,23,Month-to-month,31.05,31.39,74.7,1,0.1,32.17,770.68,0,Credit card,0
103859,43,Male,South,42,Two year,44.39,10.22,141.0,1,2.69,57.78,2465.75,0,Digital wallet,0
103860,48,Female,North,43,One year,31.82,17.26,121.3,0,3.98,39.55,1728.87,0,Bank transfer,1
103861,54,Female,South,61,Month-to-month,46.79,52.42,66.1,0,2.1,47.68,2706.78,0,Credit card,0
103862,32,Female,North,67,Two year,30.7,27.1,77.0,1,3.95,39.37,2435.34,0,Mailed check,0
103863,52,Female,West,40,Two year,45.52,51.74,375.1,0,3.72,28.86,1207.28,1,Bank transfer,1
103864,54,Female,North,4,One year,28.44,29.02,124.2,1,1.26,80.03,301.91,2,Credit card,0
103865,62,Female,South,42,Month-to-month,10.86,5.21,11.3,1,1.32,72.47,3038.54,1,Credit card,1
103866,47,Male,North,63,Month-to-month,15.9,8.96,59.8,0,0.41,175.06685131420744,2263.01,0,Mailed check,0
103867,64,Male,West,34,One year,15.98,18.13,75.0,1,2.92,105.18,3498.88,0,Bank transfer,0
103868,30,Male,North,41,Month-to-month,18.36,16.71,317.0,0,3.32,42.05,1570.89,1,Credit card,0
103869,58,Female,West,55,Month-to-month,30.65,26.56,78.2,0,2.55,81.63,4266.8,1,Credit card,0
103870,20,Female,North,32,Month-to-month,48.17,49.92,81.8,0,1.4,15.0,499.07,0,Credit card,0
103871,23,Male,West,30,Month-to-month,20.27,20.43,31.3,0,2.43,53.25,1571.42,1,Digital wallet,1
103872,67,Female,East,35,One year,14.34,15.35,107.0,0,3.59,15.0,547.38,1,Digital wallet,0
103873,45,Male,,61,Month-to-month,11.97,12.34,162.0,0,3.44,38.87,2191.48,0,Digital wallet,0
103874,53,Female,North,35,Month-to-month,24.47,24.58,102.5,0,3.32,70.85,2257.09,0,Mailed check,0
103875,52,Female,South,24,Month-to-month,44.54,49.92,77.8,1,3.02,67.96,1629.3,1,Digital wallet,0
103876,57,Female,West,43,Month-to-month,27.91,26.44,92.2,0,4.26,41.42,1677.29,0,Credit card,1
103877,31,Female,West,50,Month-to-month,30.39,28.31,157.7,1,1.08,61.69,3040.61,0,Credit card,0
103878,28,Female,North,65,Month-to-month,37.24,21.43,87.1,0,1.63,68.2,4233.31,1,Credit card,0
103879,20,Male,South,64,Month-to-month,49.96,54.52,88.2,0,1.14,44.63,2677.46,1,Credit card,0
103880,67,Male,North,56,Month-to-month,61.57,58.83,132.7,0,1.93,77.51,3963.99,0,Credit card,0
103881,30,Female,North,55,One year,22.5,22.92,69.4,0,4.73,64.05,3462.24,0,Digital wallet,0
103882,50,Male,East,32,Month-to-month,31.26,8.32,56.6,1,1.4,47.07,1367.82,1,Bank transfer,1
103883,43,Male,South,25,One year,15.49,16.02,32.4,0,1.42,106.31,2678.29,1,Digital wallet,0
103884,27,Male,North,40,Month-to-month,31.91,29.95,95.6,0,0.1,50.63,1902.57,0,Credit card,1
103885,41,Female,West,51,One year,4.18,1.41,68.1,0,3.49,33.79,1587.55,0,Credit card,0
103886,22,Female,East,37,One year,69.31,22.61,173.2,0,2.48,85.28,3232.79,0,Credit card,0
103887,28,Female,West,15,Month-to-month,38.51,36.85,88.2,1,4.61,76.25,1184.09,0,Credit card,0
103888,25,Female,North,2,One year,39.5,34.06,161.4,1,4.62,15.0,27.57,1,Credit card,0
103889,64,Female,West,5,One year,20.15,18.82,144.3,2,0.84,15.0,78.2,0,Bank transfer,0
103890,50,Female,East,31,Month-to-month,20.16,19.11,29.6,0,2.41,72.54,2182.18,0,Bank transfer,0
103891,70,Female,South,57,One year,13.91,11.89,46.5,0,4.42,42.97,2248.28,1,Digital wallet,0
103892,42,Male,North,57,One year,10.66,11.7,275.0,0,1.41,68.2,3713.96,0,Digital wallet,0
103893,29,Female,West,58,Month-to-month,44.14,49.24,70.1,0,,50.66,2886.58,0,Credit card,0
103894,52,Male,,51,Two year,1.58,1.43,126.8,0,0.1,73.84,3537.62,0,Credit card,0
103895,70,Female,West,2,Month-to-month,75.45,77.84,94.8,0,2.42,79.51,161.74,0,Bank transfer,0
103896,48,Female,East,63,One year,49.17,48.31,30.3,0,1.57,15.0,867.15,0,Mailed check,0
103897,19,Female,West,68,Two year,33.06,29.37,59.8,0,4.11,35.44,2488.65,0,Bank transfer,0
103898,35,Female,East,61,Two year,13.71,11.76,52.2,0,1.94,100.51,5901.83,0,Digital wallet,0
103899,70,Female,West,32,One year,37.42,39.26,154.0,1,3.74,71.63,2398.85,0,Digital wallet,0
103900,47,Female,North,16,One year,40.92,35.76,59.5,0,3.3,78.02,1207.33,0,Bank transfer,0
103901,72,Male,North,65,Month-to-month,14.95,7.54,244.1,0,1.38,118.7,6962.97,0,Credit card,0
103902,47,Male,East,14,Month-to-month,38.46,42.97,134.7,1,3.84,90.35,1212.43,1,Digital wallet,0
103903,18,Female,South,56,Two year,21.08,6.94,,1,3.33,63.61,3416.53,0,Bank transfer,0
103904,67,Female,East,69,Month-to-month,2.52,2.74,15.5,0,0.25,32.53,2140.83,0,Mailed check,0
103905,61,Male,East,64,Two year,18.81,8.62,108.4,0,3.3,94.97,6156.53,0,Bank transfer,0
103906,58,Female,South,37,Month-to-month,54.69,58.37,130.2,1,1.8,95.65,3495.86,1,Mailed check,0
103907,73,Female,West,60,Month-to-month,20.02,22.08,80.0,1,3.21,68.31,4245.34,0,Bank transfer,0
103908,29,Female,South,59,Month-to-month,17.04,15.03,105.4,0,,111.41,6532.37,0,Mailed check,0
103909,69,Male,West,70,Month-to-month,29.38,30.5,36.4,1,4.03,72.07,4982.74,1,Bank transfer,1
103910,31,Female,North,26,Month-to-month,4.18,3.81,83.7,1,3.94,66.64,1630.07,0,Credit card,0
103911,73,Male,East,45,Month-to-month,26.13,26.28,173.3,1,1.34,95.02,4272.64,0,Bank transfer,0
103912,28,Male,West,59,Two year,33.22,31.81,280.3,1,1.74,77.36,4587.8,2,Credit card,0
103913,49,Female,North,17,One year,47.82,42.4,97.4,0,2.13,84.07,1295.81,0,Digital wallet,0
103914,62,Female,South,17,One year,14.03,15.02,123.2,0,4.11,15.0,231.48,2,Digital wallet,0
103915,22,Male,South,28,Month-to-month,24.58,23.12,,0,1.91,73.98,1929.52,0,Digital wallet,1
103916,21,Male,East,26,Month-to-month,32.45,13.66,110.6,1,2.99,52.49,1347.81,0,Digital wallet,1
103917,66,Male,South,54,One year,9.58,4.72,127.9,4,3.87,50.86,2733.74,0,Credit card,0
103918,21,Female,North,67,Month-to-month,32.28,28.63,231.0,0,2.58,59.06,3772.73,0,Digital wallet,0
103919,52,Female,West,12,Month-to-month,29.74,33.13,124.4,0,5.11,47.58,534.81,0,Bank transfer,0
103920,71,Male,North,24,Two year,12.91,11.49,81.6,1,1.7,82.92,1840.26,0,Bank transfer,0
103921,53,Male,South,67,Month-to-month,51.26,19.26,228.6,2,3.32,34.71,2198.21,1,Bank transfer,0
103922,45,Female,East,43,Two year,18.03,16.44,117.4,2,3.1,19.64,817.51,0,Bank transfer,0
103923,41,Male,North,15,Month-to-month,33.93,29.08,44.7,0,2.7,61.17,908.34,0,Credit card,0
103924,54,Male,North,43,Month-to-month,67.02,67.4,87.6,2,0.1,98.23,4353.19,0,Digital wallet,0
103925,50,Male,West,63,Month-to-month,22.04,24.19,299.3,0,2.09,51.7,3241.38,1,Credit card,0
103926,46,Female,East,27,Two year,36.4,40.23,184.2,2,0.1,58.2,1543.02,0,Credit card,0
103927,26,Male,,35,One year,80.6,53.4,71.2,0,1.76,57.62,1919.63,2,Digital wallet,1
103928,55,Male,West,44,One year,43.57,29.74,197.8,2,2.39,127.79,5424.01,1,Bank transfer,0
103929,60,Male,South,60,Month-to-month,52.95,56.83,87.0,1,5.96,88.45,5289.6,0,Bank transfer,1
103930,58,Male,North,41,Two year,11.53,11.43,60.8,0,3.63,49.91,2037.21,0,Bank transfer,0
103931,22,Male,East,69,One year,57.17,63.84,175.5,0,0.96,59.73,3839.84,0,Credit card,0
103932,58,Male,South,54,One year,12.37,13.36,46.1,0,2.8,45.23,2494.9,0,Bank transfer,0
103933,59,Male,North,30,One year,40.99,45.78,61.7,0,3.13,111.48,3426.21,0,Digital wallet,0
103934,28,Male,West,35,One year,29.06,26.79,109.4,1,2.65,26.46,969.85,0,Credit card,0
103935,66,Male,North,50,One year,22.71,23.4,120.8,2,2.53,40.44,2090.95,0,Bank transfer,0
103936,47,Female,North,6,Month-to-month,22.48,19.25,160.1,1,1.67,87.11,478.35,0,Bank transfer,0
103937,44,Male,North,17,Two year,38.12,38.37,53.1,2,3.04,107.47,1763.49,0,Bank transfer,1
103938,59,Female,West,17,Month-to-month,17.67,19.67,110.6,1,2.89,64.5,996.3,1,Credit card,1
103939,47,Female,East,57,Two year,30.2,32.36,19.8,2,3.52,58.03,3358.39,0,Mailed check,1
103940,49,Female,West,59,Month-to-month,35.65,38.61,23.2,2,,65.86,4005.73,0,Bank transfer,0
103941,35,Female,North,59,Month-to-month,51.1,48.3,63.7,1,3.71,66.84,3838.73,1,Digital wallet,0
103942,70,Female,West,8,Month-to-month,27.39,26.55,,2,,117.47,872.0,0,Bank transfer,1
103943,73,Male,East,21,One year,55.15,63.2,137.6,1,2.26,75.9,1544.34,0,Credit card,0
103944,25,Male,South,23,Month-to-month,26.27,9.86,86.8,1,3.61,55.73,1178.81,0,Digital wallet,1
103945,59,Male,North,2,Two year,29.43,27.37,28.5,0,1.27,74.94,136.92,0,Digital wallet,0
103946,19,Female,West,19,One year,88.09,57.88,120.0,2,0.1,88.4,1542.47,0,Digital wallet,1
103947,39,Female,North,31,Month-to-month,42.09,25.11,420.9,1,0.1,41.32,1172.34,1,Digital wallet,0
103948,73,Female,East,63,Month-to-month,69.87,61.19,100.5,1,0.1,71.37,4648.82,0,Digital wallet,0
103949,27,Female,South,13,One year,89.94,86.95,46.3,1,3.34,65.58,771.21,0,Credit card,0
103950,39,Male,North,62,Two year,19.7,6.17,95.9,1,2.7,36.23,2116.82,0,Credit card,1
103951,30,Male,West,59,Month-to-month,18.03,19.48,32.6,1,3.68,54.39,2987.15,0,Bank transfer,1
103952,59,Male,West,12,Two year,13.21,13.3,70.7,1,3.28,52.93,614.05,0,Bank transfer,1
103953,44,Male,South,19,Month-to-month,38.44,33.17,152.7,0,4.06,52.55,936.8,1,Bank transfer,1
103954,51,Female,East,33,One year,41.23,19.85,219.3,1,4.2,111.78,3458.23,1,Bank transfer,0
103955,71,Male,South,68,One year,24.87,9.67,83.0,1,3.92,65.48,4603.51,0,Credit card,0
103956,47,Female,East,56,Month-to-month,3.27,3.44,40.5,1,3.95,73.68,4122.68,1,Mailed check,0
103957,59,Female,North,69,Month-to-month,37.78,40.45,158.4,0,4.96,81.41,5305.12,0,Bank transfer,1
103958,23,Male,South,23,One year,1.56,0.94,116.4,1,5.62,63.35,1381.59,0,Digital wallet,0
103959,30,Female,South,65,Month-to-month,30.72,31.67,94.7,1,2.61,53.88,3345.97,0,Digital wallet,1
103960,71,Male,South,68,Month-to-month,39.67,35.76,106.3,0,4.81,102.26,6671.33,0,Credit card,0
103961,66,Female,South,43,Month-to-month,30.54,27.71,85.4,1,1.63,102.44,4088.54,2,Bank transfer,1
103962,55,Female,North,11,One year,48.46,47.12,100.4,1,1.71,87.67,918.56,0,Credit card,1
103963,39,Male,West,19,Month-to-month,20.96,13.56,111.9,1,4.99,62.23,1219.16,1,Credit card,0
103964,29,Female,North,10,Month-to-month,14.88,7.61,119.0,1,2.65,73.77,743.55,1,Credit card,1
103965,66,Male,,58,Two year,19.13,18.32,105.0,0,0.1,44.66,2346.18,1,Credit card,0
103966,62,Female,South,23,One year,43.59,22.45,56.9,0,0.7,67.48,1585.34,0,Digital wallet,0
103967,31,Male,East,50,Month-to-month,23.84,13.36,271.3,0,1.34,35.57,1709.06,0,Bank transfer,1
103968,51,Male,North,19,Month-to-month,20.71,18.23,97.5,1,0.74,84.93,1627.67,0,Credit card,1
103969,53,Male,South,70,Month-to-month,37.01,41.0,27.0,0,3.3,106.14,7124.93,1,Credit card,0
103970,45,Male,East,55,Month-to-month,8.49,9.57,88.1,2,1.21,36.8,2057.07,0,Credit card,0
103971,70,Male,North,27,Month-to-month,24.34,21.74,91.4,2,2.08,108.86,2937.97,2,Digital wallet,1
103972,25,Female,West,34,Month-to-month,32.88,33.49,61.4,1,1.59,80.66,2744.76,1,Mailed check,1
103973,32,Female,South,5,Month-to-month,36.88,36.1,48.9,0,0.45,45.55,235.1,0,Credit card,0
103974,23,Female,East,10,One year,60.03,58.39,111.7,0,0.52,71.39,730.91,0,Digital wallet,0
103975,57,Male,North,71,Month-to-month,21.75,22.28,110.8,0,3.87,103.46,7153.61,0,Digital wallet,0
103976,54,Male,East,58,Month-to-month,35.16,15.73,44.8,0,2.99,95.98,5562.65,1,Credit card,0
103977,74,Female,West,60,Two year,41.2,17.94,112.6,0,0.1,95.21,5465.96,1,Credit card,0
103978,48,Male,North,46,Month-to-month,24.48,11.79,129.7,0,1.55,55.69,2559.16,0,Credit card,1
103979,26,Male,North,16,One year,12.67,12.49,41.6,1,3.84,41.55,624.9,0,Bank transfer,0
103980,43,Male,North,8,Month-to-month,54.35,53.56,86.0,2,3.35,64.95,512.25,0,Digital wallet,1
103981,23,Male,North,52,One year,7.82,4.76,,0,5.69,68.01,3614.86,1,Credit card,0
103982,56,Male,West,24,Month-to-month,9.32,8.33,146.6,1,2.11,59.63,1396.41,0,Credit card,0
103983,56,Female,East,1,Month-to-month,21.84,23.22,,1,3.06,49.74,49.86,1,Bank transfer,1
103984,66,Male,East,2,Two year,11.33,11.6,148.2,0,1.18,39.76,75.0,0,Credit card,0
103985,37,Female,West,40,Month-to-month,30.98,26.85,193.4,1,0.18,82.79,3387.54,1,Bank transfer,0
103986,35,Male,West,60,Month-to-month,52.56,50.6,15.9,0,3.05,47.33,2757.09,2,Digital wallet,0
103987,22,Male,West,26,Month-to-month,70.11,36.72,62.8,0,1.91,85.13,2123.79,0,Credit card,0
103988,41,Female,South,71,Month-to-month,35.26,32.28,30.5,0,6.5,57.51,3693.42,0,Credit card,1
103989,45,Female,South,28,Month-to-month,34.99,33.83,,1,1.62,62.59,1603.42,0,Digital wallet,1
103990,61,Male,North,53,Month-to-month,27.55,24.4,72.7,3,1.87,35.53,1729.91,0,Credit card,1
103991,60,Male,South,18,Month-to-month,22.13,6.02,77.7,1,2.62,75.02,1313.7,0,Credit card,0
103992,25,Female,South,44,One year,23.52,24.3,153.6,2,3.91,58.09,2329.98,0,Digital wallet,1
103993,34,Male,North,20,Two year,60.77,62.26,64.0,0,3.78,38.08,756.31,1,Credit card,0
103994,47,Female,South,56,Month-to-month,6.96,7.15,276.9,0,0.1,59.27,3065.1,0,Bank transfer,0
103995,37,Male,South,33,Two year,41.76,11.28,24.2,0,4.46,43.43,1423.71,0,Bank transfer,0
103996,19,Female,South,3,Month-to-month,20.58,19.75,204.2,0,2.25,25.6,75.03,0,Credit card,0
103997,66,Male,North,18,Month-to-month,22.82,24.34,35.0,0,0.1,83.86,1422.92,0,Credit card,0
103998,59,Female,South,26,One year,17.32,19.1,149.9,0,2.5,36.3,915.14,0,Mailed check,0
103999,47,Female,South,34,One year,15.24,6.22,145.0,0,0.97,76.35,2515.72,1,Digital wallet,1
104000,36,Male,East,20,Month-to-month,51.57,50.28,86.3,2,4.27,122.14,2246.93,1,Digital wallet,1
104001,66,Male,East,41,Two year,23.25,22.79,159.4,2,3.02,41.51,1650.0,2,Bank transfer,0
104002,20,Female,North,69,Two year,36.83,41.23,59.4,1,4.11,76.65,5268.65,2,Bank transfer,0
104003,43,Female,North,51,Month-to-month,33.62,34.68,52.5,0,4.29,54.84,2808.28,0,Credit card,0
104004,63,Male,South,23,One year,63.54,33.65,151.8,0,1.81,71.23,1693.82,0,Bank transfer,1
104005,72,Female,North,49,One year,15.16,15.2,73.2,1,2.87,20.71,1023.33,0,Mailed check,0
104006,32,Female,South,69,Two year,66.46,71.19,258.6,0,4.21,75.22,5086.82,1,Bank transfer,0
104007,55,Male,West,18,One year,33.05,13.07,151.7,1,2.83,67.62,1150.06,0,Credit card,1
104008,28,Female,North,17,Month-to-month,36.56,14.29,124.7,1,1.26,125.27,2065.69,1,Bank transfer,1
104009,24,Male,South,3,One year,18.82,17.75,77.1,1,4.67,15.0,47.08,1,Mailed check,1
104010,38,Female,East,60,Month-to-month,17.99,15.47,45.5,1,2.54,52.91,3307.06,0,Bank transfer,0
104011,68,Male,South,60,One year,8.03,8.52,183.4,1,1.32,76.42,4633.91,0,Bank transfer,0
104012,57,Female,North,30,One year,53.05,34.36,182.2,0,5.37,87.01,2362.26,0,Bank transfer,0
104013,45,Female,North,62,One year,13.06,13.64,,2,0.1,61.91,3491.75,0,Digital wallet,0
104014,34,Female,West,47,Month-to-month,17.49,11.09,40.7,1,1.5,96.61,4750.69,0,Mailed check,0
104015,26,Female,North,70,Month-to-month,45.1,44.14,106.9,0,1.64,66.61,4763.2,1,Credit card,1
104016,33,Female,East,66,One year,24.13,20.84,102.8,0,3.82,68.39,4392.88,0,Credit card,0
104017,26,Female,West,69,Month-to-month,8.07,9.13,166.1,1,1.97,21.7,1437.49,0,Bank transfer,0
104018,28,Female,North,28,Month-to-month,42.59,45.53,86.1,0,1.47,79.62,2067.62,0,Credit card,1
104019,57,Male,East,46,Month-to-month,21.88,21.13,240.6,0,4.07,102.92,4629.42,0,Digital wallet,0
104020,25,Male,North,12,Two year,22.03,9.65,136.8,0,3.67,40.23,481.61,1,Credit card,1
104021,20,Male,North,64,Month-to-month,13.87,12.63,263.2,0,2.07,53.96,3174.68,1,Digital wallet,0
104022,48,Female,South,23,One year,28.44,28.92,39.4,0,2.85,29.58,660.62,0,Digital wallet,0
104023,34,Female,West,32,Month-to-month,26.88,15.03,113.5,0,0.81,76.61,2337.27,0,Credit card,0
104024,43,Male,North,43,Two year,39.56,33.88,228.8,1,2.16,60.93,2707.01,1,Mailed check,0
104025,25,Male,North,56,Month-to-month,19.79,8.43,42.8,0,2.39,85.27,4807.15,1,Credit card,1
104026,29,Female,West,52,Month-to-month,56.3,28.24,174.7,0,0.56,63.07,3395.92,0,Credit card,1
104027,43,Female,North,68,Month-to-month,48.88,48.25,29.7,0,0.1,62.58,4057.89,0,Credit card,0
104028,57,Female,West,51,Month-to-month,50.16,57.5,244.5,2,1.9,63.46,2991.69,0,Credit card,0
104029,41,Male,East,57,Two year,39.06,41.86,45.3,0,4.08,69.23,4043.09,0,Digital wallet,0
104030,48,Male,East,41,One year,41.97,14.15,41.3,0,3.37,65.57,2590.38,0,Credit card,0
104031,47,Male,West,30,One year,34.92,40.0,47.9,1,1.6,75.63,2237.04,0,Bank transfer,1
104032,33,Female,East,65,One year,49.79,48.24,160.8,0,6.39,100.7,6599.43,0,Digital wallet,1
104033,33,Female,North,27,Two year,52.79,46.25,85.1,1,0.89,89.37,2396.79,0,Credit card,1
104034,42,Female,West,45,Two year,41.77,18.75,98.1,0,3.32,108.9,5000.44,0,Bank transfer,1
104035,19,Male,West,21,One year,34.09,38.84,59.3,0,1.71,35.77,695.91,0,Bank transfer,0
104036,57,Male,West,35,Month-to-month,44.79,49.7,103.7,1,4.32,46.09,1472.96,0,Credit card,0
104037,53,Female,East,27,Month-to-month,42.56,22.19,223.4,0,2.33,92.73,2379.99,1,Digital wallet,0
104038,35,Female,South,19,One year,28.62,12.05,43.4,1,2.14,39.71,738.67,2,Mailed check,1
104039,39,Male,South,59,One year,25.32,25.8,554.8,0,3.95,105.5,6307.34,0,Credit card,0
104040,36,Female,North,55,One year,7.15,6.57,90.7,1,2.25,52.25,2927.21,0,Digital wallet,0
104041,55,Female,South,50,Month-to-month,13.56,7.86,56.3,1,3.61,61.38,3023.59,0,Credit card,0
104042,61,Male,East,6,One year,13.89,4.63,40.9,1,2.34,55.7,339.53,2,Credit card,1
104043,24,Female,East,18,Month-to-month,53.75,57.6,128.1,0,0.1,65.31,1159.01,0,Bank transfer,1
104044,41,Female,South,16,Month-to-month,59.13,50.61,117.7,1,5.73,106.45,1595.16,1,Bank transfer,1
104045,18,Female,South,51,Two year,37.17,7.67,47.0,2,3.28,97.95,5056.38,0,Mailed check,1
104046,43,Male,East,64,One year,37.52,42.19,200.1,0,2.04,113.94,7215.58,0,Bank transfer,0
104047,32,Female,South,27,Month-to-month,0.46,0.3,140.9,0,4.55,122.04,3246.02,0,Bank transfer,0
104048,37,Male,West,24,Month-to-month,29.2,30.92,194.2,1,1.05,53.54,1312.42,0,Credit card,0
104049,44,Female,East,40,One year,14.9,5.67,211.5,0,1.13,39.71,1438.68,0,Credit card,1
104050,36,Male,North,71,Month-to-month,18.1,16.34,40.4,0,0.38,69.1,4586.15,0,Digital wallet,0
104051,40,Female,North,27,Month-to-month,29.88,26.87,210.4,0,2.2,73.15,1980.74,0,Credit card,0
104052,61,Female,East,20,One year,44.12,14.39,153.8,0,1.51,28.18,525.75,0,Digital wallet,0
104053,64,Male,South,38,One year,38.04,33.0,139.2,0,2.06,84.85,2994.99,1,Mailed check,1
104054,18,Male,West,66,Month-to-month,72.29,78.15,88.3,1,0.3,38.98,2682.42,0,Bank transfer,0
104055,39,Male,North,52,Month-to-month,34.24,30.42,203.4,1,1.47,54.78,2961.88,0,Credit card,0
104056,66,Female,North,37,One year,18.15,18.26,221.7,1,3.18,83.59,3001.19,0,Credit card,0
104057,48,Female,South,52,Month-to-month,63.71,61.0,133.0,1,4.55,76.87,3659.28,2,Credit card,1
104058,29,Female,East,2,Month-to-month,25.84,11.32,139.6,3,2.57,66.88,136.14,0,Credit card,1
104059,51,Male,West,54,Month-to-month,58.92,59.78,318.1,0,1.75,71.06,3904.63,0,Bank transfer,0
104060,26,Male,West,7,Month-to-month,17.35,18.36,11.7,1,3.44,81.41,543.56,0,Credit card,0
104061,19,Male,South,28,Two year,15.54,14.19,236.2,0,4.27,49.93,1416.95,0,Credit card,0
104062,54,Female,West,25,Month-to-month,16.8,15.29,107.0,0,4.18,73.2,1671.44,0,Bank transfer,1
104063,47,Female,North,50,Two year,12.7,12.08,248.1,0,3.27,64.89,3141.56,0,Digital wallet,0
104064,61,Male,East,18,Month-to-month,52.4,59.24,57.9,1,1.37,68.46,1118.07,0,Bank transfer,1
104065,37,Male,West,17,One year,50.1,16.27,130.8,3,2.42,93.95,1648.68,0,Bank transfer,0
104066,66,Female,South,63,Month-to-month,30.18,29.67,129.1,2,2.86,72.19,4331.42,0,Credit card,0
104067,42,Female,West,34,One year,27.96,25.93,147.6,1,0.1,100.6,3165.25,0,Digital wallet,1
104068,60,Male,North,53,Two year,7.59,7.63,91.2,0,2.54,52.63,2571.28,0,Credit card,1
104069,23,Female,North,42,Month-to-month,25.29,22.87,75.2,1,5.09,62.69,2412.11,0,Digital wallet,0
104070,23,Male,South,45,Month-to-month,16.15,17.43,147.4,2,1.54,26.96,1111.66,0,Credit card,1
104071,62,Male,West,49,Two year,17.52,16.57,158.3,1,0.1,40.94,1948.04,0,Bank transfer,0
104072,65,Male,South,48,Two year,32.86,37.62,100.1,1,1.5,55.65,2473.12,0,Digital wallet,0
104073,71,Female,West,65,Two year,39.24,40.77,143.0,0,1.45,76.85,5067.21,1,Credit card,0
104074,36,Female,North,56,Month-to-month,34.39,19.48,273.2,0,4.15,52.5,2870.65,1,Bank transfer,0
104075,19,Male,East,22,Month-to-month,34.98,12.36,111.9,1,6.45,37.75,856.07,0,Digital wallet,1
104076,73,Female,East,13,Month-to-month,22.25,15.48,21.6,0,2.73,73.61,979.55,0,Credit card,1
104077,52,Female,North,61,One year,28.67,29.63,134.2,1,1.22,23.35,1439.54,0,Bank transfer,0
104078,32,Female,East,27,Month-to-month,23.33,21.86,45.5,1,0.68,24.26,606.34,0,Credit card,0
104079,61,Female,East,23,Month-to-month,24.14,8.16,125.8,0,4.05,44.52,992.45,0,Digital wallet,0
104080,69,Male,South,8,One year,16.26,6.19,,1,3.59,74.88,621.55,0,Bank transfer,0
104081,34,Male,North,40,Month-to-month,16.76,15.15,97.2,2,4.26,43.22,1754.08,2,Bank transfer,0
104082,61,Male,North,37,One year,20.18,17.62,169.9,1,1.71,67.43,,1,Digital wallet,0
104083,62,Male,West,59,Month-to-month,58.76,27.57,172.8,0,4.95,83.75,4853.36,0,Credit card,0
104084,46,Male,East,54,Two year,57.3,63.42,212.7,0,2.76,76.78,3946.22,0,Credit card,0
104085,54,Male,West,52,Month-to-month,34.46,39.42,,0,1.43,108.21,,1,Digital wallet,0
104086,33,Female,East,39,One year,24.79,22.68,249.0,2,0.1,69.09,2788.96,0,Credit card,0
104087,70,Male,West,62,Month-to-month,37.54,43.09,16.6,1,1.73,100.61,6253.71,1,Bank transfer,1
104088,74,Male,North,70,Month-to-month,20.01,20.71,,1,1.71,80.61,,0,Bank transfer,0
104089,73,Male,South,58,Month-to-month,44.34,8.94,56.6,1,0.89,55.2,3257.34,0,Mailed check,1
104090,60,Male,East,25,Two year,25.75,5.2,154.7,0,3.17,40.99,1048.76,0,Credit card,1
104091,20,Female,North,20,Month-to-month,51.0,55.39,97.9,0,1.46,69.05,1347.19,0,Bank transfer,0
104092,38,Female,North,1,Month-to-month,16.07,18.42,62.5,0,1.07,32.54,31.58,1,Mailed check,0
104093,43,Male,East,71,One year,42.96,49.09,74.6,1,1.12,59.59,4040.31,0,Credit card,0
104094,72,Female,West,53,Month-to-month,52.23,16.55,81.2,0,0.37,61.35,3164.92,0,Digital wallet,0
104095,49,Female,East,67,Month-to-month,23.23,23.71,169.4,0,1.64,94.5,6266.47,1,Digital wallet,0
104096,48,Female,North,56,Month-to-month,24.28,24.48,32.6,0,1.68,47.25,2596.21,0,Digital wallet,0
104097,26,Male,West,31,Month-to-month,28.3,29.79,62.7,0,2.13,76.05,2193.75,0,Digital wallet,0
104098,63,Female,North,11,Month-to-month,37.13,8.94,13.0,0,3.07,40.71,432.56,0,Bank transfer,0
104099,37,Female,North,4,Month-to-month,21.56,19.75,167.9,1,4.8,86.68,337.91,0,Credit card,1
104100,23,Female,West,57,Month-to-month,13.87,8.05,201.4,1,4.02,102.86,5752.31,0,Bank transfer,1
104101,74,Male,West,22,Month-to-month,62.55,60.46,141.7,0,0.15,44.25,884.26,0,Credit card,0
104102,28,Female,West,27,One year,27.62,30.33,155.0,0,3.84,68.6,1869.64,1,Credit card,0
104103,18,Male,West,60,One year,19.12,16.88,121.2,0,4.12,129.75,8137.2,1,Bank transfer,0
104104,22,Male,East,35,Month-to-month,27.56,17.52,140.5,0,3.64,46.53,1511.72,0,Credit card,1
104105,43,Female,North,68,Month-to-month,37.24,36.78,25.1,0,1.82,28.65,2006.8,3,Credit card,1
104106,23,Female,South,39,One year,26.94,25.45,137.3,1,4.7,70.66,2564.75,0,Credit card,0
104107,66,Male,West,60,Month-to-month,31.83,32.61,59.0,0,1.15,38.36,2089.71,1,Digital wallet,0
104108,47,Female,West,9,Two year,46.61,18.95,155.8,1,4.1,74.33,676.8,1,Digital wallet,1
104109,36,Female,South,29,Month-to-month,43.86,39.77,92.6,1,4.05,86.77,2589.64,0,Bank transfer,1
104110,18,Female,South,14,Month-to-month,30.41,34.32,232.5,3,3.25,39.41,566.43,0,Credit card,0
104111,45,Male,North,5,Month-to-month,34.5,37.52,124.7,0,0.1,28.22,128.85,1,Credit card,0
104112,26,Male,South,71,One year,21.46,9.84,55.3,0,2.8,90.63,5797.69,0,Bank transfer,0
104113,73,Female,West,37,Month-to-month,33.97,29.7,42.7,1,,108.35,4141.5,0,Credit card,0
104114,34,Female,North,26,Month-to-month,68.62,65.04,59.8,0,2.57,57.38,1400.39,1,Digital wallet,0
104115,45,Female,South,27,Month-to-month,44.04,38.0,104.4,0,2.38,99.6,2507.34,1,Digital wallet,1
104116,19,Female,West,18,One year,14.41,7.3,223.1,0,1.94,109.15,2017.43,2,Bank transfer,0
104117,25,Female,South,9,Month-to-month,7.11,6.31,79.4,1,1.71,82.82,703.58,0,Credit card,1
104118,29,Female,South,65,One year,18.4,17.97,134.1,1,2.36,68.5,4336.33,0,Credit card,0
104119,20,Male,South,8,Month-to-month,12.63,11.98,40.3,1,4.3,81.98,681.28,0,Credit card,1
104120,59,Female,North,28,Month-to-month,26.37,6.53,153.2,0,1.44,86.75,2438.82,0,Credit card,1
104121,71,Male,North,11,Month-to-month,47.99,48.29,95.6,1,3.09,15.0,159.28,0,Digital wallet,1
104122,74,Female,North,67,Two year,22.19,20.8,133.0,0,0.1,62.07,4056.26,0,Credit card,0
104123,33,Male,North,15,Month-to-month,27.19,25.82,244.2,1,1.71,32.28,459.67,0,Digital wallet,1
104124,62,Female,North,28,Month-to-month,24.96,28.39,113.0,1,3.57,42.42,1221.68,0,Digital wallet,0
104125,46,Male,South,54,Two year,31.69,35.25,44.3,0,4.01,73.03,3876.64,2,Digital wallet,0
104126,20,Male,North,41,Month-to-month,32.43,27.7,118.4,1,0.83,62.6,2625.34,1,Digital wallet,0
104127,23,Male,West,28,Month-to-month,24.06,24.8,115.8,2,2.92,65.83,1934.81,0,Credit card,0
104128,49,Male,North,41,Month-to-month,47.18,42.11,170.0,1,3.67,61.75,2457.55,2,Bank transfer,0
104129,42,Female,South,32,One year,13.95,15.16,112.0,1,1.29,60.34,1744.05,0,Bank transfer,0
104130,18,Male,West,21,Month-to-month,28.59,12.43,238.1,0,0.1,64.68,1403.75,1,Credit card,0
104131,71,Female,North,43,Two year,18.73,20.61,174.6,0,0.47,104.07,4189.26,1,Mailed check,0
104132,59,Female,South,26,One year,23.02,24.13,113.7,1,0.1,81.19,1981.09,2,Mailed check,0
104133,46,Female,West,69,Month-to-month,13.79,14.5,105.3,0,3.55,41.59,2728.12,0,Credit card,0
104134,74,Male,East,33,Month-to-month,23.71,16.12,51.0,0,2.64,53.96,1861.22,0,Digital wallet,0
104135,73,Male,North,54,One year,13.64,15.08,84.7,0,1.84,82.14,4421.18,0,Mailed check,0
104136,73,Male,East,17,Two year,23.06,20.31,33.4,0,1.15,58.28,1001.52,0,Mailed check,0
104137,32,Male,East,46,Two year,23.5,7.14,97.1,0,4.14,77.83,3295.57,0,Credit card,0
104138,68,Male,South,40,Month-to-month,19.03,20.21,27.9,0,2.16,64.45,2465.72,0,Credit card,0
104139,46,Female,North,53,One year,60.94,53.99,115.4,0,2.96,70.27,3486.96,0,Credit card,0
104140,59,Male,North,33,One year,28.99,25.01,47.8,0,1.12,96.88,2886.04,1,Credit card,0
104141,66,Male,West,52,Two year,23.98,24.98,135.5,1,0.71,75.05,3896.25,0,Credit card,0
104142,27,Male,South,5,Month-to-month,32.57,30.34,109.6,0,4.0,113.39,511.16,1,Credit card,0
104143,43,Male,North,50,One year,12.34,10.66,74.9,1,2.6,48.47,2497.22,0,Digital wallet,0
104144,25,Male,South,54,One year,8.18,7.11,38.8,0,2.74,42.11,2270.86,1,Credit card,0
104145,33,Male,West,36,Two year,20.71,5.01,103.9,1,2.97,74.95,2643.83,1,Mailed check,1
104146,41,Female,North,3,One year,11.52,13.18,98.9,0,3.96,59.62,172.94,0,Bank transfer,0
104147,66,Female,North,41,Two year,38.35,35.16,288.9,1,4.23,68.33,2704.81,1,Credit card,0
104148,67,Female,South,56,Month-to-month,29.74,28.92,81.9,2,0.8,73.97,3922.87,0,Mailed check,0
104149,40,Female,East,33,Month-to-month,32.86,11.18,163.2,0,2.09,32.73,1080.71,0,Credit card,0
104150,36,Female,South,7,Month-to-month,40.35,37.52,66.1,2,0.93,15.0,104.07,1,Digital wallet,1
104151,48,Male,West,29,Two year,26.1,29.51,53.8,0,2.75,83.02,2280.33,0,Digital wallet,0
104152,69,Male,North,71,Month-to-month,56.29,49.1,142.9,1,1.9,29.15,2157.93,1,Credit card,0
104153,73,Male,South,20,One year,34.46,16.33,78.7,0,2.01,52.25,1000.27,0,Digital wallet,0
104154,30,Male,South,38,Two year,60.61,61.39,102.2,1,2.14,60.66,2325.06,1,Digital wallet,0
104155,28,Male,South,26,Two year,37.25,23.62,16.4,1,2.07,62.93,1582.18,0,Digital wallet,0
104156,58,Male,South,51,One year,21.88,21.73,68.3,1,6.27,84.56,3953.64,0,Digital wallet,0
104157,35,Male,West,31,One year,33.18,35.09,74.4,0,0.1,81.65,2623.07,1,Credit card,0
104158,29,Female,South,28,Month-to-month,43.13,16.28,49.7,0,2.25,70.96,2025.58,0,Digital wallet,0
104159,19,Female,East,42,Month-to-month,3.91,4.37,84.1,2,0.24,79.22,3082.92,0,Bank transfer,0
104160,40,Female,North,41,Month-to-month,14.45,12.28,30.4,1,2.73,39.29,1554.61,2,Bank transfer,1
104161,40,Male,East,36,One year,59.74,51.08,115.4,0,0.36,46.25,1711.42,0,Digital wallet,0
104162,50,Male,South,19,Month-to-month,40.55,39.06,402.3,1,2.39,154.93,2973.95,0,Bank transfer,0
104163,29,Female,South,8,Month-to-month,49.72,48.25,84.3,0,1.39,68.81,549.58,0,Digital wallet,0
104164,58,Male,North,50,One year,54.75,61.16,80.6,0,4.1,87.0,4447.58,2,Credit card,0
104165,56,Male,West,25,Month-to-month,26.89,25.11,143.7,1,0.25,36.29,859.74,0,Credit card,0
104166,44,Male,West,44,Two year,50.91,18.96,51.2,3,0.45,83.36,3767.03,0,Bank transfer,0
104167,28,Male,West,27,Month-to-month,28.94,31.96,243.5,1,0.77,58.66,1640.93,1,Credit card,1
104168,46,Female,West,61,Two year,42.52,37.28,50.1,0,3.04,51.7,2865.84,0,Credit card,0
104169,56,Female,North,51,Month-to-month,57.7,21.44,176.8,1,2.79,108.97,5763.65,0,Credit card,1
104170,39,Male,South,29,One year,37.7,32.92,222.2,1,2.03,103.53,3136.64,1,Credit card,1
104171,33,Male,South,24,One year,15.53,16.67,23.7,1,3.44,64.3,1478.33,0,Mailed check,0
104172,46,Female,West,54,Month-to-month,29.86,32.21,63.1,0,0.1,71.18,3972.39,0,Bank transfer,1
104173,38,Female,North,1,Month-to-month,32.69,20.29,40.0,2,2.11,55.55,50.45,1,Credit card,1
104174,40,Female,North,5,Two year,33.45,29.38,140.8,0,2.45,36.49,183.33,1,Mailed check,0
104175,37,Male,East,6,Month-to-month,54.2,23.56,69.1,2,2.74,67.37,392.18,2,Mailed check,0
104176,35,Female,North,25,One year,34.48,12.61,52.3,2,2.57,71.22,1732.51,1,Digital wallet,1
104177,58,Female,East,36,Month-to-month,29.04,8.38,91.9,0,2.85,91.32,3409.44,0,Digital wallet,1
104178,44,Female,North,21,One year,16.91,19.41,104.5,2,3.15,79.96,1668.33,0,Credit card,0
104179,44,Male,East,14,Month-to-month,25.51,6.7,204.8,1,5.4,40.4,584.97,0,Bank transfer,0
104180,55,Female,West,23,One year,21.59,14.83,205.2,2,3.55,15.0,319.86,0,Bank transfer,1
104181,38,Male,East,36,One year,13.44,11.75,61.9,1,0.22,57.23,2075.57,0,Bank transfer,1
104182,23,Male,North,22,Month-to-month,48.03,53.57,34.1,1,3.74,33.09,680.79,2,Digital wallet,0
104183,66,Female,North,41,Month-to-month,26.12,23.72,129.3,0,2.25,62.61,2372.41,1,Credit card,1
104184,21,Female,North,28,Two year,22.44,19.22,89.6,0,1.62,76.43,2204.9,1,Credit card,0
104185,50,Male,North,67,One year,27.0,29.87,214.3,0,0.31,73.46,4866.18,0,Digital wallet,0
104186,33,Male,East,71,Two year,16.98,15.38,218.4,2,2.04,54.1,3539.25,0,Credit card,0
104187,30,Male,South,47,One year,6.33,6.38,134.2,0,2.78,75.58,3485.64,0,Credit card,0
104188,20,Male,North,40,One year,34.79,38.2,112.9,0,3.6,100.37,4003.36,0,Digital wallet,0
104189,69,Female,North,3,One year,52.11,46.71,119.9,1,0.83,75.5,234.34,1,Digital wallet,1
104190,42,Male,,45,Two year,47.34,50.76,111.4,1,1.85,74.64,3118.92,0,Credit card,0
104191,37,Female,North,28,Month-to-month,51.44,51.93,118.4,4,1.74,52.02,,0,Mailed check,0
104192,60,Male,South,21,Month-to-month,13.46,5.96,75.0,1,1.62,69.66,1474.59,1,Credit card,1
104193,20,Female,South,57,Two year,51.23,47.48,69.7,1,0.2,103.74,5678.21,0,Credit card,1
104194,50,Female,North,3,Two year,21.33,18.4,79.3,0,0.89,64.13,193.75,0,Credit card,0
104195,46,Female,West,19,Month-to-month,12.69,3.0,278.4,1,2.03,57.63,1018.22,0,Credit card,0
104196,49,Female,North,55,Month-to-month,4.97,4.62,16.8,0,3.42,96.16,5265.8,0,Bank transfer,0
104197,25,Female,East,66,One year,32.7,31.97,69.5,1,2.13,61.79,3794.39,0,Credit card,0
104198,72,Female,East,37,One year,56.89,54.63,78.5,1,0.69,80.83,2879.47,0,Credit card,0
104199,31,Female,West,38,Month-to-month,41.87,44.59,129.3,0,2.09,71.31,2807.26,0,Credit card,0
104200,56,Male,East,69,One year,26.86,26.14,66.8,0,0.62,79.05,5091.38,0,Bank transfer,0
104201,60,Female,West,7,Month-to-month,40.38,26.38,226.1,2,3.6,87.04,568.36,0,Credit card,1
104202,37,Female,South,35,Month-to-month,73.64,71.0,195.6,0,4.73,98.03,3449.01,1,Credit card,1
104203,25,Male,South,18,One year,25.39,27.77,233.2,2,2.62,92.68,1561.5,1,Digital wallet,0
104204,34,Female,East,34,Month-to-month,40.75,27.59,114.1,2,3.49,102.63,3432.16,1,Credit card,1
104205,63,Male,East,65,One year,52.86,16.84,216.0,0,1.41,59.95,3845.13,0,Credit card,0
104206,69,Female,South,43,Month-to-month,14.8,14.64,61.8,0,2.82,36.1,1598.25,1,Credit card,0
104207,71,Female,North,71,Two year,8.38,9.6,103.7,0,2.39,62.3,4016.18,0,Bank transfer,0
104208,30,Female,North,36,Month-to-month,55.5,56.74,24.9,1,3.93,138.13,5169.58,0,Credit card,1
104209,52,Female,South,62,Two year,47.47,53.69,139.9,0,1.54,63.92,3967.83,1,Digital wallet,0
104210,26,Male,North,13,One year,14.34,15.98,138.4,0,2.3,19.68,263.19,0,Digital wallet,0
104211,58,Male,South,23,Month-to-month,21.41,20.85,115.0,1,0.77,132.89,2956.18,0,Credit card,1
104212,41,Female,North,20,Two year,17.46,6.25,88.6,0,3.38,71.38,1315.25,1,Credit card,0
104213,58,Male,East,55,Month-to-month,28.34,29.3,167.3,0,1.46,45.59,2581.22,0,Bank transfer,0
104214,57,Female,East,37,Month-to-month,14.06,12.54,210.8,0,1.94,37.31,1327.83,0,Digital wallet,0
104215,74,Male,East,16,Two year,17.34,17.48,286.0,1,1.07,70.2,1102.97,0,Credit card,0
104216,45,Female,East,13,Two year,11.81,11.54,135.5,1,2.12,85.5,1066.37,0,Credit card,1
104217,37,Female,North,28,One year,24.79,24.66,99.5,0,3.48,83.64,2134.49,0,Digital wallet,0
104218,48,Female,North,11,Two year,8.74,7.91,74.1,0,2.94,89.25,916.01,1,Digital wallet,0
104219,27,Female,East,50,Month-to-month,38.08,42.27,146.5,1,4.32,29.41,1533.89,0,Bank transfer,0
104220,24,Male,West,61,Month-to-month,54.04,47.23,61.5,0,1.42,37.31,2251.78,0,Bank transfer,0
104221,47,Male,East,69,Month-to-month,29.84,32.36,140.8,0,2.42,66.45,4477.2,2,Digital wallet,0
104222,65,Male,East,17,Month-to-month,48.31,54.74,62.9,0,4.13,95.06,1463.85,0,Bank transfer,0
104223,48,Female,East,32,One year,25.38,22.38,102.2,0,1.0,55.89,1844.81,0,Bank transfer,0
104224,62,Female,East,36,Month-to-month,20.97,20.55,57.1,1,4.21,15.0,565.7,0,Mailed check,0
104225,28,Female,East,36,One year,20.64,21.16,78.3,1,4.7,87.93,2879.22,0,Credit card,0
104226,43,Male,East,33,Month-to-month,12.65,14.51,132.6,0,0.76,15.0,500.17,1,Bank transfer,0
104227,52,Female,North,16,Month-to-month,21.27,14.47,180.1,0,6.07,54.15,904.45,0,Digital wallet,1
104228,37,Male,North,8,One year,31.47,6.54,86.1,0,2.01,86.27,717.43,0,Credit card,1
104229,18,Male,South,29,Month-to-month,31.25,11.32,17.8,2,0.1,85.48,2474.21,1,Mailed check,0
104230,22,Male,South,7,One year,48.27,53.57,28.2,0,0.77,25.18,172.98,0,Credit card,0
104231,70,Female,West,5,One year,49.73,48.45,29.0,0,2.19,89.19,405.98,0,Digital wallet,0
104232,52,Male,South,38,One year,29.91,34.11,219.7,1,1.81,100.97,3765.82,0,Bank transfer,0
104233,33,Female,North,61,Two year,12.9,5.35,380.7,0,1.24,83.11,5224.83,1,Bank transfer,0
104234,32,Female,West,39,Two year,12.72,12.08,98.3,1,0.56,60.62,2181.68,0,Mailed check,0
104235,20,Female,North,2,Month-to-month,21.05,20.04,30.4,2,0.31,78.38,144.69,1,Bank transfer,1
104236,71,Female,West,60,One year,20.08,11.75,53.4,0,4.9,48.28,2959.97,1,Bank transfer,0
104237,24,Male,North,49,Month-to-month,33.49,33.56,49.3,2,2.96,93.61,4794.97,0,Bank transfer,1
104238,61,Male,South,22,Month-to-month,21.63,23.44,213.6,2,3.93,104.68,2101.46,0,Digital wallet,1
104239,31,Female,South,20,One year,58.23,22.35,79.9,0,1.02,56.05,1034.51,0,Mailed check,0
104240,37,Female,North,64,One year,38.66,35.09,534.2,0,1.83,86.21,5296.44,0,Mailed check,0
104241,33,Female,North,34,Two year,48.92,52.48,48.3,0,0.9,92.15,3260.28,0,Digital wallet,0
104242,64,Female,North,11,One year,22.81,8.42,51.8,0,1.68,60.95,612.37,0,Bank transfer,1
104243,19,Male,South,20,One year,21.63,18.4,79.6,0,4.03,15.0,271.7,0,Credit card,0
104244,38,Male,South,19,One year,19.23,17.86,74.0,0,1.78,70.37,1388.69,1,Mailed check,1
104245,33,Male,West,29,Month-to-month,29.53,33.74,193.8,0,2.28,15.0,419.54,0,Credit card,0
104246,33,Male,North,25,Month-to-month,32.8,34.34,108.5,1,1.43,107.03,2639.13,1,Credit card,0
104247,28,Female,South,39,Month-to-month,54.18,53.57,152.7,3,3.59,81.73,3037.21,1,Bank transfer,0
104248,70,Female,North,23,One year,51.94,55.55,125.9,0,1.59,60.21,1377.81,0,Bank transfer,0
104249,39,Female,West,46,Month-to-month,23.69,23.23,125.8,1,4.34,90.37,4072.78,0,Bank transfer,0
104250,41,Female,West,35,Month-to-month,20.48,11.57,92.4,0,1.92,37.07,1171.17,0,Bank transfer,0
104251,39,Male,West,67,Month-to-month,17.76,15.66,202.4,1,6.13,95.09,5903.87,0,Digital wallet,0
104252,73,Female,West,59,One year,90.61,90.54,177.9,1,4.3,72.11,3863.58,0,Bank transfer,0
104253,37,Male,South,24,Month-to-month,17.08,19.41,61.0,1,2.42,72.56,1594.87,0,Digital wallet,1
104254,37,Male,East,3,Month-to-month,25.98,24.2,81.0,0,2.6,55.77,154.62,1,Digital wallet,0
104255,36,Male,South,42,Month-to-month,15.45,13.38,56.5,0,4.56,58.59,2550.0,0,Digital wallet,0
104256,36,Female,West,25,Month-to-month,65.37,40.84,111.8,0,2.99,79.94,1861.25,1,Bank transfer,1
104257,23,Female,South,65,Month-to-month,41.73,44.76,133.6,1,3.4,42.99,2930.11,0,Credit card,0
104258,52,Female,South,29,Two year,27.96,27.58,74.5,2,5.67,34.33,1030.85,0,Credit card,1
104259,19,Female,West,21,Month-to-month,19.77,4.88,81.9,0,2.81,92.36,1869.43,0,Credit card,0
104260,30,Male,West,25,Month-to-month,11.66,3.16,60.6,1,0.1,78.52,1788.7,0,Bank transfer,1
104261,29,Male,West,62,One year,34.02,32.33,52.7,2,2.76,41.21,2669.04,0,Credit card,0
104262,34,Female,North,8,One year,32.17,32.05,79.9,1,4.26,67.83,549.27,0,Credit card,1
104263,61,Male,North,68,Month-to-month,6.93,3.67,93.9,0,2.97,66.28,4274.2,0,Credit card,0
104264,52,Female,,17,Month-to-month,47.98,54.17,60.0,0,,47.11,753.35,0,Digital wallet,0
104265,74,Male,South,61,Two year,50.68,46.88,50.2,1,2.37,70.53,4443.76,0,Bank transfer,0
104266,38,Male,South,39,Two year,15.97,14.54,325.4,0,4.73,64.33,2552.29,1,Digital wallet,0
104267,70,Male,North,41,Month-to-month,35.72,36.08,76.7,0,0.37,87.62,3345.78,0,Credit card,1
104268,20,Male,West,15,One year,42.83,42.35,117.9,0,0.1,75.51,1055.09,0,Digital wallet,0
104269,46,Female,North,52,Month-to-month,34.41,30.8,147.4,0,1.24,51.59,2736.31,0,Credit card,1
104270,63,Female,East,47,Month-to-month,28.17,28.85,125.8,0,4.22,50.92,2465.2,0,Credit card,0
104271,48,Female,West,35,Month-to-month,19.1,19.52,156.8,0,0.1,75.93,2601.46,2,Credit card,1
104272,71,Female,East,33,One year,2.92,3.02,112.6,0,2.68,20.1,612.24,0,Digital wallet,0
104273,35,Male,South,43,Month-to-month,34.91,34.01,35.0,0,3.24,36.85,1484.38,0,Credit card,0
104274,19,Male,North,34,Month-to-month,46.08,16.46,116.1,0,2.5,60.4,2049.18,1,Bank transfer,1
104275,62,Male,North,70,Month-to-month,15.43,14.46,85.7,1,0.28,61.71,3999.6,0,Credit card,0
104276,21,Female,East,3,Month-to-month,19.02,10.16,58.3,0,2.7,89.76,243.67,0,Credit card,1
104277,61,Male,South,18,Month-to-month,26.37,7.57,271.9,0,0.86,29.64,504.17,1,Mailed check,1
104278,59,Male,North,61,Month-to-month,39.14,37.12,27.9,0,2.72,53.85,3273.28,1,Mailed check,0
104279,66,Female,West,57,One year,38.32,42.16,137.5,1,1.16,64.82,3597.0,1,Credit card,1
104280,45,Female,East,25,Month-to-month,8.84,5.32,132.9,0,3.0,271.0002566242672,1485.18,0,Mailed check,0
104281,69,Female,West,36,Month-to-month,30.29,31.43,234.6,0,2.43,46.34,1535.05,0,Credit card,0
104282,27,Male,South,2,One year,29.59,10.67,123.9,0,0.6,49.11,102.07,0,Credit card,0
104283,42,Female,West,13,Month-to-month,29.43,28.53,72.1,1,3.33,71.32,900.21,0,Bank transfer,0
104284,24,Female,North,68,Month-to-month,19.37,20.03,26.4,1,2.28,58.19,4121.09,0,Bank transfer,0
104285,61,Male,North,46,Two year,48.36,46.18,30.1,0,2.98,55.56,2369.15,1,Credit card,0
104286,58,Female,West,3,One year,29.3,32.49,77.6,0,2.79,35.55,100.15,0,Bank transfer,0
104287,63,Female,West,57,Month-to-month,45.61,16.77,213.1,0,4.0,122.18,6645.44,0,Credit card,0
104288,61,Male,South,29,Month-to-month,32.38,34.59,33.9,1,3.36,68.65,1828.96,2,Mailed check,0
104289,35,Male,North,41,Month-to-month,38.03,33.48,114.2,1,3.11,104.43,3976.53,1,Credit card,1
104290,21,Male,South,61,Month-to-month,9.19,7.96,201.2,0,0.1,57.98,3400.68,0,Credit card,0
104291,70,Female,West,60,Two year,31.11,9.01,259.4,0,1.84,68.05,4016.83,0,Credit card,0
104292,46,Male,West,10,One year,31.86,27.4,89.5,1,0.1,77.71,766.26,0,Credit card,1
104293,23,Female,South,26,Month-to-month,44.28,13.54,18.4,2,0.25,61.97,1451.75,0,Credit card,1
104294,70,Female,North,20,Month-to-month,48.66,41.76,185.5,2,4.07,68.03,1387.83,0,Credit card,1
104295,74,Male,East,65,Month-to-month,55.55,55.5,77.2,1,1.62,70.92,4358.16,1,Credit card,1
104296,43,Female,East,56,Month-to-month,21.93,10.95,139.7,0,4.03,59.6,3372.65,0,Credit card,0
104297,61,Female,South,47,Month-to-month,26.81,24.25,142.2,0,1.13,62.5,2763.27,2,Credit card,0
104298,20,Female,East,5,Month-to-month,52.28,55.02,56.1,1,2.11,90.86,428.24,0,Credit card,1
104299,23,Male,West,58,Two year,26.06,12.79,13.9,2,2.54,40.75,2338.38,0,Credit card,1
104300,33,Male,North,40,One year,48.08,29.43,112.2,2,4.63,108.62,3921.35,0,Bank transfer,0
104301,55,Female,East,20,Two year,44.26,44.03,167.6,1,3.82,79.62,1461.53,1,Digital wallet,0
104302,25,Male,East,32,Two year,28.41,24.95,192.3,1,1.57,57.84,1934.64,0,Credit card,0
104303,19,Male,South,32,Two year,60.64,51.65,129.7,2,1.58,87.78,2721.54,1,Digital wallet,0
104304,56,Female,West,22,Two year,53.96,46.46,161.4,0,2.6,86.14,1940.41,0,Bank transfer,0
104305,61,Male,East,65,Month-to-month,13.41,13.54,64.2,0,5.91,73.37,4878.62,1,Credit card,0
104306,60,Female,South,66,Month-to-month,63.48,32.7,201.6,1,2.45,62.57,3720.38,0,Bank transfer,1
104307,63,Male,North,4,Month-to-month,30.17,12.49,175.6,1,1.11,77.15633899980914,95.15,1,Digital wallet,1
104308,63,Male,East,67,One year,33.81,34.69,148.4,0,1.18,47.88,3186.65,1,Bank transfer,0
104309,52,Male,North,29,One year,39.91,38.15,67.7,0,2.07,67.11,1983.36,1,Bank transfer,0
104310,47,Male,North,57,Month-to-month,37.15,32.46,106.4,0,2.83,77.54,4618.25,0,Bank transfer,1
104311,66,Male,South,56,Two year,55.86,63.15,85.0,1,0.99,67.22,3468.34,0,Credit card,0
104312,37,Male,East,43,One year,37.24,36.19,89.3,2,3.77,75.81,3277.91,0,Digital wallet,0
104313,23,Male,West,53,One year,28.27,27.67,156.3,0,1.37,59.31,3036.63,1,Digital wallet,0
104314,60,Female,East,49,Month-to-month,14.8,8.91,148.3,0,4.3,81.5,3830.23,0,Digital wallet,1
104315,33,Female,West,61,Month-to-month,16.71,16.12,22.1,0,2.74,119.65,6569.94,0,Digital wallet,0
104316,73,Male,South,31,Month-to-month,48.02,41.67,66.8,0,1.85,69.66,2264.25,0,Mailed check,0
104317,41,Male,South,53,Month-to-month,50.29,10.48,132.8,0,0.1,62.38,3282.04,0,Mailed check,0
104318,66,Male,West,70,One year,24.37,13.42,91.0,0,1.82,65.35,4548.97,0,Digital wallet,0
104319,20,Male,South,68,Month-to-month,41.9,44.55,46.2,0,2.38,85.86,6074.44,0,Credit card,0
104320,55,Female,West,11,Month-to-month,18.97,19.9,188.7,1,2.45,64.59,,0,Digital wallet,0
104321,43,Female,South,36,Month-to-month,9.3,4.39,537.2,1,3.26,85.46,3093.84,1,Mailed check,0
104322,44,Male,North,37,One year,12.92,11.62,46.0,0,1.8,88.53,3174.07,0,Credit card,0
104323,33,Female,East,45,Month-to-month,53.03,49.35,23.6,1,3.28,110.26,4828.65,0,Credit card,1
104324,73,Female,North,46,Two year,12.4,12.57,249.7,0,1.02,77.13,3610.69,0,Bank transfer,0
104325,40,Male,North,61,Month-to-month,50.12,48.27,60.7,0,3.89,68.31,3918.3,0,Bank transfer,0
104326,66,Female,North,38,Two year,34.33,10.66,162.4,0,3.92,74.41,2942.02,0,Credit card,0
104327,42,Male,North,50,Month-to-month,49.09,56.42,59.7,1,2.89,65.66,3195.06,0,Credit card,1
104328,20,Female,South,64,Month-to-month,31.25,31.22,281.3,0,3.56,70.35,4400.92,0,Credit card,0
104329,68,Female,West,8,Two year,40.01,20.75,170.7,0,1.96,100.14,768.07,0,Bank transfer,0
104330,28,Male,South,46,One year,37.36,41.64,60.3,0,,54.02,2264.82,0,Digital wallet,0
104331,33,Female,West,27,One year,40.94,37.31,53.7,0,2.06,33.04,876.99,1,Credit card,0
104332,67,Female,East,65,One year,25.27,25.7,57.5,0,4.37,69.12,4485.99,0,Bank transfer,0
104333,68,Male,North,40,Month-to-month,43.22,40.91,77.5,0,2.72,70.53,2560.55,0,Credit card,0
104334,70,Male,North,43,One year,25.49,28.81,193.6,0,1.27,90.52,3676.31,1,Credit card,0
104335,42,Female,West,54,Month-to-month,42.74,43.39,26.2,1,2.33,61.92,3425.45,0,Credit card,0
104336,61,Male,East,18,One year,30.81,32.23,66.8,0,1.71,54.44,954.73,1,Bank transfer,0
104337,36,Male,West,39,Two year,49.57,43.27,172.9,0,2.69,50.38,1945.94,0,Digital wallet,0
104338,60,Female,South,55,Two year,22.02,21.94,175.9,1,2.17,50.0,2626.35,1,Credit card,0
104339,46,Male,East,56,One year,19.68,20.15,205.7,1,0.39,44.69,,0,Bank transfer,0
104340,20,Female,West,17,One year,8.57,8.03,38.0,2,0.81,35.6,595.55,2,Bank transfer,0
104341,41,Female,West,60,Month-to-month,30.98,33.17,,0,1.86,15.0,844.41,1,Bank transfer,0
104342,44,Female,North,12,Month-to-month,32.17,31.84,63.8,0,4.49,86.05,1039.3,0,Credit card,0
104343,32,Female,West,19,Two year,22.89,23.31,263.1,1,0.1,70.41,1283.44,1,Credit card,0
104344,39,Female,South,61,One year,25.58,24.51,112.8,0,3.02,117.96,7025.1,1,Bank transfer,0
104345,46,Female,West,44,Month-to-month,15.58,10.8,54.3,1,4.84,28.56,1236.81,0,Credit card,0
104346,20,Female,South,39,One year,54.32,20.28,253.9,0,3.95,114.26,4493.36,0,Bank transfer,0
104347,26,Male,East,40,Month-to-month,54.4,57.28,94.7,0,2.46,61.47,2512.4,0,Bank transfer,1
104348,61,Female,South,69,Two year,35.55,31.32,111.1,1,2.16,25.56,1613.96,0,Bank transfer,0
104349,38,Male,West,17,Two year,19.52,10.14,288.9,0,3.46,15.0,233.07,0,Bank transfer,0
104350,52,Female,North,22,Month-to-month,18.61,7.81,116.0,0,4.76,51.85,1054.13,0,Bank transfer,0
104351,50,Male,South,35,Month-to-month,44.46,44.55,216.9,0,3.58,87.81,3069.35,0,Bank transfer,1
104352,49,Male,East,61,One year,19.32,21.62,78.5,1,2.78,71.86,4110.21,0,Bank transfer,0
104353,41,Male,East,39,Month-to-month,50.06,46.08,167.2,0,4.32,55.96,2217.45,0,Mailed check,0
104354,45,Female,South,52,Two year,15.97,17.74,121.3,0,2.77,93.48,4654.85,0,Bank transfer,0
104355,64,Male,East,59,Month-to-month,9.44,10.53,185.5,0,2.64,68.12,3870.15,0,Digital wallet,0
104356,73,Male,South,64,Month-to-month,12.54,11.53,112.5,0,3.45,25.62,1613.12,0,Credit card,0
104357,32,Female,East,33,Month-to-month,17.1,6.78,110.5,1,1.54,97.34,3187.98,1,Credit card,1
104358,56,Female,East,33,One year,77.46,27.39,210.4,0,6.99,39.06,1163.61,1,Bank transfer,0
104359,73,Female,East,6,One year,31.59,27.61,66.2,1,2.74,38.45,221.96,0,Credit card,1
104360,18,Male,West,6,Two year,46.58,50.27,71.7,0,2.22,59.61,365.7,0,Bank transfer,0
104361,62,Female,South,35,Two year,16.45,18.71,316.1,0,3.77,73.43,2548.31,1,Credit card,0
104362,46,Female,North,54,One year,21.45,6.74,63.6,1,4.14,48.96,2488.48,0,Credit card,0
104363,73,Male,East,60,Month-to-month,67.11,62.19,80.7,0,1.47,21.02,1310.94,0,Digital wallet,0
104364,50,Female,North,30,Month-to-month,28.52,9.07,64.0,1,0.1,49.88,1564.15,0,Credit card,0
104365,65,Male,North,41,Two year,36.79,41.34,73.5,1,2.0,89.81,3570.87,0,Mailed check,0
104366,27,Male,West,58,Month-to-month,30.0,27.37,36.1,0,,64.94,3586.03,0,Bank transfer,0
104367,26,Female,South,23,Two year,64.86,62.13,147.6,0,1.39,92.96,2204.21,0,Digital wallet,0
104368,70,Male,South,12,Two year,6.62,7.38,163.5,0,2.46,77.99,881.89,1,Credit card,1
104369,48,Male,West,66,One year,47.37,27.81,19.1,1,2.31,51.27,3414.85,1,Bank transfer,1
104370,49,Male,North,39,One year,53.22,50.09,84.0,1,0.1,47.06,1840.73,0,Bank transfer,0
104371,27,Female,North,12,Two year,46.28,49.83,82.6,0,3.49,69.79,833.38,1,Digital wallet,1
104372,30,Male,North,18,One year,20.26,18.12,47.4,1,3.85,69.92,1163.09,0,Credit card,0
104373,64,Male,North,24,One year,33.78,32.55,46.3,1,2.8,67.9,1509.65,0,Bank transfer,0
104374,35,Female,East,15,Month-to-month,22.37,25.33,81.5,0,3.08,70.14,1008.04,0,Credit card,1
104375,51,Female,West,32,Month-to-month,4.29,3.94,208.4,2,1.52,61.56,1933.16,1,Digital wallet,1
104376,36,Male,East,58,Month-to-month,30.63,32.48,,0,2.32,62.04,3435.25,0,Credit card,1
104377,33,Female,North,53,Two year,4.9,5.52,127.0,0,3.51,44.61,2387.51,0,Bank transfer,0
104378,27,Male,South,66,One year,23.9,25.94,69.7,1,0.45,38.54,2395.16,0,Credit card,0
104379,70,Female,North,60,One year,16.81,19.07,47.9,2,0.97,83.64,4972.86,0,Credit card,0
104380,71,Female,East,23,Month-to-month,21.9,24.82,288.7,1,0.36,40.22,866.6,1,Credit card,0
104381,24,Female,East,5,Two year,28.35,10.26,202.8,0,5.03,18.09,87.39,0,Digital wallet,0
104382,38,Male,North,11,Month-to-month,14.27,12.62,195.6,2,2.08,56.32,597.07,0,Credit card,1
104383,50,Female,West,57,One year,40.43,41.66,127.9,1,4.66,71.88,4000.7,2,Bank transfer,1
104384,39,Female,West,25,Month-to-month,57.26,56.0,183.6,0,2.39,60.78,1539.15,1,Mailed check,0
104385,59,Male,South,52,Two year,9.89,10.43,155.6,0,5.19,35.12,1737.04,1,Bank transfer,1
104386,32,Male,East,33,One year,19.37,20.78,54.4,0,4.35,92.58,3045.1,0,Bank transfer,0
104387,21,Female,East,64,Month-to-month,27.62,25.51,,0,1.47,70.8,4687.79,0,Credit card,1
104388,37,Male,North,37,Month-to-month,12.86,5.98,185.4,0,2.67,93.92,3290.58,0,Bank transfer,1
104389,52,Female,North,64,Month-to-month,30.97,33.75,95.1,1,0.99,63.88,3994.78,0,Credit card,0
104390,28,Male,East,18,Month-to-month,57.61,56.04,44.1,0,3.49,77.27,1314.81,1,Bank transfer,0
104391,64,Female,West,56,Month-to-month,15.33,4.7,46.3,0,4.12,36.56,2097.57,1,Bank transfer,1
104392,18,Female,East,38,Month-to-month,59.26,62.05,128.1,0,5.32,15.0,537.81,0,Credit card,0
104393,21,Male,East,14,Month-to-month,21.48,21.01,99.7,0,4.57,65.88,966.38,2,Credit card,0
104394,47,Male,East,17,Month-to-month,21.18,20.2,73.0,1,3.15,31.56,488.22,0,Bank transfer,0
104395,47,Male,South,23,One year,24.37,25.78,125.4,1,3.03,86.71,2062.47,0,Digital wallet,0
104396,34,Female,North,11,Month-to-month,38.77,39.26,106.8,0,,88.15,989.34,0,Credit card,0
104397,32,Female,South,67,Month-to-month,34.22,10.48,91.8,0,5.24,72.78,4501.51,1,Credit card,0
104398,21,Male,West,16,Two year,23.35,25.82,48.5,0,1.2,44.0,704.03,0,Credit card,0
104399,55,Female,West,43,Month-to-month,11.84,12.85,106.6,0,,64.75,2521.32,1,Credit card,0
104400,39,Female,West,41,One year,39.59,43.96,226.3,1,0.85,78.84,2935.75,0,Credit card,0
104401,24,Male,North,39,Two year,41.93,20.7,45.0,0,4.11,75.14,2886.87,0,Bank transfer,0
104402,40,Female,South,45,One year,25.06,12.31,217.2,0,3.94,42.08,1870.91,0,Digital wallet,0
104403,71,Male,East,66,Month-to-month,31.52,14.27,222.6,1,,17.81,1112.59,1,Credit card,0
104404,32,Female,North,69,Month-to-month,2.84,3.07,120.4,0,2.97,74.43,,0,Bank transfer,0
104405,68,Male,North,63,Two year,32.15,36.17,120.5,0,0.73,64.51,4026.63,0,Credit card,0
104406,32,Male,West,33,Two year,80.67,72.36,112.8,1,2.91,297.1191204883719,2607.76,0,Mailed check,0
104407,28,Male,East,52,Month-to-month,13.29,13.85,135.9,1,4.35,64.5,3324.16,1,Mailed check,0
104408,32,Male,East,14,One year,40.44,35.37,83.7,1,0.88,61.0,820.38,0,Mailed check,1
104409,36,Male,North,63,Two year,22.41,22.4,152.7,0,0.67,60.53,3471.48,1,Credit card,0
104410,24,Female,South,14,Two year,10.16,11.26,23.1,1,2.97,57.08,786.84,0,Credit card,0
104411,51,Male,North,9,Month-to-month,22.73,24.27,346.4,2,3.65,125.0,1151.69,0,Credit card,1
104412,37,Female,North,59,Month-to-month,80.81,82.82,169.8,2,3.72,59.15,3615.2,0,Digital wallet,1
104413,58,Male,South,54,Month-to-month,36.4,38.51,125.7,0,4.32,56.86,2826.08,0,Credit card,0
104414,45,Male,South,10,Month-to-month,29.35,26.47,166.4,0,2.74,83.1,839.32,0,Digital wallet,0
104415,43,Female,West,69,One year,13.14,14.84,113.3,0,0.1,76.26,,0,Credit card,0
104416,44,Male,South,8,Month-to-month,43.33,39.59,159.3,0,3.27,67.17,500.34,0,Credit card,0
104417,26,Male,North,4,Month-to-month,55.56,30.37,113.2,0,4.28,43.55,158.48,0,Bank transfer,0
104418,58,Female,North,68,Month-to-month,62.69,32.5,85.2,0,1.57,32.22,2291.47,0,Bank transfer,1
104419,23,Male,East,16,Two year,45.8,41.22,143.0,1,2.29,63.63,1030.51,2,Credit card,1
104420,59,Female,North,17,Two year,12.58,11.22,127.0,0,0.1,60.16,972.41,0,Bank transfer,0
104421,74,Male,North,57,Two year,17.37,19.64,150.8,1,2.08,52.48,3076.0,0,Bank transfer,1
104422,61,Female,South,44,Two year,7.24,7.15,,0,4.9,84.95,3445.37,2,Mailed check,0
104423,43,Male,North,37,Two year,18.83,19.02,29.5,0,1.83,88.11,3100.71,0,Bank transfer,0
104424,35,Male,East,71,Month-to-month,33.2,32.0,122.1,0,0.92,93.8,6043.18,0,Credit card,0
104425,67,Female,South,7,Month-to-month,22.24,19.08,164.5,1,5.44,39.36,266.01,2,Credit card,1
104426,32,Female,North,66,Two year,45.62,39.69,292.8,4,3.42,90.96,5631.93,0,Mailed check,0
104427,45,Female,West,20,One year,48.42,41.39,,0,3.21,17.64,369.89,0,Credit card,0
104428,61,Male,South,45,Month-to-month,55.34,55.98,59.8,1,2.73,63.62,2658.04,0,Mailed check,1
104429,70,Male,East,24,Two year,2.25,2.05,210.5,2,1.49,86.57,1923.26,0,Credit card,0
104430,70,Female,North,21,Month-to-month,32.23,31.29,,0,2.1,39.27,748.09,0,Bank transfer,1
104431,23,Male,East,23,Two year,34.19,33.79,212.0,0,4.99,31.54,707.76,1,Bank transfer,0
104432,69,Male,North,40,One year,42.1,42.51,75.1,0,1.47,63.66,2322.01,0,Bank transfer,1
104433,24,Male,South,63,Month-to-month,12.03,3.61,101.1,0,4.55,106.29,6793.1,0,Credit card,0
104434,51,Female,North,8,Two year,24.81,27.73,171.3,1,3.02,107.59,828.62,1,Credit card,0
104435,70,Male,West,48,One year,4.22,3.64,183.7,3,3.03,94.36,4751.47,0,Digital wallet,0
104436,55,Male,North,62,One year,42.91,42.83,134.0,0,0.1,40.06,2261.49,2,Bank transfer,0
104437,72,Male,West,53,One year,5.41,4.81,148.6,1,3.14,65.1,3334.71,0,Mailed check,0
104438,37,Male,West,70,Month-to-month,70.06,79.02,180.9,0,2.4,120.95,8852.57,0,Digital wallet,0
104439,35,Male,South,1,Month-to-month,42.71,9.73,108.4,1,0.1,87.58,84.47,0,Mailed check,1
104440,36,Male,South,26,Month-to-month,28.91,32.53,117.5,1,2.56,26.32,651.53,0,Bank transfer,0
104441,38,Male,South,31,Month-to-month,18.39,16.4,288.7,0,1.86,85.14,2429.36,0,Credit card,0
104442,56,Male,West,39,Month-to-month,46.81,41.43,76.5,0,2.9,46.64,1802.27,0,Bank transfer,0
104443,43,Female,East,23,Month-to-month,12.84,4.3,39.6,0,1.22,57.83,1259.58,0,Bank transfer,0
104444,60,Female,South,18,Month-to-month,14.32,5.95,118.1,1,0.98,83.69,1485.0,0,Digital wallet,1
104445,41,Male,North,61,One year,34.4,30.38,116.2,0,2.64,55.96,3543.91,0,Credit card,0
104446,35,Male,West,17,Month-to-month,25.15,7.65,48.7,0,1.91,52.06,872.87,0,Credit card,1
104447,28,Male,North,68,Month-to-month,29.89,13.19,111.8,0,1.99,92.01,5689.8,0,Bank transfer,0
104448,49,Male,North,3,Two year,36.38,7.94,39.8,1,0.67,83.88,245.11,2,Credit card,1
104449,69,Male,North,31,Two year,43.64,38.38,72.7,0,2.41,73.39,2288.85,0,Bank transfer,0
104450,66,Female,South,44,Two year,26.87,11.79,140.0,0,3.46,117.73,5127.23,0,Bank transfer,0
104451,32,Male,West,70,Month-to-month,20.95,18.8,41.5,0,2.91,70.4,4535.45,0,Credit card,0
104452,45,Female,West,55,One year,25.38,22.76,93.3,0,1.95,73.14,3877.62,0,Digital wallet,0
104453,58,Male,North,2,Month-to-month,42.04,37.79,22.8,1,0.1,57.23,112.13,1,Digital wallet,0
104454,52,Male,South,54,One year,48.84,43.69,77.4,0,1.22,40.9,2115.57,0,Mailed check,0
104455,21,Male,West,24,Two year,35.1,33.82,210.1,1,1.38,29.63,738.54,0,Bank transfer,0
104456,51,Male,South,62,Month-to-month,12.58,11.65,362.9,2,3.76,86.63,5627.52,1,Credit card,1
104457,20,Male,North,56,Two year,30.06,11.3,99.7,0,3.7,53.94,3063.33,1,Bank transfer,0
104458,24,Male,South,14,One year,1.46,1.42,136.4,0,2.97,129.72,1885.49,0,Credit card,1
104459,55,Male,East,26,Month-to-month,56.32,62.97,50.4,0,1.98,42.96,1162.37,0,Bank transfer,0
104460,23,Female,West,59,Month-to-month,43.67,41.73,131.7,0,4.46,46.15,2592.96,1,Mailed check,0
104461,37,Female,East,66,Two year,20.5,19.19,231.0,1,3.44,73.4,4607.88,0,Digital wallet,0
104462,51,Male,North,43,Month-to-month,36.1,40.59,111.9,1,0.1,39.43,1536.43,0,Mailed check,0
104463,55,Female,East,16,Month-to-month,24.79,23.47,195.3,0,4.87,27.75,414.0,1,Credit card,1
104464,43,Male,North,28,Month-to-month,19.9,13.53,72.7,0,2.26,82.05,2120.86,0,Credit card,1
104465,23,Male,West,57,Two year,30.9,27.4,30.5,0,3.91,15.0,791.01,0,Digital wallet,0
104466,63,Male,South,43,Month-to-month,58.53,37.36,87.7,1,3.21,70.1,2784.47,0,Digital wallet,0
104467,72,Male,North,15,Two year,26.92,27.88,71.2,0,0.56,70.62,1006.91,1,Credit card,0
104468,68,Female,South,21,One year,36.96,24.97,187.9,1,1.8,88.37,1851.0,0,Bank transfer,0
104469,60,Female,North,14,Month-to-month,17.72,16.56,189.6,1,0.1,77.12,1111.59,0,Bank transfer,1
104470,40,Female,North,34,Month-to-month,27.28,27.45,47.9,0,1.34,134.78,4249.44,0,Bank transfer,1
104471,67,Female,East,32,One year,30.88,33.36,144.1,2,2.71,55.69,1777.49,0,Digital wallet,0
104472,45,Female,West,39,Month-to-month,11.17,5.92,,1,2.6,31.89,1215.5,0,Digital wallet,0
104473,25,Male,West,68,Month-to-month,17.5,17.85,79.5,0,1.5,133.94,9081.23,1,Bank transfer,0
104474,66,Male,South,47,Month-to-month,22.99,25.11,117.9,0,2.12,67.61,2863.13,0,Digital wallet,0
104475,36,Male,North,42,Two year,51.72,35.48,157.0,1,2.67,43.2,1862.2,0,Digital wallet,0
104476,71,Female,South,27,One year,51.1,48.72,200.5,2,3.51,25.5,660.03,1,Credit card,0
104477,38,Male,South,46,Month-to-month,33.01,9.73,119.7,2,1.56,57.18,2676.56,0,Digital wallet,1
104478,67,Female,North,68,Month-to-month,43.57,39.24,138.7,0,2.27,45.53,2945.1,0,Mailed check,0
104479,48,Female,West,1,Month-to-month,42.72,41.37,167.2,0,0.62,45.75,47.78,0,Credit card,0
104480,44,Male,West,25,One year,27.86,27.12,48.0,0,0.67,15.0,375.36,1,Bank transfer,0
104481,34,Male,North,5,Month-to-month,21.29,22.67,18.5,0,4.2,55.78,289.84,0,Credit card,1
104482,65,Female,West,15,Two year,29.01,13.53,154.3,0,4.79,75.75,1093.22,0,Bank transfer,0
104483,21,Male,East,5,Two year,53.71,56.72,121.8,0,2.81,39.91,188.48,1,Bank transfer,1
104484,44,Male,North,43,Month-to-month,33.64,31.72,44.8,0,2.01,54.14,2253.62,2,Credit card,0
104485,39,Male,East,59,Two year,56.94,64.27,160.6,0,1.79,52.88,2875.2,0,Credit card,0
104486,48,Female,North,67,One year,40.11,22.93,44.1,1,4.33,67.28,4206.67,0,Credit card,0
104487,32,Male,North,17,One year,79.31,34.99,115.8,2,0.1,106.86,1737.92,0,Digital wallet,0
104488,55,Female,West,50,Month-to-month,33.68,31.41,156.0,0,5.91,70.27,3340.83,2,Bank transfer,0
104489,39,Male,East,24,Two year,29.58,33.99,189.6,1,2.62,36.08,784.81,0,Credit card,0
104490,28,Female,North,23,Month-to-month,41.13,35.36,87.8,0,0.1,61.9,1327.14,0,Digital wallet,0
104491,29,Female,South,44,Two year,51.8,15.9,182.2,0,6.19,73.94,3229.2,0,Mailed check,1
104492,57,Male,West,49,Month-to-month,26.63,28.01,95.4,1,0.1,34.41,1744.37,0,Bank transfer,0
104493,32,Female,South,42,Month-to-month,48.81,50.57,59.5,1,0.1,42.11,1644.62,0,Credit card,0
104494,35,Male,West,8,Two year,25.53,13.45,72.5,0,1.16,41.66,310.54,0,Bank transfer,0
104495,53,Male,West,30,Month-to-month,50.37,51.65,80.4,2,2.26,60.31,1830.63,0,Credit card,0
104496,36,Female,South,21,Month-to-month,97.66,105.83,9.6,0,,55.6,1162.58,0,Credit card,0
104497,40,Male,East,1,Two year,25.29,17.34,166.4,0,1.98,22.88,23.63,0,Mailed check,0
104498,31,Female,East,3,Month-to-month,36.59,37.59,135.9,2,1.29,50.46,139.55,0,Credit card,1
104499,37,Female,West,32,Two year,43.26,44.69,73.1,1,2.04,64.11,2124.01,1,Credit card,0
104500,57,Male,South,8,Two year,31.8,35.4,142.3,1,2.03,91.82,691.77,1,Credit card,1
104501,48,Male,North,53,Month-to-month,18.42,16.68,43.5,0,4.66,31.87,1590.07,0,Credit card,0
104502,74,Female,North,4,One year,28.99,13.38,145.8,0,4.08,42.01,161.84,0,Credit card,0
104503,61,Male,East,17,Two year,44.24,14.34,162.0,2,1.59,36.57,649.26,0,Bank transfer,0
104504,18,Male,,70,Two year,13.57,13.7,38.3,0,1.98,24.0,1537.94,0,Digital wallet,0
104505,39,Male,West,51,Month-to-month,24.94,26.52,173.7,0,0.1,15.0,759.76,0,Credit card,0
104506,34,Male,,40,One year,31.31,29.51,96.1,1,3.45,76.08,3126.89,0,Digital wallet,1
104507,51,Female,North,2,One year,45.49,41.66,96.4,0,2.42,67.91,141.5,0,Bank transfer,0
104508,33,Male,North,4,Month-to-month,32.73,7.21,38.5,1,3.08,75.26,305.7,0,Mailed check,1
104509,73,Female,West,65,One year,22.78,5.74,192.0,1,3.45,71.54,4229.56,0,Bank transfer,0
104510,35,Female,South,57,Month-to-month,62.18,55.26,192.9,1,4.83,53.86,,1,Digital wallet,0
104511,47,Female,West,68,Month-to-month,28.5,16.77,248.7,0,1.92,48.8,3373.48,0,Credit card,0
104512,25,Female,North,58,Month-to-month,29.54,27.44,204.3,0,2.58,91.39,5522.88,0,Digital wallet,0
104513,69,Female,South,1,Two year,35.45,37.21,121.0,1,4.85,80.95,75.04,0,Credit card,0
104514,69,Male,West,58,Month-to-month,37.72,39.03,130.6,0,2.24,61.69,3489.86,0,Credit card,0
104515,63,Male,North,33,Month-to-month,38.01,34.27,19.3,3,2.36,39.91,1263.49,0,Digital wallet,1
104516,38,Female,North,50,Month-to-month,19.2,19.15,16.2,0,6.46,67.23,3374.91,0,Digital wallet,0
104517,21,Male,East,30,Month-to-month,47.76,43.66,100.6,0,2.43,69.75,1933.73,0,Bank transfer,0
104518,58,Female,East,52,Two year,67.04,29.67,98.5,0,5.1,49.25,2321.23,0,Digital wallet,0
104519,42,Male,West,60,Month-to-month,37.26,42.13,57.6,0,1.66,70.92,4031.4,2,Digital wallet,1
104520,74,Female,West,70,Month-to-month,13.77,14.69,103.1,2,1.82,79.38,5602.82,0,Bank transfer,0
104521,57,Female,East,39,Two year,83.85,75.63,64.9,0,0.1,75.82,2944.6,0,Bank transfer,0
104522,48,Male,North,20,Month-to-month,40.29,37.75,193.6,0,3.42,88.84,1678.55,0,Digital wallet,0
104523,74,Female,South,44,Month-to-month,13.66,4.16,114.2,0,3.58,86.28,3755.09,0,Credit card,1
104524,63,Male,West,36,Two year,40.04,44.28,70.3,0,2.63,90.8,3202.34,1,Credit card,0
104525,44,Male,South,15,One year,57.34,58.32,193.4,2,3.19,51.54,732.02,1,Credit card,1
104526,19,Female,West,52,Month-to-month,35.51,33.98,43.1,3,3.81,84.5,3967.7,1,Bank transfer,0
104527,23,Female,East,6,One year,12.23,12.59,308.5,0,0.28,77.01,450.83,0,Mailed check,1
104528,43,Female,North,29,One year,36.34,35.14,123.8,0,2.61,85.28,2229.31,0,Credit card,0
104529,50,Male,South,50,One year,13.29,14.93,99.2,1,4.99,67.98,3419.94,0,Credit card,0
104530,19,Male,East,66,Month-to-month,30.89,19.46,32.1,0,2.08,77.12,4744.38,0,Credit card,0
104531,25,Male,North,45,Two year,20.17,22.43,107.4,1,0.44,39.49,1683.75,2,Credit card,0
104532,58,Female,South,70,One year,30.74,27.61,93.8,0,4.12,76.71,4923.42,0,Digital wallet,0
104533,60,Male,East,60,One year,25.48,26.84,154.2,0,2.72,95.4,5631.42,1,Mailed check,0
104534,19,Female,North,17,Two year,41.08,45.24,98.7,1,2.46,106.25,1656.8,3,Bank transfer,0
104535,46,Female,South,60,Two year,44.44,40.59,44.4,0,1.89,61.9,3587.2,0,Bank transfer,0
104536,22,Male,East,24,One year,45.33,18.95,89.9,0,3.88,109.66,2631.51,1,Mailed check,0
104537,59,Female,West,45,Month-to-month,15.61,17.35,65.2,0,,60.9,2865.07,0,Digital wallet,0
104538,65,Male,South,15,Month-to-month,26.51,25.87,,1,4.67,82.38,1207.12,0,Credit card,0
104539,67,Male,West,39,One year,26.85,25.3,211.2,0,2.63,66.58,2425.64,0,Credit card,1
104540,52,Male,West,49,Month-to-month,30.65,35.1,27.9,1,4.02,96.74,4753.74,0,Credit card,0
104541,53,Female,South,65,One year,58.87,62.19,196.9,0,3.84,70.1,4310.42,0,Digital wallet,0
104542,70,Female,North,67,One year,39.48,37.0,110.6,0,0.73,49.99,3154.13,0,Digital wallet,0
104543,52,Female,West,57,One year,43.4,43.79,162.3,1,3.22,90.99,5161.38,0,Bank transfer,0
104544,43,Female,North,40,Month-to-month,27.5,16.44,221.5,1,2.1,52.61,1912.4,1,Credit card,1
104545,61,Female,West,63,Two year,20.74,12.56,70.9,0,3.48,72.84,4397.7,0,Digital wallet,0
104546,51,Female,East,8,One year,10.71,11.17,114.4,1,2.41,22.69,173.38,0,Bank transfer,0
104547,66,Female,South,71,Month-to-month,21.83,23.22,75.3,1,0.1,85.68,5614.48,0,Credit card,0
104548,47,Male,East,15,One year,19.38,17.69,94.2,1,3.69,18.09,268.89,1,Mailed check,0
104549,67,Male,South,29,Month-to-month,20.05,20.75,155.6,0,0.1,52.5,1546.67,0,Credit card,0
104550,20,Female,West,65,One year,31.55,34.83,103.9,0,2.71,30.86,1897.74,1,Credit card,0
104551,20,Female,North,51,Month-to-month,39.87,22.29,113.3,0,,37.0,1804.03,1,Credit card,0
104552,23,Female,West,61,One year,53.08,57.91,55.4,0,4.6,64.11,3742.24,0,Mailed check,0
104553,49,Female,North,49,Month-to-month,8.3,5.7,100.4,0,3.1,48.21,2332.56,0,Digital wallet,0
104554,58,Female,West,43,Month-to-month,43.74,41.04,79.8,0,1.73,83.44,3641.89,0,Bank transfer,0
104555,30,Female,West,13,Month-to-month,8.46,5.49,108.5,1,2.41,58.84,705.04,1,Bank transfer,0
104556,26,Female,South,71,Month-to-month,24.2,6.36,52.3,1,4.08,69.2,4433.19,2,Credit card,1
104557,67,Male,North,46,Two year,29.71,33.9,71.4,0,1.32,44.58,2074.0,0,Digital wallet,0
104558,60,Female,West,48,Two year,22.25,19.0,125.2,3,,83.7,3822.66,0,Credit card,0
104559,54,Female,West,31,Month-to-month,31.77,34.43,150.3,1,1.22,69.56,2110.1,0,Credit card,0
104560,45,Female,South,68,Month-to-month,32.46,30.67,118.2,1,2.08,78.15,5311.53,1,Bank transfer,0
104561,41,Female,South,32,One year,0.38,0.43,88.7,0,1.79,84.0,2819.51,1,Bank transfer,0
104562,19,Male,West,14,Month-to-month,32.79,12.19,68.7,0,3.12,86.61,1230.4,0,Bank transfer,1
104563,28,Male,North,13,Month-to-month,25.45,28.2,26.4,1,3.32,75.39,930.02,0,Bank transfer,0
104564,69,Female,East,50,Month-to-month,44.19,49.24,215.1,0,5.73,69.35,3216.62,0,Bank transfer,0
104565,37,Female,South,53,One year,46.39,42.94,188.6,0,2.27,92.61,4813.86,0,Bank transfer,0
104566,58,Male,North,15,Two year,28.67,31.22,233.0,2,2.98,69.08,1010.3,3,Credit card,0
104567,58,Male,West,50,Month-to-month,47.94,45.53,229.3,0,,54.66,2510.38,0,Credit card,1
104568,35,Female,South,71,Two year,18.91,18.61,128.5,1,2.46,87.92,6046.85,0,Credit card,0
104569,29,Male,West,38,Two year,26.6,29.82,347.6,0,2.65,91.15,3618.15,0,Credit card,1
104570,57,Female,East,69,Two year,12.92,8.75,95.7,0,3.41,63.72,4313.25,0,Credit card,0
104571,23,Male,South,12,One year,36.76,19.4,114.5,2,1.49,80.5,1012.96,0,Credit card,0
104572,46,Male,South,29,Two year,32.52,34.67,69.9,0,2.8,76.39,2059.27,0,Digital wallet,0
104573,68,Female,South,40,One year,24.84,25.89,41.6,1,1.28,67.25,2652.54,1,Bank transfer,0
104574,58,Female,West,26,Two year,16.44,14.61,79.0,0,2.02,28.27,672.44,1,Credit card,0
104575,61,Female,East,8,Month-to-month,31.75,32.12,76.0,1,5.72,37.46,303.14,0,Bank transfer,0
104576,22,Female,West,33,One year,14.61,12.96,162.6,1,2.28,55.76,1736.77,0,Digital wallet,0
104577,29,Male,South,25,One year,18.43,7.77,121.0,0,2.83,66.03,1723.0,0,Digital wallet,0
104578,33,Female,North,15,Month-to-month,64.15,55.97,141.0,0,0.1,35.58,482.35,0,Digital wallet,0
104579,34,Female,North,27,Month-to-month,34.62,39.26,128.7,0,3.16,15.0,398.79,0,Credit card,0
104580,29,Female,,30,Month-to-month,25.23,25.93,130.9,0,5.46,62.44,1883.63,0,Credit card,0
104581,73,Male,South,63,Month-to-month,26.62,16.8,71.5,0,1.23,65.22,3963.51,0,Mailed check,1
104582,27,Female,South,35,Month-to-month,36.42,31.03,126.4,2,4.13,86.63,3167.86,0,Credit card,1
104583,58,Male,South,30,Month-to-month,54.26,28.18,169.0,1,1.57,113.32,3212.45,1,Mailed check,1
104584,51,Female,South,28,Month-to-month,30.39,11.71,,0,0.1,31.04,785.28,0,Mailed check,0
104585,52,Female,East,43,One year,79.41,78.67,187.3,0,1.84,73.54,3170.62,0,Bank transfer,0
104586,30,Male,East,20,Month-to-month,37.12,34.74,153.3,1,1.48,124.46,2432.4,0,Bank transfer,0
104587,35,Female,West,63,Month-to-month,29.0,25.99,119.8,3,2.67,32.06,2002.12,0,Credit card,0
104588,52,Female,North,30,Month-to-month,8.84,9.69,83.1,0,2.05,40.58,1196.58,0,Mailed check,0
104589,35,Female,East,31,Month-to-month,47.64,42.69,130.8,0,1.0,89.3,2790.44,1,Bank transfer,0
104590,57,Female,North,5,Month-to-month,15.73,14.15,238.8,1,3.3,69.72,338.5,1,Credit card,0
104591,20,Female,West,63,Two year,53.41,17.92,91.2,0,4.26,71.89,4122.54,0,Credit card,0
104592,22,Male,East,34,Month-to-month,39.17,36.03,269.6,1,3.47,80.51,2487.32,1,Bank transfer,0
104593,59,Female,South,10,Month-to-month,8.94,9.51,134.0,0,2.77,83.5,755.28,0,Bank transfer,1
104594,53,Female,West,13,One year,38.57,34.99,214.3,0,2.38,75.59,1026.54,0,Credit card,0
104595,20,Male,South,26,Two year,40.78,38.6,75.2,0,3.38,78.64,2133.53,0,Bank transfer,0
104596,69,Male,North,56,Month-to-month,26.13,29.29,69.6,1,1.67,35.05,1880.88,1,Credit card,0
104597,18,Male,South,7,Month-to-month,27.01,27.54,44.6,0,3.76,89.55,627.31,0,Mailed check,0
104598,72,Female,North,9,One year,26.06,23.51,237.3,1,0.58,104.1,850.65,1,Credit card,1
104599,59,Male,West,40,Month-to-month,50.97,56.47,133.6,0,0.1,92.73,3731.63,0,Bank transfer,0
104600,74,Female,East,36,Month-to-month,17.32,17.38,167.7,0,3.42,77.48,2701.23,1,Digital wallet,0
104601,72,Female,West,68,Two year,15.8,17.39,114.5,0,0.89,112.18,7435.97,0,Bank transfer,0
104602,35,Male,West,54,Two year,28.79,25.15,120.5,0,1.37,69.67,3443.23,0,Bank transfer,0
104603,61,Female,West,47,One year,4.3,3.86,39.9,1,0.94,89.83,4047.29,0,Bank transfer,0
104604,30,Female,South,24,Month-to-month,32.71,28.71,135.0,1,3.39,107.33,2388.9,1,Digital wallet,0
104605,44,Female,North,45,One year,14.78,14.69,178.5,0,1.3,55.9,2266.4,0,Bank transfer,1
104606,31,Female,South,42,Two year,23.48,22.68,23.4,0,4.59,97.77,3950.06,0,Credit card,0
104607,45,Male,West,20,Two year,19.9,12.45,83.7,0,3.65,36.71,672.26,0,Digital wallet,0
104608,67,Male,West,27,Month-to-month,62.97,61.39,64.7,0,2.9,43.4,1087.2,0,Bank transfer,0
104609,42,Male,West,67,Month-to-month,28.13,17.53,151.7,0,4.9,40.42,2562.32,0,Digital wallet,1
104610,23,Male,North,39,Month-to-month,14.2,9.36,146.9,1,1.1,15.0,566.28,0,Credit card,1
104611,36,Female,North,34,Two year,30.47,18.05,167.1,0,2.7,47.09,1498.79,0,Credit card,0
104612,62,Male,West,57,Month-to-month,13.87,13.32,6.9,0,0.1,67.05,3985.8,1,Credit card,0
104613,47,Female,North,19,Month-to-month,33.3,32.54,115.6,1,1.71,57.35,1130.94,0,Credit card,1
104614,49,Female,East,16,Month-to-month,48.97,14.32,28.5,1,0.52,33.11,496.52,0,Bank transfer,0
104615,42,Male,South,71,Month-to-month,42.55,41.03,130.2,1,3.86,15.0,1030.18,0,Digital wallet,0
104616,34,Female,South,58,Two year,16.79,15.07,41.5,1,4.39,46.24,2658.08,0,Credit card,0
104617,52,Male,East,31,Month-to-month,19.4,19.8,145.3,1,2.09,43.78,1259.41,1,Credit card,1
104618,54,Female,West,68,Month-to-month,37.63,41.8,42.5,1,5.93,112.37,7597.21,0,Credit card,0
104619,69,Male,West,27,One year,62.83,72.14,55.7,1,1.23,64.52,1677.72,0,Digital wallet,0
104620,53,Male,South,48,One year,27.2,24.08,201.8,1,0.72,108.84,4726.23,0,Credit card,1
104621,74,Male,South,3,One year,56.1,54.61,101.5,3,1.69,47.07,132.53,2,Bank transfer,1
104622,65,Female,West,50,Two year,37.26,34.36,103.7,2,3.07,91.29,4233.55,1,Credit card,0
104623,22,Male,East,13,Month-to-month,39.41,40.2,54.5,1,3.92,71.1,945.95,0,Credit card,0
104624,40,Female,South,18,Month-to-month,16.89,16.19,189.8,0,3.69,44.74,784.89,0,Mailed check,1
104625,39,Male,East,58,Month-to-month,22.84,9.01,134.7,0,1.99,71.42,3840.01,0,Digital wallet,0
104626,18,Male,North,15,One year,28.72,10.45,128.8,2,4.18,59.85,884.59,1,Credit card,0
104627,28,Female,North,35,Two year,4.9,5.46,48.9,1,1.72,57.38,1938.88,0,Bank transfer,1
104628,61,Female,West,66,Month-to-month,26.19,29.61,115.2,1,6.86,23.48,1494.09,1,Credit card,0
104629,38,Male,East,68,One year,23.26,7.65,379.6,1,4.11,114.25,7226.83,0,Bank transfer,0
104630,26,Male,North,32,One year,19.93,18.89,68.9,0,0.1,78.58,2504.18,0,Credit card,0
104631,34,Male,North,6,Two year,17.66,10.55,198.4,0,1.77,37.16,228.1,0,Credit card,0
104632,33,Female,,21,Month-to-month,45.59,43.63,20.1,0,1.37,74.76,1527.19,0,Bank transfer,0
104633,27,Male,East,44,Month-to-month,42.7,43.15,164.6,1,5.68,56.31,2285.17,0,Bank transfer,0
104634,23,Male,East,24,One year,49.83,51.86,138.2,1,1.1,100.03,2254.86,1,Credit card,0
104635,61,Female,North,52,Two year,46.94,50.49,95.2,3,0.1,285.2941902564644,2842.14,0,Credit card,0
104636,64,Male,West,71,One year,27.48,24.18,133.9,0,4.03,63.85,4680.56,0,Bank transfer,0
104637,46,Male,West,45,Two year,58.9,50.97,135.8,1,0.1,49.37,2207.38,0,Digital wallet,0
104638,53,Female,South,45,Month-to-month,28.25,29.76,135.2,0,1.98,77.04,3601.97,0,Credit card,0
104639,70,Male,South,38,One year,21.62,21.48,84.8,1,,64.59,2327.51,0,Digital wallet,1
104640,66,Male,East,14,Month-to-month,66.93,70.4,78.6,2,1.93,96.24,1389.04,0,Credit card,0
104641,19,Male,West,42,Month-to-month,21.48,5.63,63.4,1,4.65,72.71,3111.08,0,Credit card,0
104642,72,Female,West,67,Month-to-month,0.0,0.0,36.5,0,3.11,126.1,8806.37,0,Credit card,1
104643,21,Female,West,49,Month-to-month,16.97,10.74,102.9,0,1.15,61.5,2821.44,0,Digital wallet,0
104644,19,Female,East,54,Month-to-month,29.67,27.91,183.4,0,2.85,45.18,2542.37,1,Mailed check,0
104645,40,Female,South,62,One year,25.17,14.96,76.3,0,5.14,46.88,2903.41,0,Bank transfer,0
104646,60,Male,South,28,Two year,14.5,13.07,48.9,0,2.89,46.99,1329.11,0,Bank transfer,0
104647,22,Male,West,24,Month-to-month,40.46,35.74,64.5,0,3.31,44.67,994.76,1,Bank transfer,0
104648,34,Male,North,69,Month-to-month,38.73,42.05,113.3,1,3.22,102.99,6625.98,2,Digital wallet,0
104649,32,Male,North,33,Month-to-month,12.9,12.52,113.2,1,1.44,58.6,2028.84,1,Bank transfer,0
104650,40,Female,East,53,Month-to-month,46.61,40.78,60.0,2,0.1,72.58,3914.43,0,Digital wallet,1
104651,74,Male,South,46,Month-to-month,79.4,26.5,104.2,1,3.1,33.17,1576.72,0,Credit card,1
104652,36,Female,West,9,One year,10.68,9.87,93.9,0,4.7,65.12,550.52,1,Credit card,0
104653,29,Female,North,23,Two year,42.94,47.59,144.8,2,3.42,15.0,336.12,0,Digital wallet,1
104654,24,Male,South,24,Month-to-month,19.12,4.16,226.1,5,,74.0,1739.48,0,Digital wallet,1
104655,29,Female,North,13,One year,21.24,8.65,74.6,0,3.16,51.88,633.95,0,Credit card,0
104656,25,Female,East,56,One year,39.19,38.97,67.4,0,3.94,105.2,5429.79,1,Bank transfer,0
104657,50,Male,West,69,Month-to-month,19.3,9.59,112.3,1,4.32,85.85,5496.5,0,Digital wallet,0
104658,41,Male,South,69,Month-to-month,16.02,10.05,125.9,0,3.46,85.29,5577.93,0,Bank transfer,0
104659,46,Male,South,14,Month-to-month,24.71,27.33,,1,2.91,43.3,583.95,0,Credit card,0
104660,65,Female,North,32,Month-to-month,8.45,9.58,32.2,0,1.57,74.25,,2,Bank transfer,0
104661,51,Female,East,17,Two year,34.64,30.14,299.2,2,2.25,114.15,1885.37,0,Credit card,1
104662,26,Male,West,5,Month-to-month,61.98,70.22,87.8,0,4.03,46.19,226.17,0,Credit card,0
104663,39,Female,West,44,Month-to-month,13.12,12.61,70.0,1,1.26,44.21,1889.37,1,Credit card,1
104664,35,Male,North,62,Month-to-month,59.76,27.74,48.9,0,1.21,66.54,4079.57,0,Digital wallet,1
104665,65,Male,East,6,Month-to-month,23.31,24.69,77.1,0,3.6,71.44,391.54,0,Bank transfer,1
104666,35,Male,North,46,Two year,8.76,8.51,35.9,0,3.1,82.11,3898.75,0,Credit card,0
104667,25,Male,North,3,Month-to-month,44.7,46.24,197.4,1,4.72,78.77,220.96,1,Bank transfer,1
104668,59,Male,North,60,One year,29.57,31.07,95.2,0,3.89,71.04,4115.95,1,Bank transfer,0
104669,42,Male,North,5,Month-to-month,19.79,17.61,67.8,1,1.7,47.57,244.62,1,Credit card,1
104670,23,Male,North,31,Month-to-month,16.36,5.45,176.2,0,4.85,115.0,3591.2,0,Bank transfer,1
104671,57,Female,West,9,Month-to-month,18.05,17.68,91.3,0,2.99,103.22,936.7,0,Bank transfer,1
104672,29,Male,North,30,Two year,22.23,12.12,67.5,1,3.59,77.25,2364.04,0,Bank transfer,1
104673,67,Female,West,31,Month-to-month,22.8,20.79,249.9,1,2.0,96.88,3138.58,0,Credit card,0
104674,65,Female,West,39,One year,37.9,15.19,,0,3.3,64.69,2286.18,0,Digital wallet,0
104675,39,Female,East,59,Month-to-month,38.44,23.55,23.7,1,1.75,35.48,2197.17,1,Bank transfer,0
104676,49,Male,South,71,One year,28.29,5.99,103.9,0,0.1,88.33,6523.77,0,Credit card,0
104677,50,Female,West,25,One year,40.59,35.96,96.0,1,5.26,34.32,790.45,0,Bank transfer,0
104678,55,Male,North,66,One year,29.3,30.11,68.9,1,1.24,117.77,7339.25,0,Bank transfer,0
104679,21,Male,South,31,Month-to-month,92.94,97.96,62.3,0,1.7,37.9,1173.55,1,Credit card,1
104680,36,Female,South,9,Month-to-month,0.0,0.0,109.2,0,1.61,101.46,942.43,0,Digital wallet,0
104681,27,Male,West,43,Two year,19.2,16.36,80.0,2,5.27,113.11,4772.92,0,Bank transfer,0
104682,57,Female,West,52,One year,15.37,17.54,87.6,0,3.27,32.49,1650.53,2,Digital wallet,1
104683,21,Male,West,22,Month-to-month,24.52,24.34,122.8,1,3.5,30.05,606.86,0,Digital wallet,1
104684,47,Female,East,42,Month-to-month,25.88,10.6,84.7,1,4.0,79.14,3352.4,1,Bank transfer,1
104685,59,Female,South,31,Month-to-month,31.7,33.15,71.7,0,,105.08,3175.72,0,Mailed check,0
104686,72,Female,West,11,Month-to-month,34.81,30.37,150.7,0,2.88,84.22,848.27,0,Credit card,0
104687,34,Female,West,28,Month-to-month,35.89,37.18,79.9,1,2.83,45.93,1333.43,0,Credit card,0
104688,18,Female,South,31,Month-to-month,24.61,10.12,68.9,0,4.8,105.39,3056.72,0,Credit card,0
104689,59,Male,West,25,Month-to-month,42.59,45.95,42.0,0,0.73,122.8,3008.32,1,Credit card,0
104690,18,Male,West,65,One year,24.89,21.51,58.5,0,1.23,43.04,2867.84,0,Digital wallet,0
104691,21,Male,South,28,Two year,35.08,35.33,47.0,0,3.52,76.4,2141.83,2,Credit card,0
104692,74,Female,North,45,One year,6.9,3.41,39.9,2,3.05,82.59,3475.68,0,Credit card,1
104693,67,Female,North,1,Month-to-month,29.15,11.06,62.8,0,2.03,59.89,62.88,0,Credit card,0
104694,58,Female,West,23,One year,42.18,37.65,124.9,1,6.12,44.46,934.57,0,Digital wallet,1
104695,65,Female,North,63,Month-to-month,13.57,12.13,101.5,0,0.77,40.29,2591.1,1,Digital wallet,0
104696,22,Male,South,64,One year,26.81,27.74,83.7,0,2.62,22.46,1393.78,0,Credit card,0
104697,23,Female,East,70,Month-to-month,20.8,21.55,133.5,1,2.97,88.48,5641.29,0,Credit card,1
104698,35,Female,West,5,Month-to-month,29.74,30.22,72.5,0,1.93,54.04,253.01,0,Credit card,0
104699,19,Male,West,62,One year,19.17,7.69,119.9,0,1.54,108.39,6132.15,0,Bank transfer,0
104700,68,Male,West,20,Month-to-month,27.31,27.39,147.4,1,2.08,80.46,1498.24,1,Bank transfer,1
104701,21,Female,South,1,One year,19.7,19.52,24.2,0,4.92,64.73,66.85,0,Digital wallet,0
104702,49,Male,North,7,One year,30.5,30.33,100.8,0,,103.11,681.26,1,Digital wallet,0
104703,66,Female,East,54,Month-to-month,10.33,9.82,129.4,0,3.12,64.89,3474.7,0,Credit card,0
104704,59,Female,North,43,Month-to-month,17.87,10.14,124.4,0,1.63,52.66,2105.72,1,Credit card,1
104705,31,Female,East,41,One year,32.36,30.01,104.1,0,3.6,85.06,3266.85,0,Credit card,0
104706,44,Female,West,63,One year,9.83,9.14,74.9,0,4.15,52.78,3168.56,1,Credit card,0
104707,49,Female,East,7,Two year,24.18,27.14,89.9,1,2.25,70.68,515.63,0,Digital wallet,0
104708,61,Female,East,6,Month-to-month,8.17,7.59,31.0,0,3.56,75.31,421.0,0,Bank transfer,0
104709,42,Female,East,67,Two year,25.18,7.19,204.6,0,2.34,67.71,4530.05,0,Bank transfer,0
104710,34,Male,West,44,Month-to-month,14.77,14.21,28.8,0,2.57,75.69,3183.31,0,Bank transfer,1
104711,63,Female,South,56,Month-to-month,73.07,23.32,64.9,0,3.18,75.72,3907.0,1,Digital wallet,1
104712,68,Female,South,38,One year,43.27,43.33,101.3,2,2.98,70.61,2638.05,0,Bank transfer,0
104713,45,Female,North,11,Month-to-month,20.58,22.08,40.5,1,2.86,52.77,554.89,0,Credit card,1
104714,19,Male,East,38,Month-to-month,56.41,61.1,86.3,0,0.29,40.02,1567.77,0,Digital wallet,0
104715,46,Male,North,69,Month-to-month,19.78,21.1,151.9,2,0.65,47.36,3394.83,0,Bank transfer,0
104716,68,Female,South,9,Two year,43.84,41.25,138.2,1,0.1,48.93,434.0,0,Credit card,1
104717,74,Male,West,9,Two year,33.14,8.33,100.2,1,0.4,82.25,698.81,0,Credit card,0
104718,40,Male,North,25,Two year,20.75,6.82,111.4,0,3.19,108.89,2667.21,0,Bank transfer,1
104719,26,Female,East,33,Month-to-month,37.41,33.63,15.4,1,1.97,65.59,2235.36,0,Bank transfer,1
104720,50,Male,North,45,Month-to-month,36.37,39.83,49.3,1,1.55,96.5,4347.79,1,Bank transfer,1
104721,65,Female,North,12,Two year,24.49,27.24,69.3,1,5.2,48.16,527.65,0,Credit card,0
104722,71,Male,North,67,Month-to-month,38.73,17.53,82.2,1,4.3,62.08,3783.61,1,Bank transfer,0
104723,20,Male,North,11,Month-to-month,41.94,47.14,155.8,0,0.12,61.44,623.93,0,Credit card,0
104724,34,Female,West,15,Month-to-month,42.79,12.61,257.4,0,1.2,80.5,1189.3,0,Bank transfer,1
104725,45,Male,West,69,One year,12.66,3.0,89.0,1,1.08,50.26,3208.47,1,Mailed check,0
104726,23,Female,East,27,One year,26.95,29.85,86.8,0,2.59,84.22,2133.22,1,Mailed check,0
104727,68,Female,East,41,Month-to-month,4.29,4.11,99.7,1,0.56,74.42,2987.81,0,Credit card,0
104728,24,Male,West,31,Month-to-month,26.7,23.92,61.6,0,1.48,69.76,2129.95,0,Bank transfer,0
104729,55,Female,West,19,One year,39.43,41.45,219.0,1,3.13,51.39,999.56,0,Digital wallet,0
104730,70,Male,South,36,One year,20.67,21.6,57.0,1,2.3,24.11,838.04,1,Bank transfer,0
104731,57,Female,North,56,Month-to-month,47.74,44.13,58.6,1,0.53,54.36,3094.91,0,Credit card,0
104732,61,Male,East,1,Month-to-month,22.96,23.79,71.8,0,2.65,84.31,76.88,0,Credit card,1
104733,33,Male,West,63,Two year,15.92,11.12,236.7,2,2.69,21.37,1321.17,0,Credit card,0
104734,65,Male,North,14,One year,44.97,51.7,128.7,0,2.82,26.11,352.54,1,Digital wallet,0
104735,41,Female,South,66,One year,54.49,49.07,99.0,1,0.39,58.22,3991.22,0,Credit card,0
104736,21,Male,South,69,One year,30.04,28.94,83.7,0,3.97,44.31,3081.98,0,Credit card,0
104737,38,Female,South,67,Two year,52.85,51.12,95.1,1,1.75,145.64,9794.27,0,Credit card,0
104738,37,Male,East,47,Month-to-month,10.77,4.6,50.0,2,0.77,71.3,3470.81,1,Digital wallet,0
104739,47,Male,South,65,Month-to-month,22.29,13.73,22.0,1,2.61,55.18,3361.32,0,Credit card,0
104740,33,Female,West,62,Month-to-month,50.02,45.72,164.1,0,3.49,93.66,5886.33,0,Credit card,0
104741,44,Male,West,46,Two year,27.04,29.37,43.6,2,3.39,63.59,3012.68,1,Mailed check,1
104742,42,Male,North,64,Month-to-month,16.92,9.63,213.8,1,4.43,63.06,4233.24,0,Credit card,1
104743,36,Female,West,25,Month-to-month,57.22,60.78,131.1,2,,110.82,2671.77,0,Credit card,0
104744,57,Female,West,60,Month-to-month,30.62,28.02,89.0,0,0.1,15.0,899.9,0,Bank transfer,0
104745,35,Male,South,66,One year,28.2,31.23,124.6,0,2.01,41.05,2514.95,1,Credit card,0
104746,61,Female,South,46,One year,57.12,16.15,106.9,1,0.1,78.45,3550.4,0,Bank transfer,1
104747,32,Female,West,9,Month-to-month,54.7,24.95,,2,1.25,41.29,359.28,1,Digital wallet,0
104748,67,Male,South,16,Month-to-month,48.86,47.78,100.9,1,2.0,40.98,603.67,0,Mailed check,1
104749,38,Female,North,12,One year,14.44,14.66,165.4,3,1.76,85.82,1068.62,0,Digital wallet,0
104750,20,Female,South,38,Month-to-month,35.81,37.8,126.4,0,3.26,48.26,1898.59,0,Mailed check,0
104751,26,Female,North,31,One year,37.14,41.31,92.2,1,2.47,74.38,2406.74,0,Mailed check,0
104752,63,Male,East,59,Month-to-month,22.4,10.84,149.4,0,3.17,58.83,3217.65,0,Credit card,0
104753,67,Male,North,21,Two year,11.59,10.64,228.2,0,2.92,73.91,1401.3,0,Bank transfer,0
104754,30,Female,East,12,Month-to-month,21.9,22.5,91.2,1,0.27,62.72,761.23,1,Credit card,1
104755,52,Female,South,44,One year,44.49,46.78,65.1,1,3.4,86.08,3562.58,0,Credit card,0
104756,50,Male,West,10,Month-to-month,2.1,0.59,155.6,0,1.69,88.94,884.34,0,Credit card,0
104757,25,Male,South,65,Month-to-month,27.82,31.05,92.0,2,2.82,47.68,3037.42,0,Bank transfer,0
104758,43,Female,West,6,One year,16.27,4.17,182.8,0,3.19,24.77,146.65,0,Credit card,1
104759,57,Female,West,35,One year,43.44,46.99,49.7,1,1.31,61.67,2103.21,0,Credit card,0
104760,73,Male,North,68,One year,31.1,34.97,76.0,1,1.46,50.52,3097.12,0,Credit card,0
104761,66,Male,East,40,One year,8.4,7.33,268.7,1,2.55,47.22,1775.64,0,Digital wallet,0
104762,23,Female,North,58,One year,48.15,15.97,74.0,0,1.78,21.71,1307.43,0,Digital wallet,0
104763,31,Female,West,31,Two year,31.47,30.76,186.1,0,5.08,54.84,1637.84,0,Credit card,0
104764,42,Female,East,54,Month-to-month,27.15,25.57,63.6,1,2.52,66.06,3380.05,1,Digital wallet,0
104765,26,Female,North,51,Two year,73.51,24.3,149.1,0,0.76,50.23,2314.72,0,Credit card,0
104766,50,Female,North,37,Month-to-month,30.42,10.3,56.0,1,5.63,63.77,2254.92,1,Credit card,0
104767,18,Male,South,8,Month-to-month,19.99,19.97,157.8,2,3.03,81.27,606.82,3,Credit card,1
104768,24,Male,West,69,One year,36.41,39.81,85.0,0,2.44,100.46,6780.1,1,Bank transfer,0
104769,20,Male,West,4,Month-to-month,55.63,55.51,75.5,0,4.78,103.39,415.16,1,Digital wallet,1
104770,34,Male,North,26,Month-to-month,3.58,1.17,86.3,1,2.96,48.77,1152.88,0,Credit card,1
104771,61,Female,South,46,Month-to-month,50.21,23.77,101.7,1,2.38,46.27,2142.86,0,Bank transfer,1
104772,28,Female,South,55,Month-to-month,35.39,30.46,112.7,1,0.1,30.44,1512.45,0,Digital wallet,0
104773,74,Male,East,38,One year,56.57,19.64,46.4,1,0.1,85.4,3253.49,0,Bank transfer,1
104774,33,Male,North,29,Month-to-month,56.3,32.98,119.9,0,4.33,69.59,1863.1,2,Digital wallet,1
104775,20,Male,South,29,Month-to-month,33.13,7.49,39.1,0,2.95,100.49,2774.98,0,Bank transfer,1
104776,37,Male,West,70,Month-to-month,32.92,34.61,171.0,0,2.2,69.53,4470.11,0,Credit card,0
104777,60,Male,South,24,Month-to-month,28.24,24.09,125.0,0,2.29,51.07,1205.04,0,Credit card,1
104778,24,Male,East,61,Month-to-month,50.8,44.67,124.8,0,2.96,63.78,3963.55,0,Bank transfer,0
104779,22,Female,South,4,Month-to-month,24.41,26.08,156.8,2,3.45,59.58,234.52,0,Credit card,1
104780,66,Male,South,47,Two year,30.03,33.02,127.4,0,1.33,47.02,2288.35,0,Bank transfer,0
104781,51,Female,East,49,One year,39.1,19.97,233.8,0,2.79,67.13,2976.23,0,Digital wallet,0
104782,37,Male,North,48,Month-to-month,42.21,39.91,56.6,1,3.29,43.13,1974.16,0,Credit card,0
104783,61,Male,North,30,Month-to-month,39.8,23.33,45.1,0,1.75,463.07699016747955,2863.7,2,Bank transfer,0
104784,66,Female,West,50,Month-to-month,40.62,41.46,238.3,1,0.1,21.96,1040.76,0,Digital wallet,0
104785,38,Female,West,32,Month-to-month,52.03,52.77,127.7,0,1.35,95.07,2930.12,1,Bank transfer,1
104786,49,Male,East,43,Month-to-month,32.12,27.84,135.8,0,0.54,52.44,,0,Credit card,0
104787,18,Male,North,64,Two year,66.91,67.81,53.2,2,4.28,15.0,891.93,0,Digital wallet,0
104788,35,Male,North,48,One year,17.72,7.42,131.7,0,1.06,20.02,893.77,1,Digital wallet,0
104789,51,Male,North,53,Month-to-month,49.67,42.38,,0,1.0,63.35,3093.18,0,Bank transfer,1
104790,29,Female,West,69,Month-to-month,20.14,22.08,147.8,1,1.53,54.45,3548.95,0,Credit card,1
104791,74,Male,West,16,One year,31.9,34.28,104.9,1,3.75,75.2,1199.3,2,Bank transfer,0
104792,73,Male,South,42,Two year,63.48,59.36,94.9,1,3.82,54.37,2231.46,0,Mailed check,0
104793,32,Male,West,47,Month-to-month,67.29,62.49,105.6,1,1.29,79.44,3521.16,0,Digital wallet,0
104794,40,Male,North,50,Two year,56.73,51.45,69.7,0,1.82,65.26,3406.5,0,Digital wallet,0
104795,28,Male,East,10,Month-to-month,22.51,25.56,79.4,0,2.24,81.28,808.77,0,Bank transfer,1
104796,46,Male,North,54,One year,20.79,22.95,191.1,0,4.59,86.67,4401.42,0,Credit card,0
104797,25,Female,South,14,Month-to-month,20.24,22.29,133.5,0,0.1,77.68,986.27,0,Credit card,0
104798,40,Male,West,30,One year,58.22,57.63,91.4,1,0.37,57.56,1615.07,0,Bank transfer,0
104799,49,Male,West,51,Month-to-month,20.15,22.04,132.9,3,6.15,100.55,4990.63,0,Credit card,0
104800,52,Female,North,19,Month-to-month,27.45,9.87,121.7,1,4.27,63.31,1119.8,0,Digital wallet,0
104801,51,Female,North,9,One year,26.02,26.73,80.7,1,0.26,46.83,399.77,1,Credit card,0
104802,30,Male,East,48,One year,16.95,15.93,69.8,1,7.2,54.36,2735.17,1,Bank transfer,0
104803,63,Male,North,20,One year,12.5,12.24,79.2,1,3.46,74.65,1553.24,0,Bank transfer,0
104804,57,Female,East,59,Month-to-month,25.08,8.82,175.2,1,2.67,89.93,5180.94,0,Credit card,0
104805,60,Male,East,64,One year,27.56,10.03,91.0,0,4.72,81.66,5360.47,0,Digital wallet,0
104806,44,Female,North,25,Month-to-month,14.34,13.94,188.4,0,1.19,81.74,1925.07,0,Credit card,1
104807,68,Male,North,53,One year,28.6,27.33,75.1,0,1.77,55.77,2990.91,2,Digital wallet,1
104808,40,Male,North,16,Month-to-month,53.13,49.02,64.8,1,2.61,92.16,1525.18,0,Bank transfer,0
104809,63,Female,West,66,Month-to-month,16.12,15.63,94.0,2,3.26,65.17,4408.61,0,Credit card,0
104810,29,Male,South,18,Month-to-month,29.92,30.81,117.2,1,3.01,51.4,920.51,1,Credit card,0
104811,32,Female,East,63,Two year,26.93,6.97,105.7,0,2.81,17.24,1112.39,2,Credit card,1
104812,48,Female,South,56,One year,20.19,18.35,125.8,0,1.91,80.13,4043.29,0,Credit card,0
104813,49,Male,East,23,Month-to-month,45.3,22.22,127.9,0,3.03,50.36,1109.43,0,Bank transfer,1
104814,60,Male,North,59,One year,55.22,49.29,144.2,0,2.9,37.83,2266.14,0,Credit card,0
104815,34,Male,North,45,Month-to-month,12.79,13.52,54.3,1,2.48,33.0,1427.1,1,Mailed check,0
104816,67,Female,East,48,Month-to-month,30.03,30.27,71.2,2,2.1,87.37,3891.94,0,Credit card,1
104817,36,Male,East,27,Month-to-month,19.01,18.17,109.4,1,1.72,69.27,1900.44,0,Mailed check,0
104818,48,Female,North,17,One year,24.16,12.36,80.9,1,0.3,77.82,1311.78,1,Mailed check,1
104819,71,Female,South,50,Two year,33.24,37.31,94.6,0,4.64,59.55,2913.83,0,Bank transfer,0
104820,48,Female,West,4,Two year,4.48,4.43,101.4,2,3.62,65.99,250.98,1,Bank transfer,1
104821,56,Male,North,25,Month-to-month,35.82,34.01,88.4,2,4.01,63.92,1461.56,0,Bank transfer,1
104822,69,Male,North,11,Month-to-month,4.05,3.71,80.1,1,0.76,35.94,407.02,2,Credit card,1
104823,73,Female,South,1,Two year,69.68,65.98,61.5,1,1.75,85.38,79.41,0,Mailed check,1
104824,46,Female,North,1,Month-to-month,56.94,53.08,90.1,1,2.39,43.53,43.32,1,Digital wallet,1
104825,41,Male,East,7,One year,5.42,6.02,78.0,0,3.04,51.45,340.0,0,Credit card,0
104826,29,Female,East,67,Two year,30.43,34.01,152.4,1,1.35,74.23,4647.6,0,Credit card,0
104827,48,Male,South,55,Month-to-month,10.73,4.24,135.9,0,5.1,90.88,4833.58,1,Bank transfer,0
104828,70,Female,East,71,Month-to-month,46.33,45.12,53.7,1,3.82,49.52,3550.53,0,Credit card,0
104829,45,Female,South,6,Two year,19.46,18.06,218.2,1,2.77,84.04,,0,Bank transfer,1
104830,37,Male,West,71,One year,48.58,43.2,79.6,3,2.95,73.21,4750.41,0,Credit card,0
104831,24,Male,North,43,Two year,43.96,46.81,44.3,0,2.17,59.47,2487.55,0,Credit card,0
104832,40,Male,South,57,One year,20.3,22.61,74.0,0,1.48,62.88,3520.41,0,Credit card,0
104833,31,Male,East,61,Month-to-month,23.73,23.1,40.0,0,0.1,62.61,3813.47,0,Bank transfer,0
104834,73,Male,South,19,Two year,19.63,21.84,43.6,2,3.81,70.71,1300.01,0,Bank transfer,0
104835,48,Female,North,53,One year,12.02,11.11,350.6,0,2.59,93.79,4762.56,1,Bank transfer,1
104836,25,Male,South,46,Two year,25.73,17.44,148.7,0,4.28,72.3,3069.37,0,Bank transfer,0
104837,21,Male,East,30,Month-to-month,40.92,42.25,50.7,0,3.37,58.19,1649.75,1,Digital wallet,0
104838,66,Male,North,35,Month-to-month,27.95,18.33,34.0,0,2.46,53.72,1762.24,0,Credit card,0
104839,71,Male,East,15,Month-to-month,32.4,11.3,94.2,1,2.64,68.53,945.58,0,Credit card,1
104840,61,Female,West,14,Month-to-month,37.63,32.9,30.7,1,1.4,53.13,775.97,0,Digital wallet,1
104841,25,Male,East,66,Two year,31.12,17.62,91.8,0,0.71,20.55,1257.99,0,Credit card,0
104842,23,Female,North,52,Two year,25.4,25.89,122.0,1,1.02,93.65,4800.71,0,Digital wallet,0
104843,29,Male,West,41,Month-to-month,25.72,26.79,127.1,2,1.06,61.82,2434.34,0,Credit card,0
104844,60,Female,North,50,Two year,30.83,32.16,50.3,3,2.21,60.51,2971.64,0,Credit card,0
104845,61,Female,West,29,Month-to-month,14.1,15.28,112.5,0,,98.74,2828.33,0,Digital wallet,0
104846,65,Male,East,18,Two year,18.27,16.04,171.6,0,3.53,52.18,918.6,1,Credit card,0
104847,23,Male,North,67,One year,63.35,59.14,81.2,1,0.22,75.65,4812.45,0,Credit card,0
104848,26,Female,West,71,One year,16.69,17.65,48.8,2,3.79,64.89,4381.91,1,Credit card,0
104849,69,Female,South,16,One year,61.33,15.83,78.9,0,2.71,73.62,1090.25,0,Credit card,0
104850,70,Male,South,57,One year,34.34,19.88,54.2,0,3.55,50.07,2745.48,0,Bank transfer,0
104851,59,Female,South,32,Two year,12.73,13.08,407.0,2,3.27,87.59,2674.8,0,Bank transfer,1
104852,24,Female,East,51,Month-to-month,43.41,49.26,155.9,1,0.1,109.4,5852.05,1,Digital wallet,0
104853,21,Female,East,8,Two year,12.43,7.06,138.1,0,2.8,41.57,303.96,0,Digital wallet,1
104854,21,Male,West,35,Month-to-month,42.6,46.23,34.2,0,4.71,83.98,2900.09,1,Digital wallet,1
104855,57,Female,North,9,Month-to-month,42.56,42.19,41.2,1,0.72,68.01,,0,Digital wallet,1
104856,66,Female,East,58,One year,31.83,32.15,84.2,0,1.11,74.2,4472.16,0,Digital wallet,0
104857,54,Female,East,29,One year,29.94,31.37,76.4,1,,76.6,,0,Credit card,0
104858,32,Male,East,19,Two year,32.89,12.44,67.2,0,1.82,33.67,613.85,0,Digital wallet,1
104859,61,Female,South,50,Month-to-month,21.66,18.48,183.9,0,0.29,45.22,2281.5,0,Credit card,0
104860,21,Male,South,68,Month-to-month,61.04,58.55,308.0,1,1.21,58.91,4167.97,0,Digital wallet,1
104861,65,Male,West,25,Month-to-month,51.0,45.22,67.3,1,2.87,95.58,2344.9,0,Digital wallet,0
104862,68,Male,South,51,Two year,44.06,17.34,23.9,3,3.72,57.41,2785.81,1,Digital wallet,1
104863,58,Male,North,49,Two year,29.56,27.25,69.4,0,0.1,76.7,3389.92,0,Digital wallet,0
104864,68,Female,South,35,Two year,27.22,13.42,179.0,0,1.81,66.4,2268.06,0,Mailed check,0
104865,51,Female,North,58,Month-to-month,29.92,10.18,155.9,1,2.15,66.7,3535.74,0,Digital wallet,0
104866,44,Male,North,10,Two year,20.17,22.16,100.9,0,2.31,68.8,652.08,0,Bank transfer,0
104867,36,Male,North,63,Month-to-month,22.61,22.94,137.3,2,3.7,44.64,2793.74,0,Mailed check,1
104868,70,Male,East,29,Two year,33.66,37.3,80.6,2,3.7,61.15,1669.9,0,Bank transfer,0
104869,57,Female,West,4,One year,56.06,62.6,65.6,0,3.83,54.77,204.53,1,Digital wallet,0
104870,28,Male,South,71,Month-to-month,38.18,41.68,57.7,0,2.86,63.57,4460.73,0,Digital wallet,0
104871,72,Male,North,55,One year,7.77,8.38,97.9,1,2.12,48.04,2406.99,0,Mailed check,0
104872,21,Female,West,58,One year,27.57,13.41,70.5,0,1.74,110.41,6655.23,0,Credit card,0
104873,51,Female,North,11,Month-to-month,7.75,6.98,51.4,0,3.41,22.34,257.41,0,Credit card,0
104874,28,Male,West,54,Month-to-month,41.6,26.78,108.8,1,1.24,23.14,1310.01,0,Credit card,0
104875,55,Male,East,50,One year,48.41,45.06,75.6,0,1.25,75.67,3408.95,2,Digital wallet,1
104876,41,Male,North,65,Two year,49.96,53.02,182.6,1,3.25,85.6,5009.55,0,Bank transfer,0
104877,42,Female,South,27,One year,92.9,87.36,121.0,0,3.62,105.17,2599.58,0,Credit card,0
104878,56,Female,South,66,Month-to-month,22.51,21.67,257.8,1,2.5,58.46,4003.38,2,Credit card,0
104879,61,Male,West,51,One year,61.58,69.65,128.4,2,3.45,65.1,3421.06,0,Digital wallet,0
104880,39,Male,North,19,Month-to-month,53.81,22.73,93.2,0,2.1,77.53,1329.69,0,Bank transfer,0
104881,74,Male,West,16,Month-to-month,30.21,32.07,166.4,0,2.28,100.02,1457.48,0,Bank transfer,0
104882,46,Male,West,65,Month-to-month,8.35,7.36,240.8,1,,32.24,1981.43,1,Credit card,0
104883,27,Female,West,46,Month-to-month,56.57,60.32,30.2,0,1.32,69.84,3025.97,0,Bank transfer,0
104884,18,Male,West,9,Month-to-month,60.45,65.78,167.5,2,3.58,81.01,656.35,0,Digital wallet,1
104885,29,Female,North,9,Month-to-month,1.43,0.43,97.8,0,2.14,56.65,465.09,0,Digital wallet,0
104886,57,Male,South,59,Month-to-month,42.94,20.57,129.6,1,2.23,75.84,4482.27,0,Mailed check,0
104887,48,Female,West,13,One year,35.6,40.02,251.8,2,,49.69,638.65,1,Digital wallet,0
104888,37,Male,South,16,Month-to-month,27.56,29.1,102.6,1,3.75,95.53,1456.76,0,Credit card,0
104889,45,Female,North,44,Month-to-month,13.34,11.73,49.1,2,0.1,20.91,861.84,0,Bank transfer,0
104890,65,Male,North,62,Month-to-month,52.65,56.84,37.5,0,0.6,58.5,3522.45,0,Bank transfer,0
104891,50,Male,North,24,One year,16.12,16.87,247.4,0,4.04,79.22,1893.26,0,Credit card,0
104892,21,Male,West,48,Two year,81.21,80.14,120.5,0,3.23,57.79,2623.3,1,Digital wallet,0
104893,20,Female,South,50,Month-to-month,26.47,28.54,102.8,1,1.84,86.36,3972.32,0,Bank transfer,0
104894,45,Male,East,43,One year,23.7,23.88,231.3,1,2.6,66.75,2978.15,1,Bank transfer,0
104895,41,Male,West,49,Two year,21.79,24.61,63.1,1,3.4,72.53,3260.29,0,Mailed check,0
104896,66,Female,North,17,One year,26.82,30.29,63.3,1,4.83,79.12,1379.72,0,Digital wallet,0
104897,51,Female,West,45,Month-to-month,28.23,25.91,275.3,1,1.87,63.69,2821.36,1,Credit card,1
104898,61,Female,North,1,Month-to-month,49.42,48.54,57.0,3,4.48,23.62,22.92,0,Credit card,1
104899,51,Male,North,52,Month-to-month,34.21,31.12,,0,3.35,108.81,5309.3,1,Digital wallet,0
104900,37,Male,North,57,Month-to-month,61.38,58.26,272.8,0,1.11,99.18,5681.5,0,Credit card,0
104901,55,Male,South,57,Month-to-month,55.01,50.44,163.7,1,1.59,83.09,4611.23,0,Credit card,0
104902,53,Male,South,3,Two year,48.82,25.7,97.6,2,4.31,55.94,153.63,0,Bank transfer,1
104903,59,Female,South,65,Month-to-month,41.99,19.44,349.4,0,4.62,76.18,5066.47,2,Bank transfer,0
104904,28,Female,North,31,Month-to-month,21.26,21.34,73.9,0,2.43,21.84,678.91,0,Bank transfer,0
104905,54,Female,North,6,Two year,49.02,10.38,144.1,0,,25.93,157.99,1,Digital wallet,1
104906,34,Female,East,38,One year,51.43,27.5,134.5,1,3.03,125.25,4446.37,0,Bank transfer,1
104907,63,Male,North,41,Month-to-month,55.48,47.17,234.6,2,2.4,34.01,1322.22,3,Digital wallet,1
104908,63,Female,West,29,Two year,5.57,6.06,62.3,0,2.78,57.42,1580.71,1,Bank transfer,0
104909,53,Female,West,54,Month-to-month,51.84,46.54,272.8,2,0.41,68.61,3423.83,1,Bank transfer,0
104910,71,Female,,39,Month-to-month,11.09,2.42,328.2,0,2.09,73.62,2963.99,0,Digital wallet,1
104911,48,Female,East,16,Month-to-month,46.86,43.68,210.8,0,1.71,64.98,992.78,0,Credit card,0
104912,19,Male,East,45,Month-to-month,42.54,38.39,67.3,0,4.0,55.76,2374.04,0,Mailed check,0
104913,52,Male,East,19,Two year,19.2,18.36,117.8,1,2.87,62.46,1152.65,1,Credit card,0
104914,62,Male,West,9,Month-to-month,32.28,28.19,134.1,0,2.14,93.42,877.3,0,Credit card,0
104915,23,Female,West,19,Two year,24.65,10.07,131.3,0,4.17,80.96,1468.78,0,Credit card,0
104916,23,Male,South,65,Month-to-month,44.0,48.74,36.3,1,0.23,82.05,5543.9,0,Digital wallet,0
104917,33,Male,East,41,Two year,31.7,12.91,155.3,0,1.07,16.53,704.76,1,Credit card,0
104918,66,Male,West,23,Month-to-month,39.48,24.61,123.4,0,4.4,78.15,1704.13,0,Credit card,0
104919,48,Male,North,26,Two year,31.35,30.55,94.6,3,,68.18,1753.28,0,Credit card,0
104920,73,Female,South,62,Month-to-month,83.67,94.32,100.0,1,0.12,49.11,3033.72,0,Credit card,1
104921,67,Female,East,48,Two year,34.25,29.6,356.9,2,2.83,111.04,5025.46,0,Credit card,0
104922,49,Female,East,55,Two year,34.28,30.92,212.7,0,0.6,28.29,1632.01,0,Bank transfer,0
104923,56,Male,South,44,One year,25.98,28.6,32.5,1,1.86,64.14,2792.57,0,Credit card,1
104924,36,Male,North,71,Month-to-month,44.27,27.95,95.2,1,3.19,94.55,6761.46,1,Digital wallet,1
104925,23,Male,North,47,One year,112.4,111.18,190.8,0,2.45,68.9,3249.99,1,Credit card,0
104926,40,Female,East,29,One year,54.67,47.44,215.6,0,2.4,15.95,431.8,1,Credit card,0
104927,51,Female,West,18,One year,32.33,27.93,129.3,0,1.27,101.02,1798.45,1,Credit card,0
104928,28,Male,West,4,One year,8.74,9.78,51.4,0,4.23,22.45,92.46,0,Bank transfer,1
104929,30,Male,South,55,Two year,19.6,18.2,47.9,0,3.24,35.08,1957.08,0,Digital wallet,0
104930,18,Male,North,67,Two year,21.44,20.87,153.4,0,1.29,89.17,5787.19,2,Credit card,1
104931,59,Female,West,48,Month-to-month,7.59,8.5,83.0,2,2.68,40.91,1927.24,2,Credit card,1
104932,69,Male,East,35,Month-to-month,29.31,30.78,57.4,0,2.04,58.6,2043.21,0,Credit card,0
104933,65,Female,South,10,Month-to-month,40.01,43.26,16.7,0,1.68,40.64,388.4,0,Digital wallet,0
104934,39,Male,South,46,One year,27.74,27.5,39.4,0,2.72,66.8,2918.97,0,Bank transfer,0
104935,51,Male,North,15,Two year,46.64,27.4,121.4,0,5.01,94.92,1377.47,1,Digital wallet,1
104936,72,Female,West,45,Month-to-month,16.54,17.51,90.7,0,1.2,25.54,1206.53,2,Digital wallet,0
104937,51,Female,East,22,Month-to-month,16.64,17.06,228.4,1,3.34,71.07,1571.32,0,Bank transfer,0
104938,34,Female,South,62,Month-to-month,23.82,14.52,44.8,2,3.78,21.96,1252.6,0,Bank transfer,0
104939,37,Male,West,67,Month-to-month,28.97,26.1,67.3,0,3.23,117.5,7232.48,0,Mailed check,0
104940,59,Male,East,17,Two year,12.3,12.56,75.5,2,3.87,41.96,656.59,1,Credit card,0
104941,43,Female,,24,One year,18.32,20.66,114.3,0,2.4,79.06,1958.6,0,Credit card,0
104942,65,Female,South,66,Month-to-month,11.5,10.96,75.8,1,3.24,72.32,4399.74,0,Bank transfer,0
104943,67,Male,South,2,Month-to-month,13.25,13.22,62.0,0,2.68,68.38,132.34,2,Credit card,0
104944,20,Female,West,37,Month-to-month,28.98,28.25,131.1,0,,54.02,1991.77,0,Digital wallet,0
104945,59,Female,West,11,One year,23.59,24.93,110.7,0,0.94,30.77,345.79,1,Credit card,0
104946,39,Female,West,31,One year,76.71,23.73,166.8,1,4.08,101.84,2994.17,2,Digital wallet,1
104947,47,Male,West,3,Month-to-month,21.4,11.95,89.5,1,1.81,41.41,116.12,0,Digital wallet,0
104948,33,Female,South,10,Month-to-month,23.94,13.75,203.5,0,2.01,62.05,568.07,0,Digital wallet,0
104949,38,Female,North,29,Two year,28.81,29.91,58.0,0,3.65,56.34,1490.11,0,Bank transfer,0
104950,36,Male,South,5,Two year,43.57,43.27,153.0,0,2.32,89.58,413.29,0,Mailed check,0
104951,20,Male,,57,One year,57.54,33.89,,1,,121.86,6965.31,0,Digital wallet,0
104952,62,Female,South,42,Month-to-month,34.67,29.96,19.1,0,2.34,47.96,1833.87,1,Credit card,0
104953,26,Male,West,32,Two year,38.44,22.97,155.0,0,0.96,68.48,2185.63,2,Credit card,0
104954,39,Male,West,34,One year,20.15,5.67,97.3,0,4.03,91.88,3213.9,0,Digital wallet,0
104955,29,Male,West,60,Two year,32.17,29.9,115.8,0,1.26,98.28,5765.29,0,Credit card,0
104956,27,Female,West,61,Month-to-month,54.75,51.71,225.4,0,4.39,61.12,3881.82,1,Bank transfer,1
104957,39,Female,East,4,Month-to-month,33.89,36.25,103.0,2,3.36,62.07,240.76,0,Digital wallet,1
104958,70,Female,South,49,Month-to-month,39.15,37.93,55.4,0,,97.08,4616.73,0,Credit card,0
104959,71,Female,West,34,Two year,44.02,42.42,148.1,0,3.39,18.86,592.37,0,Credit card,0
104960,39,Female,North,56,One year,32.39,31.87,92.8,0,1.8,87.79,4892.16,1,Digital wallet,0
104961,46,Male,North,56,Month-to-month,38.21,37.43,104.4,0,1.35,45.02,2556.67,0,Digital wallet,1
104962,74,Male,West,51,Two year,32.51,34.64,98.2,1,2.82,68.72,3260.13,0,Credit card,1
104963,31,Male,East,48,Two year,16.14,16.96,163.1,0,3.67,66.56,3169.31,0,Credit card,0
104964,71,Male,South,16,Month-to-month,32.94,35.54,130.4,0,2.92,49.82,767.05,0,Mailed check,0
104965,24,Male,North,61,One year,32.23,10.59,105.2,2,1.4,72.77,4649.0,0,Credit card,0
104966,30,Female,South,50,One year,73.27,66.84,125.3,0,0.48,56.05,2553.6,0,Bank transfer,0
104967,37,Male,West,20,Month-to-month,25.43,27.27,57.1,3,2.24,90.3,1731.6,0,Bank transfer,1
104968,20,Male,East,17,One year,32.51,30.53,155.5,0,0.86,45.84,749.62,1,Bank transfer,1
104969,64,Female,South,36,Month-to-month,21.22,18.03,132.5,1,2.35,38.84,1356.51,0,Bank transfer,1
104970,66,Male,East,25,Two year,64.44,67.14,242.3,1,2.45,67.77,1601.7,0,Credit card,0
104971,39,Female,West,49,Two year,51.98,44.36,72.3,0,3.57,63.18,2917.62,1,Digital wallet,0
104972,65,Female,West,29,Two year,32.86,28.9,73.5,0,3.47,102.77,2839.93,0,Bank transfer,0
104973,62,Female,South,12,One year,2.97,2.56,119.4,1,3.97,64.36,713.77,0,Bank transfer,0
104974,63,Female,East,29,Month-to-month,49.49,51.07,102.7,0,2.47,64.97,1732.46,0,Mailed check,0
104975,63,Male,North,58,Month-to-month,12.88,11.75,55.5,3,1.9,34.77,2084.94,1,Bank transfer,1
104976,50,Female,South,59,One year,8.41,9.19,48.4,1,3.16,69.81,4018.98,0,Bank transfer,0
104977,24,Male,North,23,Month-to-month,46.92,44.89,197.7,2,3.14,36.45,852.8,0,Digital wallet,0
104978,70,Female,South,57,One year,39.24,37.3,67.4,0,3.07,60.31,3270.57,1,Mailed check,0
104979,52,Female,East,7,Month-to-month,36.73,36.89,89.7,1,5.36,42.07,306.09,0,Credit card,0
104980,69,Female,South,70,Month-to-month,21.62,12.79,45.8,0,3.5,77.84,5567.64,0,Credit card,0
104981,72,Male,North,55,Month-to-month,9.91,10.73,329.7,1,4.28,62.28,3576.99,2,Digital wallet,0
104982,28,Female,North,3,One year,6.82,1.87,70.2,0,0.87,93.75,285.62,0,Bank transfer,0
104983,40,Female,North,51,Month-to-month,34.03,36.04,96.4,0,1.04,39.9,2050.1,0,Credit card,0
104984,28,Female,East,36,One year,9.85,2.58,35.8,0,1.34,65.94,2347.56,0,Bank transfer,1
104985,20,Male,North,63,Month-to-month,36.7,33.47,115.5,2,2.52,68.09,4372.98,2,Bank transfer,1
104986,73,Female,North,18,One year,12.68,13.68,280.3,1,2.29,61.16,1042.81,0,Credit card,1
104987,70,Male,West,64,One year,28.38,28.44,49.4,0,2.9,91.91,5354.05,1,Credit card,0
104988,71,Male,North,62,One year,9.9,6.81,118.6,0,4.98,62.98,3724.73,0,Bank transfer,0
104989,68,Female,West,20,Month-to-month,47.77,54.76,80.2,1,2.37,38.62,784.75,0,Digital wallet,1
104990,54,Male,East,31,Month-to-month,41.2,41.4,105.9,0,3.23,74.73,2121.86,2,Digital wallet,0
104991,47,Male,East,46,Month-to-month,34.21,32.02,84.5,3,2.61,109.44,5204.17,0,Credit card,0
104992,74,Female,East,18,One year,16.34,11.17,43.9,0,4.12,47.63,840.65,0,Credit card,1
104993,49,Female,North,71,Month-to-month,5.5,5.93,124.9,2,3.46,62.92,4556.41,0,Digital wallet,0
104994,54,Male,West,14,Two year,37.8,13.92,,0,2.42,69.77,953.65,0,Bank transfer,1
104995,30,Male,,18,Two year,15.22,13.07,82.2,0,3.94,88.17,1628.69,0,Digital wallet,0
104996,60,Male,South,36,Month-to-month,30.53,32.59,196.6,1,3.42,83.43,3151.34,0,Mailed check,0
104997,64,Male,West,34,Two year,26.71,27.06,198.2,1,3.8,67.78,2353.51,0,Credit card,0
104998,56,Female,South,4,One year,19.73,17.81,169.8,1,2.57,54.23,223.77,0,Credit card,0
104999,46,Male,West,65,Month-to-month,58.74,12.0,53.8,1,3.5,52.97,3523.72,2,Bank transfer,0
105000,29,Female,West,18,One year,24.15,9.64,,2,2.16,76.73,1336.29,0,Bank transfer,1
105001,19,Male,North,8,Two year,15.44,13.24,137.5,0,0.97,46.93,357.83,0,Credit card,0
105002,53,Female,West,37,Month-to-month,41.18,35.58,60.5,0,1.81,30.25,1102.21,1,Credit card,1
105003,56,Female,West,66,Month-to-month,39.06,8.32,77.4,2,3.42,59.11,3631.24,0,Bank transfer,1
105004,62,Female,East,1,One year,22.21,19.42,106.6,2,3.3,51.87,50.11,1,Credit card,1
105005,72,Male,North,35,Month-to-month,15.38,15.32,75.3,0,1.47,55.29,1780.09,1,Credit card,0
105006,46,Male,West,65,One year,37.51,39.84,97.1,1,4.56,78.19,4802.92,0,Digital wallet,0
105007,65,Female,East,64,One year,15.95,14.19,247.9,2,1.01,67.2,4325.29,0,Bank transfer,0
105008,58,Male,South,13,One year,30.7,8.34,,2,2.75,59.04,699.38,0,Digital wallet,0
105009,33,Female,West,45,Month-to-month,61.11,54.86,62.4,0,1.88,35.2,1644.39,0,Credit card,0
105010,66,Female,East,60,Month-to-month,37.21,40.71,189.4,2,2.79,54.82,2984.7,0,Credit card,1
105011,21,Male,West,48,Two year,57.19,17.85,110.0,0,0.62,24.43,1099.98,1,Digital wallet,0
105012,52,Male,East,47,Month-to-month,32.15,19.92,117.8,2,0.1,45.52,2232.99,0,Bank transfer,1
105013,71,Male,North,55,Month-to-month,29.31,26.92,90.3,0,1.59,44.78,2538.42,0,Mailed check,0
105014,55,Male,West,33,Month-to-month,34.32,37.69,91.1,1,3.52,65.18,1967.04,0,Digital wallet,0
105015,71,Male,East,5,Month-to-month,39.56,34.76,99.7,0,2.78,66.35,341.97,1,Credit card,1
105016,21,Female,South,46,Month-to-month,31.17,34.32,118.2,0,0.47,58.63,2770.05,0,Digital wallet,0
105017,48,Female,South,45,Month-to-month,21.68,23.19,168.7,0,3.95,36.43,1593.67,0,Credit card,0
105018,62,Male,North,61,One year,30.72,27.47,57.0,0,2.83,21.86,1373.97,1,Credit card,0
105019,54,Female,East,66,One year,49.59,47.18,66.1,0,3.63,98.66,6333.97,0,Credit card,0
105020,68,Male,South,24,Two year,15.96,15.16,191.5,1,,43.8,969.17,0,Mailed check,1
105021,44,Male,West,68,Two year,6.47,5.76,113.2,0,0.1,57.74,,0,Bank transfer,0
105022,56,Female,West,1,Month-to-month,31.52,30.35,84.5,0,4.73,52.91,50.26,0,Bank transfer,1
105023,41,Female,West,69,Month-to-month,46.14,48.6,127.5,0,2.24,86.52,5677.74,0,Bank transfer,0
105024,67,Male,North,10,Two year,43.64,46.65,76.5,1,3.98,72.28,730.73,0,Credit card,0
105025,24,Male,East,46,Month-to-month,12.65,4.9,185.3,0,1.92,47.07,2018.48,0,Bank transfer,1
105026,32,Female,North,49,Month-to-month,15.34,13.97,69.2,0,2.64,77.88,3862.43,0,Bank transfer,0
105027,23,Male,West,45,Month-to-month,50.23,53.57,,0,0.1,31.17,1378.61,1,Bank transfer,0
105028,58,Male,South,71,One year,48.15,9.83,82.9,1,1.26,62.47,4387.97,0,Bank transfer,0
105029,31,Male,West,40,Month-to-month,30.76,15.95,137.7,1,4.72,15.0,603.98,0,Bank transfer,0
105030,36,Male,South,10,Month-to-month,37.88,8.91,197.4,4,3.81,72.83,741.65,0,Digital wallet,1
105031,65,Female,North,44,Month-to-month,12.0,11.16,146.4,0,4.28,54.38,2291.44,0,Bank transfer,0
105032,38,Female,West,21,One year,16.49,14.22,169.1,0,3.23,59.33,1248.96,0,Digital wallet,0
105033,26,Male,South,44,Month-to-month,13.83,8.95,37.2,0,2.88,95.2,3798.12,0,Bank transfer,0
105034,19,Male,West,28,One year,16.03,14.57,35.9,2,3.93,46.25,1315.19,3,Digital wallet,1
105035,30,Male,West,4,Month-to-month,34.59,11.16,43.8,0,3.87,47.33,192.04,0,Credit card,1
105036,70,Male,South,46,Month-to-month,30.08,28.66,101.5,0,,27.78,1336.33,0,Digital wallet,0
105037,49,Male,South,7,Month-to-month,37.06,31.9,79.3,1,2.64,66.18,429.44,0,Credit card,0
105038,74,Female,East,24,Month-to-month,31.36,27.55,45.7,2,3.94,63.28,1396.86,1,Mailed check,0
105039,30,Female,West,44,Month-to-month,16.08,15.38,10.3,1,0.95,83.2,3800.91,1,Digital wallet,1
105040,38,Female,West,63,Two year,44.73,14.26,143.2,0,2.05,64.1,3836.52,0,Credit card,0
105041,27,Male,South,23,Month-to-month,55.59,22.16,216.6,1,0.41,73.36,1672.04,1,Digital wallet,0
105042,40,Male,East,22,Two year,12.1,13.64,172.2,1,1.07,78.02,1790.49,1,Credit card,0
105043,50,Male,North,22,Month-to-month,32.54,33.87,,0,2.82,74.04,1631.08,0,Bank transfer,0
105044,64,Male,East,41,Month-to-month,43.96,49.68,120.2,2,3.66,61.72,2378.04,2,Mailed check,1
105045,38,Male,West,14,One year,47.85,41.21,69.5,0,5.24,78.43,1008.86,0,Credit card,0
105046,61,Male,West,38,Two year,33.92,37.67,104.8,0,2.33,81.13,2933.38,1,Credit card,0
105047,53,Female,South,57,Month-to-month,18.32,4.65,100.3,2,1.89,90.07,5134.07,0,Credit card,1
105048,34,Male,South,6,Month-to-month,9.18,1.94,133.1,0,2.39,121.99,763.04,0,Bank transfer,1
105049,69,Male,North,69,One year,20.13,17.93,66.6,0,2.86,40.03,2512.28,0,Digital wallet,0
105050,42,Female,North,38,Month-to-month,26.92,24.8,325.4,0,5.2,77.94,2858.07,2,Credit card,1
105051,26,Female,,45,One year,49.9,43.92,48.6,1,2.51,64.6,2966.7,0,Credit card,0
105052,72,Female,West,44,Two year,23.61,22.98,119.3,2,0.86,70.02,3176.68,0,Bank transfer,0
105053,70,Male,South,68,Month-to-month,17.82,11.71,155.4,0,3.08,83.93,5869.72,0,Credit card,0
105054,20,Male,South,48,Two year,12.54,11.42,51.1,0,2.63,70.55,3442.68,0,Digital wallet,0
105055,69,Male,East,63,Month-to-month,33.71,21.3,33.2,0,2.44,38.36,2241.92,0,Credit card,0
105056,72,Male,North,21,Two year,28.13,30.15,156.7,2,2.1,51.96,1039.48,0,Digital wallet,0
105057,65,Female,North,16,Two year,32.77,21.57,328.8,0,5.61,79.32,1254.16,0,Credit card,1
105058,32,Female,West,46,One year,60.63,65.26,26.7,0,1.74,45.61,1930.6,0,Bank transfer,0
105059,53,Female,North,11,Two year,7.04,6.59,327.3,0,0.2,37.45,394.96,0,Digital wallet,0
105060,48,Female,South,8,Two year,46.69,50.89,160.5,0,1.6,57.41,427.91,0,Bank transfer,0
105061,53,Male,East,16,Month-to-month,0.0,0.0,103.2,0,1.76,28.86,436.12,1,Credit card,0
105062,53,Male,North,20,Month-to-month,48.88,10.09,172.7,0,0.6,45.94,936.37,0,Credit card,0
105063,54,Female,North,7,Month-to-month,34.39,23.61,201.8,0,2.22,113.47,796.47,0,Bank transfer,1
105064,47,Female,North,52,Month-to-month,32.65,29.36,93.7,0,4.92,51.33,2404.45,1,Bank transfer,0
105065,57,Female,South,42,One year,26.9,23.19,382.2,0,0.59,309.52224995041615,3258.03,2,Mailed check,0
105066,48,Female,West,15,Month-to-month,53.16,29.47,321.7,1,0.42,44.37,651.47,0,Mailed check,0
105067,18,Male,South,21,One year,21.61,19.44,72.5,0,3.62,80.73,1692.27,0,Bank transfer,1
105068,20,Male,South,67,Month-to-month,41.45,38.29,126.9,1,2.2,58.44,3888.1,0,Credit card,0
105069,72,Female,South,65,Month-to-month,49.88,20.33,49.9,1,1.93,84.75,5016.84,0,Bank transfer,1
105070,69,Male,West,9,Month-to-month,28.5,24.65,41.0,0,4.12,56.93,529.43,0,Credit card,0
105071,51,Female,North,44,Two year,24.45,21.59,87.1,0,1.67,53.3,2351.31,1,Credit card,1
105072,27,Male,West,23,Month-to-month,5.46,5.14,123.9,0,,61.2,1321.19,1,Digital wallet,1
105073,62,Male,South,26,Month-to-month,89.13,98.55,60.0,0,3.7,65.11,1545.31,0,Credit card,1
105074,26,Male,West,43,Month-to-month,26.72,29.57,169.6,0,2.41,70.71,3189.49,0,Digital wallet,0
105075,39,Female,South,70,Two year,6.38,7.32,130.3,1,2.33,47.63,3468.69,1,Credit card,0
105076,36,Male,North,42,Month-to-month,14.3,8.1,109.3,0,0.1,42.54,1801.73,0,Credit card,0
105077,18,Male,South,68,One year,23.68,11.45,65.3,0,1.0,29.66,1976.96,0,Bank transfer,0
105078,63,Female,North,59,Month-to-month,45.44,39.96,69.7,1,2.2,50.31,2935.1,0,Credit card,0
105079,47,Male,West,56,Month-to-month,16.76,8.98,90.0,0,0.9,22.7,1238.03,1,Digital wallet,0
105080,36,Male,East,57,One year,16.58,14.1,73.2,1,3.93,33.0,1935.86,1,Mailed check,0
105081,46,Female,East,57,One year,37.55,38.29,,1,2.4,58.93,3396.04,1,Bank transfer,0
105082,18,Female,North,19,One year,24.69,15.11,65.8,0,2.14,79.6,1376.92,0,Credit card,0
105083,42,Female,East,70,Month-to-month,28.96,29.85,,1,3.96,56.54,3756.42,0,Digital wallet,0
105084,47,Male,South,66,Two year,13.17,12.13,46.7,1,1.63,114.8,7642.98,1,Credit card,0
105085,37,Female,West,43,One year,16.94,11.32,183.2,0,3.08,72.59,3270.87,0,Bank transfer,0
105086,65,Male,East,51,Two year,22.42,13.41,76.0,0,2.5,70.09,3623.83,1,Credit card,1
105087,32,Female,East,63,Month-to-month,28.82,18.68,141.3,0,3.76,36.7,2253.02,0,Mailed check,0
105088,25,Male,West,11,Month-to-month,38.2,41.61,107.3,0,3.16,79.54,888.36,0,Credit card,1
105089,48,Female,East,5,Month-to-month,34.18,38.85,42.0,0,3.44,79.41,400.5,1,Credit card,1
105090,68,Female,East,71,One year,53.82,51.1,176.6,0,1.74,41.31,2952.95,0,Credit card,0
105091,39,Male,North,40,One year,25.29,12.23,262.0,2,1.66,65.99,2750.5,1,Bank transfer,1
105092,20,Male,East,52,Month-to-month,14.46,5.34,95.6,0,2.37,103.25,5329.07,1,Credit card,0
105093,73,Female,South,36,Month-to-month,40.03,45.39,29.7,0,3.43,71.53,2517.43,1,Bank transfer,0
105094,43,Female,North,37,Month-to-month,37.75,20.19,132.6,0,3.07,86.25,3227.79,0,Mailed check,0
105095,27,Female,West,3,Month-to-month,40.27,35.49,111.1,0,3.67,56.55,175.24,0,Bank transfer,0
105096,53,Female,North,21,Two year,34.58,34.32,61.2,1,1.24,21.12,440.76,0,Bank transfer,0
105097,36,Female,East,7,Month-to-month,22.81,20.74,111.8,2,0.51,77.03,486.85,0,Bank transfer,1
105098,71,Male,North,31,Month-to-month,26.85,12.84,220.1,0,1.78,61.06,1724.16,1,Digital wallet,1
105099,34,Male,South,2,Month-to-month,21.34,21.88,196.4,0,1.53,71.03,145.58,1,Bank transfer,1
105100,49,Female,West,57,Month-to-month,49.63,43.24,86.5,1,1.09,66.19,3681.34,0,Bank transfer,0
105101,48,Male,North,21,Two year,87.51,87.63,85.4,0,,45.36,998.54,0,Credit card,0
105102,31,Female,East,53,Month-to-month,42.65,9.73,58.1,0,0.59,66.59,3291.43,0,Bank transfer,0
105103,46,Male,East,4,Two year,23.91,21.57,87.6,1,1.67,49.13,197.72,0,Bank transfer,0
105104,24,Male,West,3,One year,16.07,15.67,120.8,0,1.05,39.26,113.39,1,Bank transfer,0
105105,54,Male,North,31,One year,40.05,19.54,117.9,0,0.75,84.56,2367.0,0,Bank transfer,1
105106,61,Female,West,56,Month-to-month,9.17,9.69,128.0,0,0.66,43.87,2346.12,0,Digital wallet,0
105107,72,Male,South,58,One year,41.85,39.76,127.3,2,1.03,61.3,3303.25,0,Mailed check,0
105108,36,Male,South,39,One year,24.24,24.53,66.3,1,3.27,42.79,1637.9,1,Bank transfer,0
105109,34,Female,South,44,Month-to-month,2.34,0.96,175.1,0,2.08,101.15,4585.19,0,Credit card,0
105110,49,Male,South,49,Two year,59.21,67.59,193.1,2,2.67,77.24,3969.62,1,Credit card,0
105111,57,Female,South,48,Month-to-month,41.95,46.67,110.6,0,2.19,40.14,1893.19,0,Bank transfer,0
105112,74,Female,North,53,Month-to-month,8.4,3.23,388.5,1,3.45,65.15,3589.08,0,Credit card,0
105113,19,Male,South,3,Month-to-month,48.42,55.64,136.5,1,3.25,65.61,202.89,0,Credit card,0
105114,31,Female,East,31,One year,21.27,19.21,47.1,0,3.3,67.68,1950.13,1,Digital wallet,0
105115,32,Male,South,60,Month-to-month,49.91,49.83,90.3,0,2.22,49.53,2686.64,0,Credit card,0
105116,32,Male,North,32,Month-to-month,25.36,27.52,86.8,3,2.45,48.16,1585.73,1,Credit card,0
105117,44,Female,South,11,Month-to-month,33.07,37.33,29.4,0,0.73,101.98,1106.11,0,Mailed check,0
105118,67,Male,South,48,Month-to-month,27.03,24.93,93.0,1,1.45,42.59,2078.11,1,Bank transfer,0
105119,19,Male,East,22,Month-to-month,32.19,36.9,171.0,0,3.6,38.92,853.46,0,Digital wallet,0
105120,64,Male,West,37,Two year,10.64,10.45,188.3,1,1.67,19.35,668.72,0,Bank transfer,0
105121,53,Female,East,37,Month-to-month,68.52,74.12,273.0,0,2.12,58.66,2100.5,0,Bank transfer,0
105122,53,Male,East,50,Two year,37.1,37.3,142.0,0,3.4,32.76,1560.53,2,Bank transfer,0
105123,56,Male,North,67,One year,16.81,15.79,162.7,0,2.85,119.95,8070.45,1,Credit card,0
105124,24,Female,West,50,One year,24.07,21.24,73.8,1,2.51,30.96,1406.25,1,Mailed check,0
105125,60,Male,South,71,Two year,57.55,51.71,151.5,0,2.13,199.17566585067664,3143.28,1,Digital wallet,0
105126,32,Male,South,2,Month-to-month,15.52,16.2,134.5,1,3.71,119.32,223.53,0,Credit card,0
105127,47,Male,North,56,One year,36.28,36.86,87.4,1,1.5,91.99,5182.85,0,Digital wallet,0
105128,56,Female,North,30,Month-to-month,14.69,8.26,279.1,0,2.97,19.3,561.45,0,Credit card,0
105129,52,Female,West,52,Month-to-month,16.81,16.47,46.8,1,2.07,65.27,3411.33,0,Digital wallet,0
105130,36,Female,North,7,Month-to-month,35.22,36.56,112.4,1,3.3,70.92,505.9,0,Digital wallet,1
105131,40,Male,North,38,One year,32.05,32.13,220.2,1,3.43,40.32,1555.55,0,Bank transfer,0
105132,45,Female,North,3,Two year,33.22,21.34,61.3,0,2.66,80.33,250.28,0,Digital wallet,1
105133,20,Female,West,48,Month-to-month,12.47,11.13,,0,4.07,29.36,1289.2,1,Digital wallet,0
105134,59,Female,West,16,One year,65.64,19.6,167.0,0,3.53,22.19,323.94,1,Bank transfer,1
105135,23,Male,West,11,Month-to-month,50.7,47.07,167.1,2,2.06,88.64,911.57,0,Credit card,1
105136,44,Female,West,6,Month-to-month,50.13,49.11,99.7,1,2.81,79.13,459.67,1,Bank transfer,0
105137,55,Male,West,20,Month-to-month,28.57,27.69,128.0,0,2.88,110.86,2161.54,0,Digital wallet,1
105138,22,Female,South,69,One year,41.33,46.33,111.8,1,3.92,62.13,4434.51,1,Credit card,0
105139,74,Female,North,70,Month-to-month,57.1,64.67,177.9,1,0.3,103.77,7613.77,1,Mailed check,0
105140,39,Male,South,6,Month-to-month,34.07,20.36,182.2,0,4.1,50.76,289.57,0,Bank transfer,0
105141,18,Male,North,70,Month-to-month,38.13,38.52,,1,0.16,93.48,6822.0,1,Credit card,1
105142,55,Female,East,42,One year,36.55,33.98,231.5,0,3.16,111.41,4390.01,1,Mailed check,0
105143,49,Male,North,23,Two year,47.0,51.21,130.9,1,3.15,41.88,893.53,0,Bank transfer,1
105144,54,Female,North,67,Month-to-month,26.73,24.18,53.3,0,,20.02,1346.32,0,Credit card,0
105145,60,Female,East,18,One year,47.17,13.43,68.7,1,3.37,70.3,1210.7,0,Credit card,1
105146,45,Male,North,13,One year,27.68,27.61,75.5,0,0.72,69.68,923.79,0,Credit card,0
105147,65,Female,North,17,Month-to-month,58.92,67.66,101.7,1,1.3,60.81,1070.91,0,Digital wallet,0
105148,39,Female,North,11,Month-to-month,9.25,10.29,116.8,0,0.91,88.95,964.33,0,Credit card,0
105149,49,Male,East,35,Two year,42.64,48.14,59.7,1,1.51,36.67,1322.93,0,Bank transfer,0
105150,27,Male,North,10,Month-to-month,58.27,51.24,27.3,0,4.05,61.72,584.71,0,Credit card,0
105151,53,Male,North,16,Month-to-month,22.82,22.56,145.9,0,4.34,45.44,661.52,0,Bank transfer,0
105152,32,Male,North,27,Two year,31.14,33.65,107.5,1,2.36,105.52,2798.44,0,Bank transfer,0
105153,57,Female,West,47,Two year,48.66,43.63,289.2,1,2.77,84.13,4130.77,0,Credit card,1
105154,63,Female,North,61,One year,49.63,53.63,73.7,2,5.36,47.06,2849.88,1,Credit card,1
105155,66,Female,North,6,Two year,54.0,51.43,262.3,0,1.87,65.91,399.09,0,Digital wallet,0
105156,70,Male,West,45,Month-to-month,19.91,9.72,62.7,0,1.49,60.46,2820.54,0,Credit card,0
105157,24,Female,West,8,One year,25.93,28.94,104.4,3,3.86,31.83,258.9,0,Digital wallet,1
105158,25,Female,North,71,Month-to-month,32.45,31.65,111.2,2,1.71,104.52,7349.37,0,Bank transfer,0
105159,70,Female,North,20,Two year,29.07,18.14,39.0,0,1.05,54.08,1105.24,0,Mailed check,1
105160,39,Male,North,61,Month-to-month,33.9,31.36,124.9,0,3.8,142.0,8229.94,1,Mailed check,0
105161,19,Female,East,56,Month-to-month,41.49,27.09,68.3,0,4.53,65.73,3634.31,0,Mailed check,0
105162,34,Female,North,24,Month-to-month,16.76,18.86,203.1,2,1.76,96.07,2381.33,1,Bank transfer,0
105163,65,Male,West,23,One year,21.22,22.58,164.7,0,2.45,65.61,1453.04,0,Credit card,1
105164,38,Female,West,23,Month-to-month,58.45,20.7,136.2,2,3.83,72.59,1708.63,1,Bank transfer,1
105165,22,Male,East,34,One year,26.94,16.42,78.4,1,1.36,54.5,1870.59,0,Bank transfer,1
105166,59,Female,North,32,Month-to-month,17.99,17.79,,0,3.9,20.0,607.8,0,Credit card,0
105167,29,Female,West,47,Month-to-month,8.16,9.29,254.7,1,4.67,106.67,4999.65,2,Bank transfer,1
105168,38,Female,East,33,One year,34.81,35.88,243.1,1,0.65,49.65,1583.02,0,Digital wallet,0
105169,18,Female,West,56,Month-to-month,26.01,16.63,77.0,0,0.49,101.56,5417.37,0,Bank transfer,0
105170,52,Male,North,34,One year,22.09,22.67,181.0,1,0.1,117.25,4004.67,0,Digital wallet,0
105171,43,Female,East,22,Two year,44.9,43.03,60.7,0,1.72,48.53,985.82,2,Mailed check,1
105172,67,Male,West,24,One year,66.56,73.24,68.9,0,0.61,43.83,1050.66,1,Digital wallet,0
105173,37,Female,West,52,Month-to-month,33.91,9.71,107.5,0,4.13,50.39,2418.73,0,Bank transfer,0
105174,29,Male,East,10,Month-to-month,40.3,15.81,,0,1.05,17.22,167.61,0,Bank transfer,0
105175,27,Male,South,21,Two year,38.81,39.8,47.8,1,1.89,73.6,1567.3,0,Bank transfer,0
105176,29,Female,South,23,One year,30.97,18.22,27.9,2,3.04,97.34,2238.09,0,Credit card,0
105177,43,Male,East,46,Two year,17.13,17.76,66.6,0,1.26,41.3,1818.17,0,Credit card,0
105178,22,Female,West,10,Month-to-month,30.94,34.99,101.0,0,2.51,76.7,742.09,0,Bank transfer,1
105179,40,Female,East,33,One year,40.06,37.29,45.8,1,3.47,59.3,1833.26,0,Mailed check,0
105180,66,Male,North,48,Month-to-month,76.18,82.83,82.2,0,7.15,59.47,2746.47,2,Credit card,0
105181,61,Male,North,66,One year,6.61,7.23,83.8,1,3.07,64.49,4408.32,0,Digital wallet,0
105182,54,Female,East,32,Two year,41.01,8.5,321.3,0,0.13,73.26,2406.27,1,Bank transfer,0
105183,68,Female,West,70,Two year,34.86,17.88,141.9,1,3.53,49.02,3138.55,0,Bank transfer,0
105184,62,Male,North,44,Month-to-month,34.89,30.32,121.6,2,,65.26,2663.06,0,Bank transfer,0
105185,55,Female,South,55,Two year,53.81,57.4,90.5,2,3.25,49.93,2486.71,0,Credit card,0
105186,67,Female,West,18,Month-to-month,18.22,20.03,231.6,1,2.35,68.17,1180.89,1,Mailed check,0
105187,25,Male,South,65,Month-to-month,67.51,68.24,49.8,0,3.82,42.0,2796.22,0,Credit card,0
105188,64,Female,North,19,One year,4.71,1.92,156.3,1,2.12,87.7,1644.25,1,Credit card,0
105189,34,Female,South,10,Month-to-month,18.66,16.48,239.6,1,2.96,56.25,526.13,0,Credit card,1
105190,59,Male,South,6,Month-to-month,52.5,45.87,173.4,1,,33.73,194.1,0,Bank transfer,0
105191,70,Female,North,47,One year,33.98,29.12,71.0,1,,59.6,2560.39,0,Bank transfer,0
105192,46,Female,East,45,One year,21.38,20.52,46.4,0,2.01,63.12,2719.96,0,Credit card,1
105193,23,Female,East,15,One year,15.16,6.96,178.5,1,4.17,52.73,756.28,0,Mailed check,0
105194,39,Male,East,63,Month-to-month,36.4,37.72,158.4,1,4.57,24.68,1461.74,0,Bank transfer,0
105195,41,Male,East,20,One year,13.52,13.81,197.5,1,5.4,61.73,1150.08,1,Mailed check,0
105196,71,Male,North,44,Month-to-month,60.36,60.54,166.3,2,2.7,69.03,2831.89,0,Bank transfer,1
105197,71,Female,North,38,Month-to-month,29.82,29.08,206.4,0,2.84,75.54,2645.4,0,Credit card,0
105198,50,Female,North,43,Month-to-month,28.34,29.88,90.2,0,,90.31,3575.07,0,Digital wallet,0
105199,72,Male,North,53,One year,33.82,37.71,113.2,0,1.32,77.49,4299.33,1,Bank transfer,0
105200,42,Female,East,66,Month-to-month,9.67,3.96,52.5,0,3.83,73.22,4822.57,2,Bank transfer,0
105201,41,Female,North,52,Month-to-month,32.97,9.82,45.2,0,2.1,79.2,4102.63,0,Bank transfer,1
105202,65,Male,East,65,Two year,85.04,93.36,134.9,0,3.39,50.81,3167.34,0,Digital wallet,0
105203,56,Male,North,62,Two year,26.51,28.22,76.2,2,0.78,88.33,5066.26,0,Credit card,0
105204,47,Male,North,26,One year,29.38,27.55,244.1,1,3.36,63.06,1595.58,0,Bank transfer,0
105205,44,Female,North,40,One year,41.33,46.79,157.2,0,4.43,60.23,2303.86,1,Credit card,0
105206,58,Male,South,15,Two year,57.03,63.21,118.9,0,1.54,33.81,474.91,1,Credit card,0
105207,60,Female,East,66,One year,31.74,36.0,38.1,1,1.86,76.04,5088.9,0,Bank transfer,0
105208,45,Female,West,69,Month-to-month,22.68,8.49,58.5,0,1.82,73.41,4736.25,1,Digital wallet,1
105209,19,Female,North,64,One year,45.62,47.25,69.4,0,1.82,83.59,5392.06,1,Credit card,0
105210,23,Male,East,53,Two year,24.0,22.8,86.7,2,4.55,30.37,1479.16,1,Credit card,0
105211,26,Female,West,61,One year,57.7,56.87,185.5,1,2.72,82.96,4932.89,0,Bank transfer,0
105212,44,Male,South,57,Month-to-month,45.72,28.83,43.4,2,1.11,60.54,3456.77,1,Credit card,0
105213,53,Male,North,17,Two year,37.66,35.71,318.5,0,1.33,42.59,726.36,0,Bank transfer,0
105214,63,Male,North,19,One year,44.66,22.58,170.0,0,0.1,53.44,,0,Credit card,0
105215,31,Female,North,38,Month-to-month,46.4,44.33,53.6,1,1.41,44.58,1639.64,0,Digital wallet,0
105216,62,Female,West,30,Two year,42.96,42.0,234.4,0,0.68,73.23,2101.71,0,Credit card,0
105217,55,Male,South,53,One year,40.02,17.56,155.6,1,,54.11,2901.25,0,Bank transfer,0
105218,20,Male,South,53,Two year,24.39,27.57,74.5,3,1.93,62.93,3033.91,1,Credit card,0
105219,38,Female,West,70,Two year,42.17,23.32,171.6,0,0.94,53.32,3634.49,0,Bank transfer,0
105220,35,Female,South,56,Month-to-month,10.05,10.04,55.9,1,2.32,61.84,3569.21,0,Credit card,1
105221,68,Male,East,1,One year,24.42,7.13,113.9,1,3.1,36.58,34.38,0,Credit card,1
105222,70,Male,North,25,Month-to-month,58.73,57.04,148.0,1,3.0,15.0,365.76,0,Credit card,0
105223,64,Female,South,24,Two year,15.03,15.66,57.5,1,2.87,131.49,2916.9,0,Mailed check,0
105224,48,Female,North,45,Two year,53.8,50.35,122.3,0,0.1,65.92,3090.16,0,Digital wallet,0
105225,46,Male,North,25,Two year,16.43,14.01,139.2,0,1.79,138.77,3564.1,0,Credit card,0
105226,35,Female,North,70,One year,30.33,32.42,85.7,0,4.42,63.1,4482.95,0,Bank transfer,0
105227,62,Female,East,21,One year,31.41,29.83,70.3,0,5.7,64.22,,0,Digital wallet,0
105228,22,Male,East,32,Month-to-month,10.14,9.35,116.5,0,3.71,57.63,1799.06,2,Digital wallet,1
105229,33,Female,East,59,Month-to-month,40.04,40.46,94.0,2,2.59,78.97,4342.8,0,Digital wallet,0
105230,25,Female,North,27,Month-to-month,15.93,14.31,255.6,0,1.25,67.39,1888.11,0,Mailed check,0
105231,46,Male,West,4,Two year,11.64,10.87,149.5,0,4.38,31.26,129.98,0,Digital wallet,0
105232,35,Male,North,24,One year,19.19,19.26,95.7,0,2.27,38.45,931.59,0,Credit card,0
105233,29,Male,West,26,One year,7.93,9.06,108.0,0,2.13,34.47,895.09,1,Bank transfer,0
105234,39,Male,East,44,Month-to-month,52.62,12.72,73.1,1,4.22,67.52,2782.39,1,Bank transfer,1
105235,67,Female,East,51,One year,17.21,15.89,202.5,0,0.1,68.66,3189.95,1,Mailed check,0
105236,49,Female,South,39,Month-to-month,28.53,28.24,157.1,2,2.39,67.48,2699.46,0,Bank transfer,0
105237,64,Female,West,29,Two year,24.27,24.47,265.8,0,0.29,46.8,1269.99,1,Mailed check,0
105238,70,Female,East,36,Two year,20.85,22.18,122.0,0,3.33,34.39,1163.85,0,Credit card,0
105239,69,Male,,11,Month-to-month,19.42,19.55,98.1,0,4.93,93.14,961.57,0,Bank transfer,1
105240,38,Female,West,13,Two year,21.09,22.56,,1,3.24,69.74,863.3,0,Credit card,1
105241,68,Male,North,44,Month-to-month,38.12,42.28,259.8,1,5.46,79.1,3301.74,0,Digital wallet,0
105242,69,Male,South,62,Month-to-month,17.31,16.18,84.5,1,2.81,88.53,5150.87,0,Digital wallet,0
105243,72,Male,East,38,One year,19.69,9.34,78.5,2,4.67,15.0,523.96,2,Credit card,1
105244,38,Female,West,5,One year,51.65,56.86,91.0,0,0.11,66.13,336.08,0,Bank transfer,0
105245,31,Female,South,70,Month-to-month,20.96,19.47,72.2,1,2.82,92.52,6745.05,1,Digital wallet,0
105246,51,Male,North,24,Month-to-month,40.04,43.76,129.7,2,0.51,33.69,746.07,0,Mailed check,0
105247,71,Female,,54,Month-to-month,1.24,1.29,85.8,0,3.07,36.28,1932.57,0,Credit card,0
105248,69,Female,North,64,Month-to-month,41.05,41.89,226.7,0,2.02,110.4620317965412,2209.47,0,Bank transfer,0
105249,50,Male,South,71,Month-to-month,11.34,11.21,53.0,0,,26.27,1804.2,0,Digital wallet,0
105250,26,Female,South,9,Month-to-month,40.22,40.77,159.3,1,2.18,78.88,719.38,0,Credit card,0
105251,42,Female,West,14,Two year,50.6,46.57,210.2,0,4.07,69.15,980.79,0,Credit card,0
105252,58,Male,North,46,Month-to-month,30.26,30.24,51.8,0,2.79,33.15,,0,Credit card,0
105253,49,Female,North,55,Month-to-month,24.85,25.66,145.2,0,2.78,18.49,1051.31,2,Digital wallet,0
105254,37,Female,South,60,Month-to-month,10.49,10.11,188.2,2,2.52,42.85,2319.14,0,Credit card,0
105255,37,Female,North,40,Month-to-month,33.01,6.79,37.2,0,3.58,91.1,3519.26,0,Credit card,0
105256,21,Male,North,12,One year,19.25,5.28,64.6,0,2.17,34.72,380.84,0,Digital wallet,0
105257,34,Male,South,51,Month-to-month,23.94,13.37,202.5,1,0.84,20.21,1030.62,0,Digital wallet,0
105258,56,Female,South,48,Month-to-month,17.75,17.12,202.9,1,3.94,59.87,2765.77,1,Credit card,1
105259,31,Male,North,34,Two year,29.25,27.91,105.5,0,1.84,32.78,1026.47,1,Digital wallet,0
105260,74,Male,East,46,One year,29.22,32.0,,0,2.92,105.13,4597.63,0,Bank transfer,0
105261,22,Male,West,16,Month-to-month,14.69,14.18,155.2,0,3.64,66.36,996.94,0,Credit card,1
105262,51,Female,South,58,Month-to-month,42.21,43.23,184.6,1,0.9,52.99,3067.5,0,Digital wallet,0
105263,46,Male,North,4,Two year,58.91,67.25,118.1,0,1.27,53.38,213.61,0,Bank transfer,0
105264,65,Female,North,60,One year,40.5,34.79,184.6,0,0.35,47.55,2802.81,0,Bank transfer,0
105265,68,Male,North,60,Two year,61.56,56.39,26.9,1,1.98,50.01,3051.15,0,Mailed check,0
105266,48,Male,East,49,Month-to-month,22.09,14.38,97.4,1,4.09,122.75,5433.42,0,Credit card,1
105267,53,Male,East,58,One year,4.37,4.93,153.1,0,2.46,86.36,5000.78,1,Digital wallet,0
105268,57,Female,North,65,Month-to-month,14.37,15.31,134.4,1,4.62,56.85,3687.73,1,Mailed check,1
105269,47,Male,North,12,Month-to-month,24.65,23.74,238.2,0,2.99,67.69,787.38,0,Credit card,0
105270,28,Male,South,39,One year,22.26,7.63,64.3,1,1.65,43.54,1741.75,0,Bank transfer,1
105271,42,Female,South,46,One year,26.14,10.23,60.9,1,1.48,87.31,3659.21,1,Bank transfer,0
105272,31,Female,West,67,Month-to-month,18.94,16.61,254.5,1,4.87,15.0,1019.21,0,Bank transfer,0
105273,44,Male,North,53,Month-to-month,36.29,36.44,40.4,0,3.67,46.98,2358.24,1,Bank transfer,1
105274,53,Male,North,43,One year,26.27,28.51,169.0,0,2.23,34.38,1337.51,0,Bank transfer,0
105275,29,Female,South,40,Month-to-month,27.62,26.98,159.3,0,2.7,83.28,3009.82,0,Bank transfer,0
105276,32,Male,North,11,Month-to-month,37.21,41.05,82.0,0,1.83,60.38,622.14,0,Credit card,0
105277,64,Male,North,23,Month-to-month,19.96,18.7,250.3,1,0.1,16.56,376.3,0,Mailed check,0
105278,39,Male,South,31,Month-to-month,32.92,32.87,109.1,0,2.63,57.2,1759.8,0,Credit card,0
105279,29,Female,South,63,Two year,45.33,24.5,115.5,0,0.63,59.43,3433.78,1,Bank transfer,1
105280,58,Male,North,62,Month-to-month,34.91,30.62,65.3,0,1.96,96.56,5648.48,0,Bank transfer,0
105281,58,Male,East,46,Month-to-month,29.38,29.61,71.0,0,0.61,66.49,2799.92,0,Credit card,0
105282,65,Male,South,8,One year,23.94,26.53,58.7,0,2.22,58.3,478.27,0,Credit card,0
105283,61,Female,North,52,Month-to-month,30.75,27.54,146.9,0,1.01,60.69,3244.1,0,Credit card,0
105284,74,Female,West,33,One year,19.31,11.64,143.5,1,2.6,15.0,460.66,0,Bank transfer,0
105285,50,Female,North,47,Month-to-month,48.1,49.68,26.1,0,3.54,38.68,1881.23,0,Digital wallet,0
105286,34,Male,West,31,Two year,27.4,25.87,196.3,1,2.97,15.0,424.24,0,Credit card,0
105287,67,Male,West,52,One year,21.31,7.03,101.9,0,0.29,109.61,5589.77,0,Mailed check,0
105288,33,Male,South,16,One year,11.63,11.12,39.4,0,0.1,47.07,758.84,0,Bank transfer,0
105289,34,Female,North,11,Month-to-month,25.43,21.68,240.8,1,0.58,75.35,795.75,0,Digital wallet,0
105290,65,Female,West,16,Two year,16.85,17.01,,2,4.04,33.56,490.95,0,Digital wallet,0
105291,68,Male,South,66,One year,61.76,70.75,89.8,0,5.78,49.25,3298.28,0,Credit card,0
105292,37,Female,North,6,Month-to-month,16.01,14.32,106.3,0,1.49,50.66,309.45,0,Bank transfer,0
105293,59,Female,East,21,Month-to-month,61.75,56.83,186.8,0,0.96,72.09,1436.85,0,Mailed check,1
105294,70,Female,South,25,Month-to-month,58.37,53.58,81.1,0,4.58,55.11,1244.52,1,Credit card,1
105295,63,Male,West,60,Month-to-month,53.43,54.42,216.8,0,1.87,42.49,2646.4,0,Mailed check,0
105296,18,Female,East,26,Month-to-month,30.47,27.64,58.6,0,2.38,15.0,355.76,0,Mailed check,0
105297,55,Male,West,64,Two year,7.35,8.35,86.4,0,2.74,114.49,6882.17,0,Credit card,0
105298,27,Male,East,71,Two year,50.13,53.08,21.0,0,1.47,45.63,3127.42,0,Bank transfer,0
105299,66,Male,East,47,Month-to-month,14.49,15.04,91.2,1,1.34,48.88,2221.26,0,Bank transfer,0
105300,21,Female,South,25,Two year,15.56,13.25,45.4,1,2.38,44.13,1079.34,0,Bank transfer,1
105301,74,Female,West,43,One year,22.59,22.39,51.0,0,1.88,93.7,3753.52,0,Credit card,0
105302,28,Male,West,48,Month-to-month,14.42,15.75,46.8,0,0.1,42.03,1933.16,0,Digital wallet,1
105303,41,Male,West,8,Two year,51.11,31.34,108.6,0,1.15,46.46,386.48,0,Credit card,0
105304,31,Female,West,60,One year,39.76,39.85,106.6,0,2.29,63.82,3955.19,0,Credit card,0
105305,64,Female,East,31,One year,30.37,32.54,166.4,0,1.67,89.08,2523.03,0,Credit card,0
105306,40,Male,North,61,Month-to-month,44.0,46.41,,0,3.25,58.28,3616.13,0,Credit card,0
105307,60,Male,West,44,Month-to-month,26.58,30.0,148.8,0,1.33,59.91,2590.23,1,Digital wallet,1
105308,21,Male,North,62,Two year,29.22,28.05,116.2,0,5.22,55.77,3129.36,1,Bank transfer,0
105309,43,Male,North,6,Month-to-month,24.73,27.14,76.3,1,2.58,46.94,286.78,0,Credit card,1
105310,69,Female,South,4,Month-to-month,17.71,16.44,191.1,0,2.61,104.93,387.51,0,Mailed check,0
105311,70,Male,East,8,Month-to-month,9.38,9.54,68.4,1,1.73,38.41,287.78,0,Credit card,0
105312,29,Female,East,63,Month-to-month,40.78,27.99,35.0,1,2.1,68.7,3944.31,0,Mailed check,0
105313,40,Female,North,71,Month-to-month,19.81,20.51,22.6,0,0.1,44.65,3217.34,1,Bank transfer,0
105314,41,Female,North,71,Two year,19.11,18.78,79.2,0,2.5,73.66,5260.91,0,Digital wallet,0
105315,50,Female,North,24,Month-to-month,28.2,24.83,97.2,0,5.45,57.3,1410.08,1,Mailed check,0
105316,48,Male,South,19,Two year,30.43,7.43,98.2,1,3.84,64.86,1202.78,0,Mailed check,1
105317,24,Male,North,25,One year,40.05,39.26,20.9,2,0.1,60.95,1469.91,0,Bank transfer,1
105318,61,Female,East,59,Month-to-month,28.33,25.75,133.4,0,2.94,31.15,1806.01,0,Credit card,0
105319,30,Female,North,18,Month-to-month,25.6,25.5,87.6,0,3.17,57.16,927.14,0,Mailed check,0
105320,35,Female,South,39,Month-to-month,22.26,19.06,160.8,2,4.78,15.0,,0,Credit card,0
105321,65,Male,South,46,Two year,39.55,12.35,108.1,0,1.32,64.25,3027.27,0,Credit card,0
105322,57,Female,South,26,One year,26.54,14.94,145.8,0,5.93,46.02,1087.5,2,Bank transfer,1
105323,40,Male,West,34,Month-to-month,5.16,5.13,42.2,1,2.67,53.07,1870.21,0,Digital wallet,0
105324,70,Male,North,48,Two year,34.12,32.86,161.1,1,1.26,59.36,2740.19,1,Bank transfer,0
105325,40,Female,South,57,Two year,28.27,24.14,127.6,0,0.1,62.37,3325.68,1,Digital wallet,0
105326,50,Male,East,14,Month-to-month,16.77,17.39,69.9,0,2.32,15.0,190.22,0,Credit card,0
105327,32,Male,North,37,One year,16.68,3.64,237.4,0,2.81,49.27,1908.91,1,Digital wallet,0
105328,28,Male,West,11,One year,36.26,34.23,332.3,0,0.79,65.23,717.27,0,Bank transfer,0
105329,46,Male,West,2,Two year,43.77,14.97,71.0,0,3.44,98.08,194.68,1,Credit card,1
105330,50,Female,East,46,Month-to-month,36.03,36.92,168.3,0,3.29,123.43,5234.94,0,Credit card,1
105331,63,Female,West,35,Month-to-month,26.68,16.6,103.9,0,2.51,108.5,3875.06,0,Bank transfer,1
105332,40,Female,South,19,Month-to-month,17.22,19.21,142.3,0,,40.44,759.48,0,Digital wallet,0
105333,69,Male,South,4,Month-to-month,22.24,24.67,121.0,1,2.53,72.61,276.9,0,Digital wallet,0
105334,52,Female,North,68,Month-to-month,21.21,21.23,165.2,1,5.26,87.07,5884.53,1,Bank transfer,0
105335,21,Female,North,59,One year,45.72,45.33,26.1,0,1.11,75.93,4125.28,2,Credit card,1
105336,60,Male,North,67,Month-to-month,11.97,12.09,139.7,1,0.1,58.48,3776.01,1,Bank transfer,0
105337,50,Female,South,9,Month-to-month,27.5,14.87,125.0,1,1.94,66.95,556.51,0,Bank transfer,1
105338,40,Female,South,1,One year,19.0,18.37,111.1,0,1.28,69.95,64.16,0,Credit card,0
105339,44,Female,North,16,Month-to-month,38.24,35.89,,0,0.1,45.06,756.39,1,Bank transfer,0
105340,35,Female,East,8,Month-to-month,12.79,6.66,52.0,0,3.11,67.22,507.03,0,Bank transfer,1
105341,53,Female,North,33,One year,23.47,11.88,160.3,1,0.52,29.8,886.73,0,Bank transfer,0
105342,50,Female,South,46,Two year,46.17,41.43,66.1,0,0.37,120.39,5165.73,1,Credit card,0
105343,43,Female,North,14,Month-to-month,33.5,37.67,78.3,2,3.73,52.22,698.14,0,Credit card,1
105344,34,Female,East,29,Two year,22.87,10.31,70.9,1,4.6,75.6,1977.5,0,Bank transfer,1
105345,40,Male,South,39,Two year,11.86,6.92,110.1,0,6.38,67.83,2630.01,1,Digital wallet,0
105346,46,Female,East,23,One year,47.99,30.36,,0,0.16,65.36,1470.66,1,Credit card,0
105347,44,Female,North,33,Two year,14.8,12.86,104.2,0,3.09,77.59,2435.3,0,Credit card,0
105348,35,Male,South,42,Month-to-month,58.76,56.03,177.1,1,0.4,90.47,3926.03,0,Bank transfer,0
105349,51,Female,West,68,Month-to-month,31.94,28.75,84.8,0,2.61,65.02,4140.4,0,Bank transfer,0
105350,30,Female,North,23,Two year,24.94,21.66,37.6,1,2.27,82.93,1742.82,0,Bank transfer,0
105351,46,Female,South,7,Month-to-month,44.62,40.24,120.5,0,0.1,74.65,478.42,1,Bank transfer,0
105352,24,Female,North,62,Month-to-month,48.56,47.92,93.6,1,3.29,30.61,1933.51,1,Bank transfer,0
105353,44,Male,North,41,Month-to-month,24.79,25.22,234.3,1,2.5,63.61,2480.57,0,Credit card,0
105354,62,Female,South,34,Month-to-month,35.87,40.11,56.5,0,3.41,57.47,2023.1,1,Credit card,1
105355,64,Female,North,52,Month-to-month,9.42,9.94,132.3,0,0.61,78.34,3715.68,0,Digital wallet,0
105356,57,Male,South,70,Month-to-month,21.41,23.35,104.6,1,5.67,80.51,5528.83,0,Bank transfer,1
105357,60,Female,West,10,Two year,20.68,21.01,39.9,0,2.9,66.18,624.5,0,Credit card,1
105358,21,Male,North,62,Month-to-month,55.41,50.45,30.9,0,3.0,72.86,4703.39,1,Mailed check,0
105359,37,Male,North,46,Two year,51.94,57.39,32.4,0,4.57,67.16,3001.45,0,Credit card,0
105360,55,Female,West,42,Month-to-month,10.72,6.41,161.7,0,2.48,48.97,1935.01,0,Bank transfer,0
105361,63,Female,South,62,Month-to-month,7.16,7.1,102.9,0,1.16,94.42,5296.72,0,Credit card,0
105362,51,Female,West,22,Two year,26.23,28.37,143.8,0,4.13,78.26,1675.79,0,Bank transfer,0
105363,66,Male,South,56,Month-to-month,49.63,42.28,147.9,0,2.27,111.39,5759.08,0,Credit card,0
105364,33,Female,East,41,Month-to-month,26.6,26.16,23.0,0,3.95,59.17,2210.59,0,Mailed check,0
105365,26,Male,West,67,Two year,72.05,68.56,255.8,1,2.32,49.39,3052.91,0,Digital wallet,0
105366,22,Female,North,34,Month-to-month,22.38,21.02,183.4,1,5.76,15.0,498.99,0,Credit card,0
105367,51,Female,West,52,Month-to-month,15.71,16.53,102.2,0,2.42,121.74,5931.58,0,Mailed check,1
105368,55,Female,East,36,Two year,16.78,18.41,138.3,1,1.54,77.36,2683.11,1,Mailed check,0
105369,34,Male,West,28,Month-to-month,27.09,30.05,48.4,4,2.99,83.91,2298.96,0,Credit card,0
105370,62,Female,North,27,One year,21.84,23.81,,0,1.77,107.19,2626.01,0,Bank transfer,0
105371,60,Male,South,66,Month-to-month,55.38,60.56,94.9,2,1.17,68.13,4422.28,0,Bank transfer,1
105372,38,Female,North,60,Month-to-month,24.97,27.48,68.1,0,4.5,46.85,2719.38,0,Digital wallet,0
105373,31,Male,West,17,Month-to-month,46.85,49.57,106.8,1,0.56,87.23,1458.29,1,Credit card,1
105374,60,Female,North,62,One year,18.37,19.8,78.9,0,4.02,58.89,3669.06,0,Credit card,0
105375,56,Male,North,42,Month-to-month,28.95,12.78,175.4,1,4.88,19.14,809.17,2,Mailed check,0
105376,27,Female,West,8,Two year,6.87,6.3,136.3,4,1.96,102.55,823.99,0,Bank transfer,0
105377,32,Female,South,55,One year,60.3,35.53,70.7,0,2.88,37.2,1864.58,0,Credit card,0
105378,45,Male,East,12,One year,24.84,14.35,148.9,0,1.22,46.16,573.7,0,Bank transfer,1
105379,47,Female,North,62,Month-to-month,46.57,52.96,49.5,1,4.19,84.1,5326.49,1,Digital wallet,0
105380,27,Male,East,33,One year,11.86,11.87,100.6,2,0.54,15.0,510.76,0,Credit card,1
105381,72,Female,North,66,One year,15.26,14.18,177.8,4,3.97,66.92,4088.67,0,Bank transfer,1
105382,40,Male,South,35,Month-to-month,16.84,7.21,26.3,1,2.48,70.87,2450.68,0,Digital wallet,1
105383,39,Male,South,7,Two year,23.47,23.15,210.0,1,1.2,91.29,,1,Bank transfer,0
105384,21,Male,South,55,Month-to-month,44.16,48.44,81.0,1,1.42,79.68,4557.38,0,Digital wallet,0
105385,67,Female,North,52,Two year,15.76,16.67,179.8,1,3.2,82.73,4111.51,0,Bank transfer,0
105386,31,Female,North,22,Two year,40.53,36.3,81.1,0,0.68,87.02,1967.89,0,Credit card,0
105387,74,Female,East,15,Month-to-month,69.88,68.6,34.7,0,3.29,101.23,1471.95,0,Mailed check,0
105388,46,Male,North,62,Month-to-month,23.72,25.54,73.1,0,2.72,53.03,2999.63,1,Bank transfer,0
105389,67,Female,North,56,Month-to-month,15.42,16.32,199.0,2,1.87,39.68,2324.27,0,Bank transfer,0
105390,28,Male,South,22,Month-to-month,9.33,8.46,115.2,0,3.2,40.99,853.36,0,Credit card,1
105391,27,Male,South,50,Two year,35.81,38.42,182.0,0,1.26,80.14,3779.52,1,Credit card,0
105392,63,Male,East,18,Month-to-month,20.39,21.45,82.5,1,2.05,57.32,1067.85,0,Credit card,0
105393,64,Male,South,13,One year,4.37,4.03,62.1,1,1.88,49.45,650.28,0,Credit card,1
105394,48,Female,West,48,Two year,85.79,31.49,175.7,0,0.56,91.35,4185.5,1,Credit card,0
105395,19,Female,East,60,Two year,49.87,46.99,101.9,1,1.96,78.83,4823.25,2,Bank transfer,0
105396,71,Female,West,66,Month-to-month,15.08,14.71,126.1,0,0.11,103.82,6187.57,0,Digital wallet,0
105397,40,Female,East,33,Two year,72.14,75.9,132.0,0,1.62,71.46,2327.95,0,Mailed check,1
105398,71,Female,North,11,Month-to-month,80.92,91.87,24.9,2,0.1,78.35,810.66,1,Digital wallet,1
105399,67,Male,West,39,Month-to-month,61.24,70.33,152.2,1,0.93,54.51,2090.05,1,Credit card,1
105400,66,Male,West,49,Month-to-month,23.73,25.07,49.9,1,1.08,15.0,697.85,0,Digital wallet,1
105401,57,Female,East,69,One year,27.6,11.18,30.7,0,3.08,51.29,3567.48,0,Digital wallet,0
105402,56,Male,North,8,Month-to-month,35.08,34.16,75.2,1,1.02,46.35,369.06,0,Mailed check,1
105403,48,Male,North,47,Month-to-month,16.72,14.55,92.4,1,0.58,30.96,1466.54,0,Digital wallet,0
105404,19,Female,East,37,Month-to-month,46.48,20.76,222.6,0,1.89,69.11,2573.49,0,Credit card,0
105405,40,Male,South,42,Two year,37.04,38.08,157.2,0,5.31,87.8,3732.48,1,Digital wallet,0
105406,59,Female,East,7,One year,46.21,12.64,29.2,1,0.1,53.16,389.82,0,Credit card,0
105407,64,Female,South,2,One year,14.5,14.42,125.3,0,3.51,74.68,144.35,0,Bank transfer,0
105408,49,Female,South,44,One year,27.66,29.08,101.2,1,2.99,50.5,2251.83,1,Digital wallet,0
105409,58,Female,North,15,Month-to-month,17.71,20.17,55.5,1,5.6,61.02,854.18,0,Bank transfer,1
105410,19,Male,North,44,Month-to-month,18.29,5.65,147.4,2,2.91,49.83,2289.61,0,Bank transfer,0
105411,44,Male,North,2,Month-to-month,23.02,5.78,222.0,1,2.53,72.42,,0,Digital wallet,0
105412,46,Female,West,57,Month-to-month,45.9,10.84,107.3,1,2.53,79.5,4144.09,0,Bank transfer,0
105413,68,Female,East,24,Two year,47.53,42.78,82.1,1,2.41,107.75,2638.03,0,Digital wallet,0
105414,35,Male,West,33,Month-to-month,6.76,6.5,110.9,1,3.52,50.63,1650.11,0,Credit card,0
105415,31,Female,East,25,One year,58.44,28.23,125.5,1,1.67,59.59,1430.5,1,Credit card,0
105416,38,Female,West,30,Two year,36.42,20.0,290.7,0,7.02,93.12,2560.63,1,Bank transfer,0
105417,27,Male,South,38,Two year,41.35,20.96,65.6,1,3.76,56.47,2132.07,0,Bank transfer,0
105418,49,Female,West,46,Month-to-month,46.04,47.09,67.5,0,2.18,77.55,3490.49,0,Credit card,0
105419,54,Female,West,49,Two year,20.74,19.81,173.2,0,2.1,52.37,2631.16,0,Digital wallet,0
105420,63,Female,East,71,One year,51.86,46.82,77.3,0,2.45,74.84,5098.37,0,Credit card,0
105421,73,Female,North,13,Month-to-month,14.31,14.73,,1,2.4,79.91,1016.11,0,Credit card,1
105422,22,Female,East,62,One year,28.23,24.33,223.5,0,3.44,97.58,5836.16,0,Digital wallet,0
105423,32,Female,North,43,Month-to-month,19.17,18.46,,0,2.92,45.89,1799.53,0,Credit card,0
105424,35,Male,North,22,Two year,80.91,45.59,44.5,2,4.67,77.22,1646.69,0,Bank transfer,0
105425,32,Female,East,66,One year,16.0,18.27,107.5,2,1.04,61.44,4231.89,0,Mailed check,0
105426,65,Female,West,51,One year,66.29,26.73,30.2,0,2.43,23.98,1103.71,1,Bank transfer,1
105427,25,Female,North,14,Two year,55.26,54.9,164.5,0,1.02,49.38,698.4,0,Credit card,0
105428,19,Female,North,13,One year,14.77,13.0,160.3,1,1.77,46.29,579.81,1,Mailed check,0
105429,67,Male,West,47,Month-to-month,21.73,23.91,14.5,0,1.71,75.7,3297.11,0,Bank transfer,0
105430,72,Male,North,52,Month-to-month,17.41,15.73,102.7,0,3.66,43.11,2246.81,0,Credit card,0
105431,30,Male,North,4,Two year,42.09,25.24,188.0,0,1.53,67.28,257.1,0,Credit card,0
105432,36,Female,East,45,One year,52.54,48.61,32.7,2,4.59,65.32,3082.67,1,Bank transfer,0
105433,46,Female,West,38,Two year,19.76,22.5,118.9,1,4.67,81.21,3016.88,1,Mailed check,0
105434,47,Male,South,69,Month-to-month,8.73,5.01,23.6,0,3.57,53.06,3521.97,0,Bank transfer,0
105435,74,Female,South,53,Month-to-month,49.59,53.68,54.6,2,0.78,27.99,1549.36,0,Bank transfer,0
105436,41,Male,South,65,Two year,35.18,33.3,29.7,1,4.65,88.16,5402.46,1,Bank transfer,0
105437,18,Male,North,3,One year,16.12,16.83,242.1,3,1.85,50.97,159.87,0,Credit card,0
105438,42,Female,West,55,Month-to-month,42.05,41.9,183.6,0,,92.48,5168.71,0,Bank transfer,0
105439,49,Male,West,24,Month-to-month,30.46,34.05,25.2,1,3.27,64.52,1520.63,1,Credit card,1
105440,47,Female,South,40,Two year,13.97,7.76,123.4,1,1.21,66.73,2550.94,0,Digital wallet,0
105441,47,Female,North,63,One year,11.26,11.46,25.4,0,4.37,80.21,4599.83,1,Credit card,1
105442,70,Male,North,62,Month-to-month,59.43,62.29,152.3,0,3.69,81.1,5236.25,0,Credit card,0
105443,64,Male,North,17,Month-to-month,14.18,12.69,172.0,2,6.95,63.11,1068.15,0,Bank transfer,1
105444,32,Male,North,18,Month-to-month,21.15,19.56,153.7,0,2.95,202.8142137232239,953.84,0,Bank transfer,0
105445,38,Male,North,52,Month-to-month,13.29,7.75,123.0,0,2.3,63.88,3315.17,0,Digital wallet,0
105446,56,Female,West,63,Month-to-month,18.72,16.06,92.2,1,5.51,19.87,1293.31,2,Credit card,0
105447,41,Female,North,44,Month-to-month,34.22,35.13,118.3,0,0.1,89.54,3721.97,0,Credit card,0
105448,42,Female,East,4,Two year,26.21,8.27,56.1,1,2.84,43.51,170.17,0,Bank transfer,0
105449,27,Female,South,12,Month-to-month,31.82,15.42,123.5,1,2.3,52.18,640.36,0,Bank transfer,0
105450,32,Female,West,54,Two year,28.35,28.88,83.9,1,4.35,55.06,3070.39,0,Mailed check,0
105451,60,Female,West,53,Month-to-month,19.77,11.61,30.1,0,7.16,74.36,3967.42,1,Credit card,1
105452,66,Female,South,64,Month-to-month,88.57,83.46,50.0,0,1.49,61.74,3904.74,0,Digital wallet,0
105453,62,Female,North,38,Month-to-month,37.99,9.48,171.4,0,4.23,81.65,2973.52,0,Credit card,1
105454,35,Female,East,31,Month-to-month,11.29,10.38,32.4,0,4.59,77.89,2261.4,0,Digital wallet,1
105455,25,Male,North,8,One year,23.74,23.4,112.3,3,4.47,44.61,355.66,2,Digital wallet,1
105456,27,Male,North,56,Two year,44.54,39.24,80.5,0,2.87,44.74,2523.22,0,Credit card,0
105457,40,Female,North,68,One year,38.42,42.48,49.7,0,3.57,58.23,3850.5,1,Credit card,0
105458,47,Male,West,4,One year,32.73,10.59,190.4,0,1.07,82.89,345.46,1,Bank transfer,0
105459,68,Male,North,35,Two year,32.35,35.57,209.1,2,5.16,78.4,2534.27,0,Bank transfer,0
105460,69,Male,South,26,One year,25.36,11.3,35.1,0,0.88,80.86,2055.46,0,Mailed check,0
105461,18,Male,South,53,One year,31.13,32.03,114.2,0,1.04,256.30585064231803,3106.23,0,Bank transfer,0
105462,58,Female,East,55,One year,25.91,29.04,88.0,0,2.08,90.08,5159.42,2,Credit card,0
105463,35,Female,North,16,Month-to-month,20.07,20.75,111.4,0,1.64,73.7,1107.7,1,Mailed check,0
105464,29,Male,West,68,Month-to-month,28.38,11.55,388.4,0,3.15,50.22,3198.69,0,Bank transfer,1
105465,49,Female,,10,One year,37.63,37.53,81.0,1,2.03,58.42,568.19,0,Credit card,0
105466,19,Female,South,56,One year,14.74,15.19,61.3,1,1.2,85.31,4803.47,0,Mailed check,0
105467,37,Female,South,53,Month-to-month,17.71,15.51,97.3,0,0.82,102.59,5149.75,0,Bank transfer,0
105468,49,Female,West,12,Two year,4.16,3.81,128.5,0,4.28,21.76,254.93,0,Credit card,1
105469,33,Male,West,48,Month-to-month,41.08,41.8,78.3,1,3.29,71.65,3161.23,3,Digital wallet,0
105470,51,Male,South,20,One year,20.92,18.48,369.6,1,0.55,24.88,517.31,0,Mailed check,0
105471,44,Female,South,20,Two year,48.83,32.08,58.4,1,3.46,46.28,860.33,0,Credit card,0
105472,63,Female,North,7,Month-to-month,21.21,12.2,154.3,2,2.02,76.7,503.6,1,Credit card,1
105473,28,Female,North,53,Two year,43.85,47.93,232.5,2,0.13,67.89,3467.27,0,Bank transfer,0
105474,21,Female,North,58,Two year,31.98,28.81,15.1,1,0.64,44.68,2386.12,0,Bank transfer,0
105475,48,Female,North,36,One year,27.65,26.98,,1,4.02,54.02,2029.0,0,Digital wallet,1
105476,32,Male,North,56,Two year,52.63,52.38,60.3,0,4.53,88.25,4933.3,1,Mailed check,1
105477,58,Female,West,25,One year,30.33,27.21,50.2,0,3.56,66.98,1672.91,0,Credit card,0
105478,23,Male,West,41,Month-to-month,26.19,24.16,92.4,0,1.4,64.96,2477.35,1,Credit card,0
105479,50,Male,West,56,One year,8.59,8.55,223.5,1,3.27,90.49,4819.28,0,Credit card,0
105480,74,Male,East,31,Month-to-month,69.21,15.25,176.3,0,3.24,84.41,2430.76,0,Credit card,1
105481,23,Female,East,44,Month-to-month,50.3,21.76,29.7,1,0.1,55.39,2222.47,2,Credit card,1
105482,35,Male,North,11,Month-to-month,14.37,12.67,175.6,1,3.37,80.31,,0,Digital wallet,1
105483,66,Female,East,37,Month-to-month,9.69,8.78,59.4,0,2.79,58.65,2102.4,0,Digital wallet,1
105484,48,Female,North,61,Two year,16.29,9.47,202.7,1,6.02,67.39,4115.99,0,Bank transfer,1
105485,27,Female,South,55,Two year,28.84,24.71,20.5,1,5.48,22.06,1172.51,0,Bank transfer,0
105486,30,Male,West,22,Two year,33.42,33.48,141.6,0,2.38,50.79,1171.43,0,Digital wallet,0
105487,61,Female,West,39,Month-to-month,40.07,43.95,54.4,0,3.17,68.87,2613.65,0,Bank transfer,0
105488,67,Male,North,44,One year,42.98,46.99,174.6,0,,36.96,1573.15,1,Credit card,0
105489,38,Female,East,67,One year,44.75,42.8,257.9,1,1.8,56.76,3574.62,1,Bank transfer,1
105490,45,Female,North,59,Month-to-month,9.83,10.38,93.5,0,0.46,24.78,1450.59,0,Credit card,0
105491,62,Male,North,59,One year,58.94,67.6,70.8,1,1.5,82.56,4977.32,0,Credit card,0
105492,28,Male,North,54,Month-to-month,47.07,45.99,85.3,1,1.82,99.84,5633.94,0,Digital wallet,1
105493,29,Male,North,26,Two year,37.89,42.6,98.6,1,4.29,39.81,953.77,1,Bank transfer,0
105494,62,Female,East,27,Month-to-month,25.82,13.8,138.9,1,,25.45,621.22,0,Bank transfer,1
105495,28,Female,South,34,Two year,33.65,36.47,32.1,0,1.65,78.51,2794.01,0,Bank transfer,1
105496,61,Male,North,31,Two year,12.08,10.91,,0,1.4,71.17,,0,Bank transfer,0
105497,46,Female,West,68,One year,33.77,15.83,109.7,2,3.16,76.19,5186.31,2,Bank transfer,0
105498,74,Male,South,63,Month-to-month,43.04,42.32,100.5,0,2.03,82.52,5419.68,1,Credit card,0
105499,19,Female,South,64,Month-to-month,26.39,29.8,43.7,0,0.92,68.46,3959.27,1,Credit card,1
105500,71,Male,,44,Two year,24.85,22.37,197.1,0,1.11,99.15,4038.82,1,Bank transfer,0
105501,30,Male,South,14,Month-to-month,56.89,49.34,64.9,0,5.14,101.98,1454.74,0,Digital wallet,0
105502,19,Female,South,11,Month-to-month,78.25,72.79,289.2,0,2.31,112.83,1243.95,0,Bank transfer,1
105503,59,Male,East,20,Two year,37.15,31.63,135.7,0,4.15,116.54,2253.94,0,Bank transfer,0
105504,48,Male,West,47,One year,50.63,12.28,166.5,0,0.1,47.13,2312.3,0,Bank transfer,1
105505,65,Female,South,26,One year,32.78,29.11,118.6,1,4.27,91.74,2382.65,0,Credit card,0
105506,24,Male,South,47,Month-to-month,30.12,29.45,71.3,2,3.67,69.74,2964.35,1,Credit card,1
105507,22,Female,North,63,Month-to-month,56.49,37.15,116.0,2,3.84,17.24,994.07,0,Digital wallet,0
105508,50,Male,West,24,Two year,70.32,75.9,90.6,2,0.1,77.95,1931.99,0,Credit card,1
105509,68,Male,South,66,Month-to-month,15.61,14.27,36.9,0,2.55,47.13,3246.75,0,Credit card,0
105510,41,Male,North,37,Month-to-month,14.25,15.74,,0,1.27,64.97,2251.94,0,Credit card,0
105511,63,Female,West,57,Month-to-month,24.42,27.99,81.2,1,0.74,36.47,1940.84,0,Bank transfer,0
105512,69,Male,East,5,One year,25.41,25.14,141.2,0,0.1,97.62,442.48,0,Mailed check,1
105513,67,Male,,20,Month-to-month,51.47,59.07,81.1,0,0.88,42.6,781.58,0,Credit card,1
105514,46,Female,North,67,Two year,53.5,21.8,82.9,0,0.78,46.56,2920.89,0,Bank transfer,0
105515,57,Male,South,63,Month-to-month,18.42,18.84,143.9,1,3.68,93.51,6106.39,0,Mailed check,0
105516,47,Male,West,41,Month-to-month,32.3,8.8,80.5,0,1.59,71.87,2711.64,0,Bank transfer,1
105517,56,Male,South,3,Two year,15.89,13.8,352.8,0,2.27,109.86,300.42,0,Credit card,0
105518,50,Male,North,5,Two year,29.58,26.12,64.8,0,4.3,87.2,456.45,0,Mailed check,1
105519,47,Male,East,31,One year,24.21,24.31,173.4,1,2.61,92.5,2627.66,0,Credit card,1
105520,42,Female,South,64,Two year,27.63,31.13,109.0,0,1.43,38.92,2305.68,0,Mailed check,0
105521,55,Male,North,27,Month-to-month,14.6,12.84,483.0,0,2.81,73.72,1948.83,1,Credit card,0
105522,60,Male,West,63,Month-to-month,51.08,52.17,76.7,0,1.32,110.7,6560.59,0,Mailed check,0
105523,70,Female,North,39,Month-to-month,32.73,35.79,157.5,0,0.1,37.8,1418.72,0,Mailed check,0
105524,52,Male,West,10,Month-to-month,32.6,37.33,99.6,2,3.06,65.26,628.14,0,Digital wallet,0
105525,23,Female,West,40,One year,20.67,5.01,18.7,0,3.47,62.51,2465.92,1,Digital wallet,0
105526,51,Male,North,26,Two year,14.32,8.48,105.7,3,2.21,71.86,1687.0,0,Mailed check,0
105527,35,Female,East,17,Month-to-month,31.27,35.09,76.3,0,2.3,84.04,1459.6,0,Bank transfer,0
105528,19,Female,West,48,Month-to-month,69.36,61.16,122.4,1,1.86,68.39,3129.65,0,Digital wallet,0
105529,22,Male,East,15,Two year,25.5,22.27,62.3,0,4.82,115.69,1821.13,0,Bank transfer,1
105530,51,Female,East,65,One year,56.85,51.83,14.2,0,2.95,15.0,1002.62,0,Credit card,0
105531,71,Male,North,58,Month-to-month,29.46,27.51,246.8,0,2.31,15.0,785.32,0,Credit card,0
105532,46,Female,,56,Month-to-month,35.7,39.62,68.0,0,3.95,58.76,3375.82,0,Digital wallet,0
105533,43,Male,East,6,Month-to-month,49.42,51.57,169.3,1,4.09,96.91,540.88,0,Bank transfer,1
105534,23,Female,North,69,Month-to-month,45.15,51.14,95.0,0,3.17,61.1,3794.4,1,Digital wallet,0
105535,56,Female,North,36,Month-to-month,13.47,6.82,121.2,0,3.95,54.47,1778.09,1,Bank transfer,1
105536,21,Female,South,53,Month-to-month,35.36,11.52,114.7,2,3.33,17.51,954.88,0,Credit card,0
105537,65,Male,North,14,Month-to-month,38.63,37.69,80.5,0,2.57,57.35,765.0,0,Bank transfer,1
105538,64,Female,West,55,Month-to-month,46.91,45.64,106.2,1,3.99,51.76,2702.94,0,Bank transfer,0
105539,74,Female,West,23,Month-to-month,25.09,23.43,163.6,0,1.1,60.76,1426.14,0,Bank transfer,0
105540,34,Female,West,51,Month-to-month,15.63,15.34,109.0,0,1.07,61.46,,0,Credit card,0
105541,27,Female,North,20,Month-to-month,56.47,61.39,183.2,0,3.24,82.27,1702.73,0,Credit card,0
105542,35,Male,South,67,Two year,85.68,90.74,76.1,1,1.48,54.11,3786.41,0,Credit card,0
105543,63,Female,West,51,One year,39.0,42.39,99.5,0,3.73,43.7,2035.33,0,Bank transfer,0
105544,30,Female,South,33,Month-to-month,26.08,12.17,46.4,1,2.88,65.45,2076.16,0,Bank transfer,1
105545,68,Male,East,33,Month-to-month,55.04,37.06,127.6,1,5.61,64.52,1994.11,0,Bank transfer,0
105546,26,Female,East,1,One year,26.23,28.83,94.6,0,1.02,34.35,34.1,0,Bank transfer,1
105547,20,Female,South,22,Month-to-month,16.61,7.42,113.4,1,3.9,74.36,1710.03,1,Digital wallet,1
105548,30,Male,North,57,One year,65.88,56.08,238.2,0,1.76,33.39,1988.78,4,Digital wallet,0
105549,60,Male,East,60,Two year,76.33,70.31,95.8,1,2.94,81.31,4877.02,1,Bank transfer,0
105550,52,Male,North,71,Month-to-month,25.03,26.19,222.1,0,3.59,51.84,3740.53,0,Mailed check,0
105551,38,Male,West,7,Month-to-month,26.52,26.09,58.4,0,3.09,36.56,263.85,1,Credit card,0
105552,55,Female,East,18,Month-to-month,22.45,8.88,62.8,1,3.26,134.31,2335.74,0,Bank transfer,1
105553,54,Female,North,55,One year,16.98,15.03,60.0,0,3.13,67.64,3656.76,1,Mailed check,1
105554,49,Female,East,26,Month-to-month,9.88,8.59,42.3,1,2.14,91.43,2451.53,0,Mailed check,0
105555,47,Female,South,18,One year,15.53,17.6,,2,3.79,63.17,1090.19,1,Credit card,1
105556,23,Male,North,20,Month-to-month,38.76,42.81,140.2,2,3.87,97.81,1870.73,0,Bank transfer,1
105557,32,Female,West,66,One year,27.62,26.12,299.1,0,2.0,83.42,5643.45,1,Credit card,1
105558,48,Female,East,61,One year,49.2,51.25,93.2,0,1.33,58.11,3654.46,0,Credit card,0
105559,25,Male,East,1,Month-to-month,63.13,56.44,232.5,2,2.91,89.29,90.55,1,Bank transfer,1
105560,45,Male,West,60,Two year,34.4,30.64,48.2,2,2.82,94.72,5513.57,1,Mailed check,1
105561,24,Female,South,40,Two year,18.58,17.65,64.7,1,0.1,54.59,2100.19,0,Digital wallet,0
105562,62,Female,South,60,Month-to-month,5.93,5.54,90.4,0,2.85,64.63,3558.71,0,Credit card,0
105563,23,Female,North,45,Two year,28.2,32.25,50.1,0,1.3,117.25,5003.73,1,Credit card,0
105564,23,Male,North,49,Two year,18.25,15.65,117.0,1,0.1,69.92,3202.81,2,Bank transfer,0
105565,54,Male,South,41,Month-to-month,15.48,5.48,40.1,0,3.09,92.83,3531.64,1,Credit card,0
105566,30,Male,South,53,One year,35.91,36.42,103.5,0,0.69,85.69,,0,Bank transfer,0
105567,38,Female,East,58,One year,39.21,43.38,99.3,0,4.44,92.31,5348.72,1,Credit card,0
105568,35,Female,South,37,One year,40.86,11.9,127.6,0,3.68,89.96,3029.82,0,Credit card,0
105569,30,Male,East,8,Two year,82.07,53.77,221.2,1,2.87,15.0,110.94,0,Credit card,0
105570,61,Male,West,7,Month-to-month,12.15,10.42,65.7,1,4.59,51.79,345.81,1,Credit card,0
105571,57,Female,West,30,Month-to-month,24.16,24.55,269.4,0,3.95,57.46,1664.92,0,Digital wallet,0
105572,31,Female,South,34,Month-to-month,33.71,9.64,184.0,0,1.16,72.32,2526.52,0,Digital wallet,1
105573,57,Female,West,62,One year,19.64,4.46,126.8,0,4.02,43.01,2415.55,0,Credit card,0
105574,58,Female,West,3,Month-to-month,22.71,21.89,41.0,1,1.47,62.3,174.49,0,Credit card,0
105575,48,Female,North,64,Month-to-month,41.35,11.22,115.4,0,3.88,33.59,2220.38,0,Bank transfer,0
105576,50,Female,South,4,Month-to-month,19.79,5.76,46.6,0,1.87,15.0,57.33,0,Credit card,1
105577,71,Female,North,36,One year,21.68,19.84,148.0,2,0.61,132.14,4440.77,0,Bank transfer,0
105578,43,Female,East,31,Month-to-month,37.58,34.6,77.3,1,3.14,54.27,1661.23,0,Bank transfer,0
105579,39,Male,East,40,Month-to-month,43.6,47.71,206.7,1,1.78,96.87,4045.92,0,Bank transfer,1
105580,48,Female,South,4,Month-to-month,21.64,21.41,211.4,1,4.12,87.46,363.88,1,Mailed check,0
105581,65,Female,West,55,Month-to-month,54.11,46.74,155.2,0,4.46,54.61,2939.99,1,Bank transfer,0
105582,58,Male,South,10,Month-to-month,71.68,69.72,51.7,1,0.1,103.14,944.32,0,Mailed check,1
105583,22,Female,South,56,Month-to-month,15.26,16.71,84.7,0,2.5,42.68,2203.64,0,Credit card,0
105584,44,Male,West,41,One year,39.56,41.8,212.0,0,3.48,63.12,2450.87,1,Digital wallet,0
105585,60,Male,West,64,Month-to-month,40.45,45.98,367.2,1,2.69,80.27,5287.15,1,Credit card,0
105586,30,Male,West,70,Month-to-month,29.59,32.01,73.7,0,2.72,65.8,4697.56,1,Credit card,0
105587,74,Male,North,60,One year,61.96,55.84,116.1,0,2.91,61.06,3833.79,1,Credit card,0
105588,64,Female,North,33,Month-to-month,31.16,27.11,75.0,0,0.1,16.16,520.44,0,Credit card,0
105589,66,Female,North,30,Month-to-month,35.97,35.57,54.0,1,4.9,84.24,,0,Bank transfer,1
105590,22,Male,South,48,Month-to-month,17.33,17.04,61.9,0,3.49,87.87,3996.04,0,Bank transfer,1
105591,51,Female,North,47,Month-to-month,53.73,54.5,101.4,0,1.52,53.0,2432.96,0,Bank transfer,0
105592,48,Female,West,57,Month-to-month,8.22,8.64,31.3,1,1.38,88.36,5079.54,0,Mailed check,0
105593,53,Female,East,35,Two year,42.28,17.44,189.0,1,3.8,71.27,2259.89,1,Bank transfer,0
105594,66,Female,South,33,Month-to-month,24.76,22.93,88.8,0,2.89,92.63,3157.93,0,Credit card,0
105595,38,Female,North,9,One year,24.65,28.27,121.4,0,3.05,84.59,755.18,0,Bank transfer,0
105596,48,Female,,12,Two year,14.44,14.42,119.0,0,3.33,57.58,654.3,0,Digital wallet,0
105597,56,Female,South,59,Month-to-month,21.59,22.98,90.0,0,2.84,117.42,6570.39,1,Credit card,1
105598,60,Female,East,71,One year,23.52,22.88,72.3,0,0.1,42.75,3183.09,0,Digital wallet,0
105599,61,Male,North,43,Month-to-month,30.37,32.05,67.0,1,1.89,15.0,609.37,1,Credit card,0
105600,37,Female,West,25,One year,54.83,62.78,182.6,0,3.34,15.0,368.94,1,Bank transfer,0
105601,74,Male,North,5,Two year,20.09,13.16,41.1,0,3.47,76.13,363.12,0,Credit card,0
105602,18,Female,North,4,Month-to-month,16.84,4.5,154.6,2,1.79,15.0,,1,Credit card,0
105603,46,Female,West,49,Two year,35.53,9.7,159.9,1,2.45,49.16,2320.99,0,Bank transfer,0
105604,52,Female,North,46,Month-to-month,18.87,16.91,66.0,1,4.24,93.0,4163.41,1,Credit card,1
105605,21,Female,North,21,One year,16.15,15.84,79.4,1,4.61,15.0,287.27,1,Credit card,0
105606,43,Female,East,14,Month-to-month,28.14,29.8,125.3,1,3.0,58.98,751.02,0,Credit card,0
105607,51,Female,South,5,Month-to-month,6.57,7.27,119.5,0,3.83,63.12,324.44,0,Digital wallet,0
105608,52,Female,North,49,Month-to-month,19.17,8.03,182.0,2,3.03,26.48,1333.11,1,Bank transfer,1
105609,24,Female,North,44,Two year,56.25,58.56,162.5,1,3.56,71.32,3284.88,0,Digital wallet,0
105610,33,Male,North,24,One year,27.09,24.91,61.8,1,2.49,60.16,1432.37,1,Bank transfer,0
105611,31,Female,South,52,Two year,30.8,32.14,207.4,1,1.6,80.35,3949.65,2,Credit card,0
105612,54,Female,North,61,Month-to-month,24.11,24.99,77.5,0,5.28,63.72,4008.76,0,Bank transfer,0
105613,36,Female,West,37,Month-to-month,47.08,30.69,40.0,0,5.2,52.77,2034.8,1,Credit card,0
105614,50,Female,West,19,Month-to-month,19.37,16.72,32.4,1,2.54,74.04,1327.94,1,Bank transfer,1
105615,59,Female,North,1,Month-to-month,29.38,30.33,151.5,0,3.09,96.75,93.11,1,Bank transfer,1
105616,63,Male,South,57,Month-to-month,9.16,9.25,317.2,0,2.76,99.5,5534.62,0,Mailed check,0
105617,28,Male,North,41,Two year,27.93,26.16,59.0,2,2.58,79.96,3163.38,1,Bank transfer,0
105618,69,Male,North,25,Two year,35.77,23.74,29.2,1,2.64,85.54,2111.98,1,Digital wallet,0
105619,27,Female,North,1,Month-to-month,26.1,24.06,143.0,0,4.26,48.57,50.29,0,Credit card,1
105620,19,Female,West,58,Month-to-month,43.13,29.13,50.1,0,0.9,58.44,3515.94,0,Credit card,1
105621,20,Female,South,66,One year,25.44,27.48,170.9,0,1.58,76.71,4634.99,0,Credit card,0
105622,29,Female,South,35,One year,30.4,8.01,90.5,0,3.9,71.16,2509.23,0,Digital wallet,0
105623,67,Male,East,19,One year,29.1,25.31,62.0,0,2.78,80.27,1401.97,1,Credit card,1
105624,29,Female,West,45,Month-to-month,22.22,12.28,93.0,0,4.44,101.05,4314.96,0,Mailed check,0
105625,57,Female,South,62,Month-to-month,24.12,22.56,234.4,1,2.67,62.1,3694.76,0,Digital wallet,0
105626,41,Female,North,42,Month-to-month,25.21,26.73,27.6,0,3.09,28.0,1218.75,0,Credit card,0
105627,20,Female,West,1,Two year,24.68,12.93,175.1,0,2.25,42.72,40.77,0,Digital wallet,0
105628,43,Male,South,14,One year,63.01,13.56,184.9,0,4.59,70.21,973.33,0,Bank transfer,0
105629,19,Female,East,7,Two year,21.73,11.65,78.0,0,3.87,55.68,387.84,0,Bank transfer,0
105630,45,Female,East,30,Month-to-month,55.73,50.87,148.0,0,0.87,34.3,981.77,0,Digital wallet,0
105631,49,Female,South,33,Month-to-month,17.24,15.26,124.9,0,3.5,63.93,2119.65,0,Credit card,0
105632,47,Male,North,39,Month-to-month,34.34,39.32,183.8,0,4.12,46.51,1775.92,2,Credit card,1
105633,34,Male,North,54,Two year,39.76,40.54,93.5,2,2.51,79.64,4079.4,0,Credit card,0
105634,61,Male,South,8,Month-to-month,16.69,9.15,38.3,0,3.61,426.4172943706941,798.0,0,Bank transfer,0
105635,52,Male,South,67,One year,33.85,31.5,214.6,0,4.52,94.18,5871.91,0,Credit card,0
105636,32,Male,West,19,Month-to-month,9.25,8.29,64.3,0,2.42,41.82,719.16,0,Digital wallet,0
105637,42,Male,East,37,Month-to-month,24.39,12.88,76.9,0,3.08,49.46,1747.18,1,Credit card,0
105638,24,Male,West,15,Month-to-month,31.13,26.52,87.6,0,1.85,26.52,412.73,1,Bank transfer,0
105639,70,Male,West,26,Month-to-month,68.15,73.26,199.0,2,3.37,93.0,2313.99,0,Mailed check,1
105640,60,Female,East,60,Two year,34.72,33.23,,0,1.16,68.45,4242.02,0,Mailed check,0
105641,34,Female,North,4,Two year,17.94,16.29,82.3,1,3.57,104.97,383.01,0,Digital wallet,0
105642,56,Male,South,35,One year,47.36,53.09,84.4,0,4.88,80.22,2725.35,0,Bank transfer,0
105643,56,Female,East,42,Month-to-month,25.09,26.57,122.0,0,,53.87,,0,Credit card,0
105644,52,Male,East,41,One year,16.62,18.17,52.9,2,4.58,20.62,813.77,0,Bank transfer,0
105645,21,Female,North,27,Month-to-month,12.78,13.38,143.8,1,2.55,72.66,1971.25,0,Credit card,1
105646,68,Male,East,27,Two year,38.48,43.29,144.6,0,1.64,117.65,3006.41,0,Digital wallet,1
105647,72,Male,South,65,One year,22.98,21.91,124.0,0,2.3,86.33,5166.63,0,Credit card,0
105648,73,Male,South,18,Month-to-month,35.3,31.66,41.0,1,2.66,61.81,1008.16,0,Digital wallet,1
105649,73,Male,West,35,Month-to-month,6.93,2.13,282.9,3,2.02,86.09,2847.84,0,Credit card,1
105650,70,Male,South,26,Month-to-month,52.94,45.1,151.3,0,4.32,83.3,2182.14,0,Bank transfer,1
105651,60,Male,South,55,Month-to-month,51.03,43.89,260.7,0,2.21,96.73,5162.84,1,Credit card,0
105652,21,Male,East,58,Two year,16.53,18.29,45.4,0,3.09,43.65,2653.26,0,Digital wallet,0
105653,44,Female,East,61,One year,12.02,4.4,58.2,1,5.8,75.88,4324.26,0,Digital wallet,0
105654,31,Female,North,7,Month-to-month,51.81,53.59,67.3,0,2.36,27.82,201.91,1,Bank transfer,1
105655,30,Male,East,7,Month-to-month,18.39,15.89,291.0,0,1.89,18.19,130.32,0,Credit card,0
105656,65,Male,South,27,One year,16.93,8.07,118.6,1,2.05,82.55,2265.17,1,Bank transfer,1
105657,64,Female,East,32,Month-to-month,35.17,9.47,103.5,0,4.29,96.2,3091.97,1,Digital wallet,0
105658,47,Female,North,5,Month-to-month,19.49,17.19,17.9,0,2.47,65.1,293.96,1,Digital wallet,1
105659,59,Female,West,64,One year,22.14,23.45,83.9,0,3.0,62.79,4080.87,1,Bank transfer,0
105660,25,Male,West,64,Month-to-month,65.46,63.2,93.9,1,1.56,73.75,4395.22,0,Credit card,0
105661,30,Female,South,31,Month-to-month,10.33,2.89,127.2,0,2.16,93.88,2750.33,1,Mailed check,0
105662,67,Female,South,55,Month-to-month,26.3,14.45,293.7,0,4.05,87.41,4485.76,0,Bank transfer,0
105663,43,Male,South,41,Month-to-month,48.19,52.16,231.0,0,0.41,73.21,2894.89,1,Credit card,0
105664,49,Female,East,47,Two year,55.2,62.43,90.4,0,0.1,82.2,3601.25,0,Mailed check,1
105665,44,Male,East,62,Two year,47.23,13.36,56.6,2,1.84,85.53,5451.21,1,Mailed check,0
105666,29,Male,East,7,Two year,41.0,44.15,89.4,0,1.99,38.17,267.72,0,Credit card,0
105667,65,Female,West,17,Two year,35.98,7.5,112.1,0,2.18,78.42,1328.65,1,Credit card,1
105668,61,Female,South,31,Month-to-month,27.51,24.88,148.0,0,2.23,32.81,1028.41,0,Credit card,0
105669,56,Female,East,64,Month-to-month,20.88,21.82,9.7,0,2.6,91.92,5574.29,0,Bank transfer,0
105670,38,Male,South,43,One year,22.28,6.52,90.3,0,1.96,86.19,3642.82,0,Credit card,0
105671,54,Male,East,29,Month-to-month,21.09,21.7,94.6,0,4.62,66.53,1922.59,0,Mailed check,1
105672,72,Female,South,3,Two year,30.25,33.41,88.7,0,3.82,60.38,178.33,0,Credit card,0
105673,55,Female,West,43,Month-to-month,22.81,20.76,292.4,0,2.4,93.76,3978.57,1,Mailed check,1
105674,46,Female,North,20,Month-to-month,24.23,25.82,97.9,2,3.95,71.85,1306.57,0,Digital wallet,1
105675,33,Female,North,24,One year,30.74,31.66,106.5,0,0.1,71.44,1660.27,0,Mailed check,0
105676,47,Female,North,71,Two year,40.16,39.89,272.9,0,3.09,73.37,5140.42,0,Credit card,0
105677,39,Male,West,38,One year,25.24,6.0,228.9,0,3.87,75.22,2619.01,0,Credit card,1
105678,52,Male,South,10,One year,30.78,28.85,210.5,1,1.73,94.24,873.93,0,Mailed check,0
105679,20,Male,South,4,Month-to-month,14.52,12.46,123.8,1,3.38,24.78,97.66,0,Credit card,0
105680,28,Male,South,28,One year,23.21,7.92,80.5,0,1.63,62.13,1611.2,0,Credit card,0
105681,62,Male,South,5,One year,8.29,9.05,55.6,1,3.08,15.0,73.26,0,Credit card,0
105682,39,Female,West,31,Month-to-month,42.66,37.64,184.7,1,0.62,75.02,2170.07,1,Bank transfer,0
105683,42,Male,West,30,One year,27.23,26.23,259.5,1,3.93,48.98,1361.48,0,Digital wallet,0
105684,49,Female,West,63,Month-to-month,25.98,25.95,148.1,1,2.58,68.57,4401.66,0,Digital wallet,1
105685,42,Male,West,24,Month-to-month,27.25,15.81,49.5,2,2.93,45.7,1120.42,0,Credit card,0
105686,61,Female,North,20,Two year,29.77,28.25,,0,2.47,44.54,845.81,0,Bank transfer,0
105687,31,Female,North,44,Month-to-month,27.57,28.91,206.8,1,4.21,54.13,2259.05,0,Digital wallet,1
105688,61,Male,East,46,One year,34.72,32.93,59.4,0,2.96,67.05,2966.87,0,Credit card,0
105689,29,Male,East,3,Month-to-month,31.64,31.79,61.4,3,3.99,82.16,229.19,0,Credit card,1
105690,39,Male,North,6,Two year,15.82,13.9,141.8,1,1.76,202.92078310663192,274.52,0,Credit card,1
105691,51,Female,East,12,Month-to-month,4.36,2.59,149.4,1,3.43,68.45,859.0,1,Bank transfer,0
105692,68,Female,North,56,Month-to-month,16.04,15.73,138.1,0,4.94,75.13,4267.38,1,Mailed check,1
105693,31,Female,North,15,Two year,62.38,14.7,221.5,1,5.0,52.75,745.27,0,Mailed check,0
105694,51,Female,South,71,One year,27.11,27.78,105.3,0,0.1,74.48,5038.03,0,Digital wallet,0
105695,21,Male,West,32,Month-to-month,40.17,44.53,76.4,0,2.82,32.59,968.96,0,Credit card,0
105696,22,Female,East,67,Month-to-month,18.96,17.15,176.4,1,0.36,42.41,2855.54,0,Mailed check,1
105697,61,Male,South,18,Month-to-month,27.69,13.44,,0,2.0,91.49,1565.69,0,Digital wallet,1
105698,58,Female,West,31,Two year,20.51,19.51,79.8,1,1.76,74.40073307133216,479.57,0,Mailed check,0
105699,39,Female,West,10,One year,41.01,10.01,162.7,1,3.48,56.51,569.79,1,Mailed check,1
105700,53,Female,South,61,Two year,22.38,6.57,237.6,0,2.37,66.74,3883.35,1,Credit card,0
105701,39,Female,West,43,Two year,42.85,39.76,129.7,0,1.47,71.1,2927.97,0,Credit card,0
105702,33,Female,North,6,Month-to-month,13.59,8.04,50.9,0,3.37,72.05,397.72,0,Bank transfer,1
105703,42,Female,South,53,One year,31.63,28.33,131.8,1,1.02,59.46,3058.46,0,Mailed check,0
105704,35,Male,North,63,One year,17.38,16.79,144.7,3,1.42,55.5,3636.25,0,Credit card,1
105705,64,Male,South,49,Two year,11.64,7.99,92.1,3,2.0,43.8,2137.01,1,Bank transfer,0
105706,41,Female,South,58,One year,42.04,47.19,90.4,0,2.27,103.67,5846.94,0,Credit card,0
105707,36,Male,North,20,Month-to-month,45.52,43.79,42.1,0,2.84,84.23,1619.19,0,Bank transfer,1
105708,48,Male,South,31,Two year,30.25,28.18,68.4,0,2.86,72.32,,0,Bank transfer,0
105709,61,Male,East,61,One year,48.5,55.16,74.2,2,1.64,63.24,3996.51,0,Credit card,0
105710,33,Female,East,44,Two year,24.81,26.41,,0,2.93,50.06,2113.15,0,Mailed check,0
105711,71,Female,North,44,Month-to-month,24.33,23.37,,0,2.69,63.75,2782.91,0,Credit card,0
105712,44,Female,North,55,Month-to-month,57.04,61.31,191.7,1,2.58,40.83,2351.67,2,Credit card,0
105713,55,Female,South,44,One year,4.79,4.98,72.3,2,0.26,99.26,4320.97,2,Bank transfer,1
105714,72,Female,West,9,One year,41.69,46.13,248.3,0,3.23,42.99,388.39,0,Credit card,0
105715,42,Female,West,16,Month-to-month,13.74,12.13,140.1,1,3.42,33.73,556.88,0,Credit card,0
105716,29,Male,South,56,Month-to-month,38.76,39.22,390.1,1,3.67,139.37,7558.15,0,Credit card,0
105717,60,Female,East,18,One year,35.53,11.93,163.8,0,2.76,61.43,1005.17,0,Digital wallet,0
105718,18,Female,East,48,Two year,35.32,37.47,36.3,0,4.13,43.34,2008.93,0,Credit card,1
105719,44,Male,West,34,Month-to-month,35.53,40.83,223.6,0,3.25,84.15,2631.76,0,Digital wallet,0
105720,73,Male,North,45,Month-to-month,24.85,25.6,25.6,2,1.9,31.62,1470.26,0,Credit card,0
105721,41,Female,South,17,Month-to-month,40.36,23.74,28.2,1,2.43,47.65,825.46,0,Mailed check,1
105722,56,Female,East,23,Month-to-month,68.31,60.95,31.6,0,1.66,85.05,1984.63,0,Bank transfer,1
105723,47,Male,South,49,Month-to-month,24.93,28.46,191.7,0,1.04,118.6,5592.72,0,Credit card,0
105724,30,Male,North,13,Month-to-month,22.37,8.3,305.3,0,3.57,90.61,1193.15,0,Bank transfer,1
105725,36,Female,North,22,One year,33.04,32.63,305.9,1,2.14,83.17,1805.43,0,Credit card,0
105726,47,Female,South,71,Month-to-month,48.58,28.77,132.1,1,3.55,99.87,6494.31,1,Credit card,1
105727,23,Female,East,11,Month-to-month,8.79,8.76,89.6,1,5.31,57.88,587.79,1,Credit card,0
105728,41,Female,East,42,Two year,16.3,7.91,104.0,1,4.08,28.39,1220.97,1,Bank transfer,1
105729,41,Female,North,11,Month-to-month,59.97,55.53,105.2,0,1.07,47.51,539.1,2,Credit card,1
105730,65,Female,West,51,One year,33.58,36.74,116.4,1,1.67,99.36,5049.79,3,Bank transfer,0
105731,25,Male,South,10,Month-to-month,38.39,38.72,66.2,0,3.37,35.33,331.1,0,Bank transfer,0
105732,66,Male,West,41,Two year,85.85,40.62,113.2,1,3.14,61.49,2610.99,0,Digital wallet,0
105733,41,Female,North,32,Two year,37.32,42.63,80.1,2,,66.16,2183.47,0,Credit card,0
105734,55,Male,West,50,Month-to-month,26.27,26.42,61.4,0,1.97,75.62,3804.19,0,Mailed check,0
105735,49,Female,West,1,One year,10.71,6.47,253.3,1,0.62,80.17,81.33,1,Bank transfer,0
105736,35,Male,West,37,One year,23.68,21.41,148.9,0,1.12,81.36,2758.59,0,Credit card,0
105737,71,Male,West,39,Month-to-month,30.89,33.4,147.6,0,4.3,139.08,5496.77,0,Credit card,0
105738,30,Male,South,18,One year,47.94,42.88,118.1,1,2.76,84.25,1564.12,0,Bank transfer,1
105739,20,Male,East,22,Month-to-month,39.24,36.69,66.3,0,3.77,101.24,2231.26,0,Bank transfer,1
105740,60,Female,East,51,Month-to-month,32.46,36.74,111.5,0,2.01,66.57,3530.68,1,Credit card,0
105741,53,Female,South,40,Two year,42.33,23.2,299.4,0,1.42,115.07,4205.11,0,Credit card,1
105742,68,Female,West,42,Month-to-month,25.01,28.59,149.1,0,3.5,45.66,1771.23,0,Credit card,0
105743,44,Male,North,67,Month-to-month,7.62,8.25,101.4,1,0.53,90.62,6365.04,0,Digital wallet,0
105744,18,Female,South,29,Month-to-month,23.16,21.12,137.2,2,3.25,62.53,1871.09,1,Credit card,1
105745,19,Male,West,62,Two year,31.41,33.69,88.6,0,4.95,89.86,5230.86,0,Bank transfer,0
105746,42,Male,North,70,Month-to-month,28.94,29.75,85.8,0,0.1,78.92,5742.52,1,Bank transfer,0
105747,32,Male,North,41,Month-to-month,42.89,42.2,197.6,1,1.11,97.29,3620.86,0,Credit card,0
105748,70,Male,South,16,One year,28.92,19.82,118.5,3,2.48,77.82,1205.21,1,Bank transfer,1
105749,24,Male,West,30,One year,27.85,27.4,153.0,0,1.82,63.97,1782.91,0,Bank transfer,0
105750,68,Male,West,4,Month-to-month,84.18,82.99,,0,2.33,90.38,375.48,0,Bank transfer,0
105751,30,Male,North,50,Two year,14.95,14.16,172.1,0,5.83,44.63,2341.82,0,Digital wallet,1
105752,24,Female,East,20,Month-to-month,37.92,38.36,85.1,0,1.54,20.93,383.7,0,Credit card,0
105753,33,Female,East,66,One year,15.76,6.01,94.3,0,2.2,15.0,1022.13,0,Credit card,0
105754,26,Male,East,47,One year,28.71,24.71,283.6,0,1.03,110.66,4732.17,0,Credit card,0
105755,40,Male,East,35,Month-to-month,53.77,36.43,31.4,0,0.4,71.67,2610.7,0,Bank transfer,0
105756,36,Male,West,14,Two year,38.68,42.73,169.4,0,3.17,77.21,1122.16,0,Bank transfer,0
105757,48,Female,South,8,One year,39.53,44.24,125.3,0,0.1,56.41,460.32,3,Digital wallet,1
105758,48,Female,North,48,Month-to-month,28.26,17.34,97.3,0,0.55,73.21,3176.73,1,Credit card,0
105759,18,Male,East,55,Month-to-month,47.72,46.16,67.8,0,2.57,47.57,2459.79,0,Credit card,0
105760,25,Male,South,19,Month-to-month,45.54,51.67,217.1,1,3.38,64.7,1205.1,0,Bank transfer,0
105761,27,Male,South,1,Two year,22.37,24.23,303.6,2,1.2,20.2,19.54,0,Bank transfer,1
105762,29,Male,North,23,Month-to-month,83.77,92.51,93.5,0,1.39,18.17,403.77,2,Digital wallet,1
105763,23,Male,North,55,Two year,18.35,8.2,160.0,0,0.1,32.51,1794.36,1,Credit card,0
105764,35,Male,West,42,Month-to-month,83.32,93.1,156.5,0,3.26,43.94,1701.38,0,Credit card,0
105765,49,Female,North,7,Two year,46.48,20.94,163.4,0,2.55,99.42,692.38,0,Mailed check,0
105766,35,Female,East,9,Two year,15.24,14.51,48.5,1,2.52,128.54,1067.08,0,Credit card,0
105767,36,Female,West,8,Month-to-month,19.47,21.3,204.8,1,,93.83,705.38,0,Bank transfer,1
105768,44,Male,North,54,Month-to-month,35.11,31.37,37.9,1,3.72,15.0,800.86,0,Credit card,0
105769,49,Male,North,56,Two year,11.53,7.5,155.3,1,1.75,109.41,6148.5,0,Credit card,0
105770,36,Male,South,29,Month-to-month,44.0,50.3,230.7,0,3.83,55.57,1506.1,0,Mailed check,0
105771,30,Male,South,49,Month-to-month,35.38,36.39,81.8,0,1.52,26.04,1207.76,0,Credit card,0
105772,41,Male,South,2,Two year,42.76,45.25,123.5,1,2.99,112.76,228.75,0,Digital wallet,0
105773,19,Male,East,40,Two year,42.71,40.23,174.4,0,1.37,55.04,2172.27,0,Bank transfer,0
105774,46,Male,North,20,One year,35.13,30.19,96.2,0,3.94,41.09,777.94,2,Digital wallet,0
105775,71,Male,North,59,Two year,22.75,11.23,63.5,0,0.69,51.67,2994.37,1,Credit card,1
105776,40,Female,North,35,One year,0.0,0.0,162.6,0,2.95,56.99,1834.18,1,Bank transfer,0
105777,24,Female,South,61,One year,78.37,69.95,55.1,0,0.67,80.37,4721.78,0,Credit card,0
105778,58,Female,South,40,Month-to-month,34.92,34.31,27.1,0,1.86,70.34,2864.66,1,Bank transfer,1
105779,25,Male,West,33,One year,19.25,18.05,119.9,1,3.46,48.97,1667.73,1,Credit card,1
105780,29,Male,North,68,One year,27.94,31.67,96.5,0,0.79,16.45,1007.99,0,Credit card,0
105781,26,Female,South,71,One year,52.13,19.23,164.0,0,3.2,45.51,3248.12,1,Mailed check,0
105782,68,Female,East,33,Two year,32.8,36.16,125.4,1,3.63,71.29,2121.17,0,Credit card,0
105783,73,Female,East,26,Month-to-month,15.84,16.03,331.5,1,0.1,46.82,1231.5,1,Credit card,1
105784,50,Male,East,46,One year,37.37,41.32,221.6,2,3.21,68.68,3245.96,0,Credit card,0
105785,53,Female,North,13,Month-to-month,15.49,15.89,133.8,0,4.19,65.2,880.18,0,Bank transfer,0
105786,54,Female,East,28,Month-to-month,50.73,57.13,206.7,1,1.38,93.71,2398.38,0,Credit card,0
105787,52,Female,South,61,Month-to-month,30.11,32.33,240.9,1,1.21,72.19,3971.08,1,Digital wallet,0
105788,49,Female,West,64,Two year,27.54,29.49,240.9,0,0.1,86.95,5315.92,0,Credit card,0
105789,74,Male,North,30,Month-to-month,29.59,27.6,59.0,1,1.06,59.49,1674.32,1,Credit card,0
105790,59,Female,East,28,One year,25.7,27.97,67.7,1,4.03,106.11,2857.32,0,Bank transfer,0
105791,23,Female,East,63,One year,45.41,10.02,265.5,1,1.87,53.7,3129.07,2,Bank transfer,1
105792,40,Male,East,15,Two year,18.04,19.52,122.2,0,3.25,44.0,670.28,0,Credit card,0
105793,73,Male,North,5,One year,23.64,8.27,126.9,0,1.56,98.54,491.83,0,Credit card,1
105794,41,Male,East,6,Month-to-month,60.51,52.9,151.6,0,2.33,49.34,283.96,0,Bank transfer,1
105795,29,Female,East,8,Month-to-month,79.6,24.57,105.7,0,4.37,37.82,304.2,0,Mailed check,1
105796,67,Male,South,63,One year,27.02,23.44,280.3,0,4.52,37.07,2222.42,1,Credit card,0
105797,53,Female,South,3,Month-to-month,30.15,33.6,140.5,1,2.73,52.57,155.44,0,Credit card,1
105798,50,Female,North,24,Month-to-month,20.57,23.53,194.8,0,2.19,58.37,1355.81,1,Digital wallet,1
105799,41,Male,North,43,Month-to-month,16.6,17.13,91.5,1,1.31,75.41,3079.95,0,Credit card,0
105800,25,Male,West,44,Month-to-month,8.33,7.51,100.2,1,3.7,84.31,3371.05,0,Credit card,0
105801,39,Female,South,60,Two year,7.05,1.87,66.3,0,2.32,65.77,3738.37,0,Bank transfer,0
105802,42,Female,East,70,Two year,26.56,25.94,251.9,0,4.44,88.74,6025.3,0,Credit card,0
105803,71,Male,East,29,One year,51.19,43.84,180.9,0,0.1,85.42,2341.9,0,Credit card,1
105804,35,Female,East,17,Month-to-month,25.11,27.54,110.2,0,1.85,41.91,745.04,1,Credit card,1
105805,26,Male,East,7,Two year,55.27,48.69,181.1,1,2.28,40.62,263.86,1,Digital wallet,0
105806,42,Female,East,64,One year,20.2,19.2,171.0,3,3.27,53.89,3304.32,0,Credit card,0
105807,74,Female,South,27,Two year,55.04,29.52,62.1,1,0.56,15.0,406.12,0,Bank transfer,0
105808,45,Female,North,64,Month-to-month,94.34,96.12,102.6,0,2.3,67.04,4034.97,0,Credit card,0
105809,39,Male,West,25,Month-to-month,33.5,35.49,57.4,1,3.96,59.38,1448.72,0,Credit card,1
105810,56,Male,West,54,One year,0.0,0.0,,1,2.97,105.78,5757.11,0,Credit card,0
105811,54,Female,South,46,Two year,12.77,14.33,53.9,0,3.0,92.52,4443.9,1,Credit card,0
105812,35,Female,West,51,Month-to-month,12.28,11.99,70.0,3,1.28,57.55,2879.95,0,Bank transfer,0
105813,73,Female,West,47,Month-to-month,19.15,17.37,78.5,1,2.17,89.47,4244.69,0,Digital wallet,0
105814,51,Male,South,22,One year,48.55,12.01,373.3,1,0.96,60.98,1370.01,0,Bank transfer,1
105815,21,Female,East,8,Two year,21.74,19.19,95.9,0,4.02,76.81,585.11,0,Credit card,0
105816,41,Female,East,1,One year,48.17,50.46,187.3,1,,16.76,16.24,2,Credit card,0
105817,70,Male,North,30,Two year,19.49,7.08,158.1,1,2.69,51.09,1578.49,0,Digital wallet,0
105818,40,Female,North,64,One year,89.01,79.1,139.9,0,2.77,69.16,4407.9,1,Credit card,0
105819,50,Male,South,46,Two year,60.97,63.87,200.9,0,4.32,58.39,2424.44,0,Credit card,0
105820,52,Female,West,48,Month-to-month,28.84,28.46,134.0,2,5.53,97.4,4837.21,0,Bank transfer,1
105821,58,Female,South,19,Month-to-month,19.27,18.79,66.4,1,2.62,74.02,1351.01,0,Bank transfer,0
105822,67,Female,West,35,One year,57.25,15.47,149.2,0,2.62,80.37,2834.59,0,Bank transfer,0
105823,26,Male,East,29,One year,18.85,17.5,170.7,0,3.1,70.43,1943.12,0,Credit card,1
105824,47,Female,East,10,Month-to-month,17.51,19.62,56.5,0,4.68,65.5,641.26,1,Mailed check,1
105825,48,Female,North,44,Month-to-month,20.83,10.4,132.8,0,3.66,88.08,3770.43,1,Mailed check,0
105826,26,Female,South,26,One year,33.68,35.86,195.3,0,3.1,109.72,2596.57,1,Bank transfer,0
105827,56,Male,North,29,Two year,51.53,51.91,19.9,0,3.66,15.0,417.19,1,Credit card,0
105828,24,Female,North,43,Month-to-month,18.89,18.46,115.8,0,3.13,39.79,1603.63,0,Digital wallet,0
105829,44,Male,North,3,Two year,49.53,47.46,309.8,3,0.41,66.5,197.46,0,Bank transfer,1
105830,36,Female,North,67,Month-to-month,32.92,31.92,80.8,0,4.11,98.72,6904.52,0,Digital wallet,0
105831,26,Female,North,16,Month-to-month,14.51,16.05,97.7,1,1.31,84.71,1378.29,1,Credit card,1
105832,64,Female,East,49,Month-to-month,15.11,6.25,153.0,0,2.37,44.64,2268.14,0,Bank transfer,0
105833,31,Female,,56,Month-to-month,9.97,9.73,84.6,0,1.34,55.25,3013.21,0,Credit card,0
105834,32,Female,North,11,Month-to-month,12.19,10.38,83.3,0,2.11,83.84,837.02,0,Bank transfer,1
105835,66,Female,West,18,One year,68.06,76.7,230.1,1,2.86,50.04,843.73,0,Credit card,0
105836,68,Female,South,30,One year,30.06,20.05,98.6,0,4.54,72.1,2102.78,0,Credit card,0
105837,19,Female,West,59,Month-to-month,18.02,18.52,196.4,1,1.87,48.0,2701.45,0,Digital wallet,0
105838,33,Male,East,46,Two year,29.07,26.15,61.1,0,4.7,77.22,3442.12,0,Digital wallet,0
105839,58,Male,North,34,Two year,11.58,10.28,97.1,0,0.1,80.92,2835.85,1,Bank transfer,0
105840,62,Female,West,61,Month-to-month,19.15,9.66,94.5,1,0.65,15.0,825.27,0,Bank transfer,0
105841,74,Male,West,34,Month-to-month,39.26,22.87,98.9,0,1.23,109.97,3483.69,0,Credit card,1
105842,49,Female,East,63,Month-to-month,3.21,3.09,61.3,1,3.65,112.69,7420.42,0,Digital wallet,1
105843,18,Male,South,55,One year,8.23,3.03,90.6,1,1.1,15.0,817.24,0,Credit card,0
105844,67,Male,South,13,Month-to-month,18.64,19.27,115.0,2,0.63,59.29,736.22,0,Credit card,0
105845,27,Female,South,28,One year,16.04,18.16,33.8,1,5.19,24.21,630.63,0,Bank transfer,0
105846,24,Female,West,2,One year,50.27,43.55,82.0,0,2.3,15.0,28.93,0,Mailed check,0
105847,56,Male,South,17,One year,18.64,10.76,,2,4.73,85.27,1480.52,1,Digital wallet,0
105848,52,Male,North,2,Month-to-month,37.41,35.76,73.8,0,4.05,110.3,230.99,0,Mailed check,1
105849,21,Female,North,8,Month-to-month,11.91,6.76,130.2,0,3.71,64.42,484.2,0,Credit card,0
105850,27,Male,North,1,Month-to-month,39.18,36.32,70.4,0,4.39,104.06,106.23,0,Mailed check,1
105851,51,Male,North,48,Two year,26.69,18.56,109.3,0,2.1,48.45,2106.53,0,Credit card,0
105852,32,Female,South,30,One year,62.69,33.26,26.8,0,0.77,28.76,873.78,0,Digital wallet,0
105853,56,Female,West,34,One year,11.71,11.43,149.7,0,3.28,55.26,1928.41,0,Bank transfer,0
105854,41,Female,North,55,One year,14.64,9.63,83.4,0,1.97,45.42,2362.69,0,Credit card,0
105855,51,Female,South,58,Month-to-month,89.26,97.08,183.8,0,3.4,75.73,4418.25,0,Digital wallet,0
105856,45,Female,,38,Month-to-month,49.35,44.3,102.5,1,3.85,92.19,3658.73,0,Credit card,0
105857,38,Female,South,33,Month-to-month,20.8,23.51,88.0,0,1.29,36.14,1192.15,0,Credit card,0
105858,37,Male,East,47,Month-to-month,12.39,11.48,76.2,0,1.61,31.15,1447.81,1,Credit card,1
105859,57,Male,South,30,Month-to-month,16.91,10.71,82.9,1,,86.97,2380.56,1,Digital wallet,0
105860,47,Male,West,32,Month-to-month,52.09,56.04,81.0,1,4.4,56.25,1678.68,0,Credit card,1
105861,51,Female,West,22,One year,30.44,20.07,69.6,3,1.32,84.48,1748.56,2,Credit card,1
105862,50,Female,West,14,Month-to-month,21.39,22.29,73.4,0,5.25,44.42,575.16,0,Bank transfer,0
105863,29,Male,West,15,Month-to-month,22.12,22.43,298.3,0,0.1,48.56,665.64,0,Bank transfer,1
105864,70,Female,South,47,Month-to-month,31.46,34.7,104.2,0,4.93,90.63,4396.3,0,Credit card,0
105865,50,Male,East,59,Month-to-month,17.23,8.38,34.3,2,2.86,85.53,4689.93,0,Digital wallet,0
105866,58,Female,South,31,Month-to-month,49.99,51.59,34.4,1,3.3,99.81,3185.4,0,Credit card,0
105867,68,Male,West,7,Month-to-month,80.77,87.62,302.6,2,3.36,59.77,435.37,2,Credit card,1
105868,70,Male,North,44,Month-to-month,41.36,42.47,101.8,1,0.1,97.37,4123.0,0,Bank transfer,0
105869,56,Male,North,65,Two year,30.47,32.49,53.5,1,2.08,76.13,4663.27,0,Credit card,0
105870,62,Male,North,38,Month-to-month,21.96,6.85,195.8,0,2.28,75.13,2911.83,0,Digital wallet,0
105871,44,Female,East,2,Month-to-month,32.92,28.45,25.5,1,4.32,43.65,91.39,0,Bank transfer,0
105872,60,Male,East,6,Month-to-month,7.79,8.13,74.7,1,2.38,81.51,450.91,0,Bank transfer,1
105873,36,Male,North,38,Month-to-month,34.19,16.84,112.5,0,4.64,58.64,2118.39,0,Credit card,0
105874,58,Female,South,62,One year,48.0,53.6,123.2,0,5.23,111.52,7020.92,1,Digital wallet,0
105875,22,Male,South,5,Month-to-month,25.89,27.06,56.3,0,3.38,64.96,292.58,1,Bank transfer,1
105876,70,Female,West,54,Two year,72.36,79.26,75.8,0,2.79,60.46,3123.91,0,Mailed check,0
105877,31,Female,North,56,Two year,28.39,18.76,163.1,1,0.97,96.94,4985.94,2,Digital wallet,1
105878,55,Female,North,4,One year,50.6,34.73,231.6,0,3.47,67.1,274.36,0,Bank transfer,1
105879,18,Female,East,16,Month-to-month,44.65,51.23,172.7,0,2.05,43.71,656.56,0,Digital wallet,0
105880,26,Male,East,1,Month-to-month,10.2,9.15,134.8,2,4.62,26.71,26.52,1,Credit card,1
105881,74,Female,West,41,Month-to-month,56.39,59.59,87.6,0,0.33,42.63,1723.69,0,Digital wallet,1
105882,65,Female,East,13,One year,34.19,38.26,144.9,0,1.52,19.34,261.31,0,Credit card,0
105883,30,Female,West,66,Month-to-month,39.11,33.58,160.1,1,3.93,62.65,3769.88,0,Credit card,0
105884,25,Female,South,7,One year,21.67,19.55,228.2,0,5.12,86.49,588.55,0,Credit card,0
105885,64,Male,South,47,Month-to-month,24.79,22.93,109.5,0,3.62,50.78,2468.35,3,Credit card,1
105886,74,Male,West,56,Month-to-month,8.46,5.69,359.1,1,4.46,128.3,7036.74,1,Bank transfer,0
105887,27,Female,North,13,Month-to-month,41.22,17.34,187.5,2,2.82,29.56,401.23,0,Bank transfer,1
105888,55,Female,West,18,Month-to-month,30.0,33.42,103.0,2,5.11,78.25,1318.59,0,Digital wallet,0
105889,34,Male,North,57,One year,39.05,44.64,207.4,0,2.92,75.88,4204.03,1,Credit card,0
105890,60,Male,South,7,One year,43.67,49.09,89.9,3,3.34,54.42,388.73,0,Credit card,1
105891,41,Male,North,32,Month-to-month,32.41,19.51,75.1,1,2.89,61.11,1891.07,0,Digital wallet,1
105892,25,Male,East,18,Month-to-month,40.9,40.58,35.0,0,2.18,106.57,1798.51,0,Credit card,1
105893,36,Male,West,1,Two year,11.77,12.36,294.9,2,3.22,91.82,84.16,0,Bank transfer,1
105894,48,Female,North,33,Month-to-month,24.62,21.7,88.0,0,2.96,88.39,2996.11,0,Bank transfer,0
105895,63,Female,North,35,One year,17.6,20.13,158.9,0,3.27,41.62,1342.07,0,Bank transfer,0
105896,19,Female,South,25,Month-to-month,7.38,8.36,189.0,1,0.1,77.39,1780.13,0,Digital wallet,1
105897,72,Male,North,58,One year,34.04,15.12,90.1,3,1.28,85.42,4746.39,0,Digital wallet,1
105898,55,Female,South,7,One year,72.33,74.42,95.4,1,1.81,86.63,630.3,0,Credit card,0
105899,67,Female,West,31,Month-to-month,4.61,2.52,34.4,1,0.35,30.08,920.1,0,Digital wallet,0
105900,71,Female,North,13,Month-to-month,35.4,31.61,58.4,2,1.18,73.52,912.28,0,Credit card,1
105901,26,Male,South,54,Month-to-month,23.16,26.27,42.3,2,3.64,73.28,4106.34,0,Credit card,0
105902,23,Male,South,40,Month-to-month,21.63,24.2,336.5,2,3.06,92.99,3505.39,1,Credit card,1
105903,62,Male,North,51,One year,39.54,45.36,99.5,2,4.05,58.4,2691.97,0,Credit card,0
105904,28,Female,North,8,Month-to-month,40.52,40.61,73.3,0,3.94,36.16,275.9,0,Mailed check,0
105905,26,Male,East,33,Month-to-month,24.84,23.71,85.5,0,4.06,41.29,1355.09,2,Credit card,1
105906,44,Female,East,4,Two year,24.73,10.28,111.7,2,2.64,74.08,306.38,0,Credit card,1
105907,70,Male,West,23,Two year,35.73,34.41,66.6,1,4.6,94.05,2149.02,0,Bank transfer,1
105908,63,Female,South,68,Month-to-month,3.11,1.09,156.2,0,1.72,55.85,3751.15,0,Bank transfer,1
105909,47,Male,East,52,One year,45.49,19.15,189.1,0,4.52,72.32,3791.09,0,Digital wallet,0
105910,29,Male,West,6,Month-to-month,13.87,13.86,100.7,0,3.9,15.0,83.82,0,Digital wallet,0
105911,37,Female,West,27,One year,55.17,61.99,77.5,1,3.55,15.0,418.45,1,Digital wallet,1
105912,57,Female,West,62,Month-to-month,25.0,22.22,89.1,0,2.54,76.9,4712.7,1,Credit card,1
105913,26,Female,North,13,One year,60.02,21.22,,1,1.55,76.46,973.76,1,Bank transfer,0
105914,47,Male,West,54,Month-to-month,16.91,6.96,96.1,1,2.57,82.88,4457.95,0,Bank transfer,1
105915,18,Male,West,23,Month-to-month,25.49,26.63,165.3,0,0.29,15.0,315.5,1,Bank transfer,0
105916,36,Male,West,34,Two year,18.62,10.03,259.6,1,4.12,101.37,3428.14,1,Credit card,1
105917,32,Female,East,63,Month-to-month,57.11,64.22,134.7,1,1.85,50.99,2948.56,0,Credit card,0
105918,56,Male,West,48,Month-to-month,20.63,19.23,163.2,0,1.94,49.85,2333.28,0,Credit card,0
105919,70,Male,South,21,Month-to-month,24.9,25.09,101.9,2,0.1,81.68,1755.42,0,Mailed check,1
105920,26,Female,East,1,One year,31.43,34.21,200.2,2,0.99,67.05,61.82,1,Bank transfer,1
105921,63,Male,East,17,Month-to-month,17.4,5.23,68.8,1,6.49,107.32,1752.06,0,Bank transfer,1
105922,55,Male,East,30,One year,39.47,39.64,48.8,0,1.59,82.99,2476.42,0,Credit card,1
105923,73,Male,West,10,Month-to-month,31.59,31.85,98.9,1,4.09,103.55,1032.54,0,Credit card,1
105924,69,Female,North,63,One year,17.61,19.02,143.7,1,0.61,54.58,3178.81,0,Bank transfer,0
105925,23,Male,South,4,Two year,26.4,14.21,46.7,1,0.51,95.66,363.47,0,Digital wallet,0
105926,60,Male,South,39,Month-to-month,21.22,19.08,285.2,0,2.49,15.0,527.99,0,Bank transfer,0
105927,51,Male,East,70,One year,35.05,37.31,60.9,1,2.61,62.89,4487.78,0,Credit card,1
105928,24,Female,East,24,Month-to-month,16.5,3.91,84.0,1,1.61,31.4,770.18,0,Digital wallet,1
105929,32,Female,West,39,Month-to-month,25.4,28.56,143.9,1,2.5,68.29,2610.05,1,Bank transfer,0
105930,70,Male,West,6,One year,33.21,29.25,132.1,0,1.35,69.61,437.16,0,Bank transfer,0
105931,48,Male,East,52,Two year,18.63,3.74,203.9,1,4.33,88.93,4238.4,0,Credit card,0
105932,37,Male,North,70,Two year,22.78,7.21,167.9,1,5.53,71.41,4977.62,0,Mailed check,0
105933,36,Female,East,55,Two year,25.71,22.32,62.1,0,4.08,46.77,2392.58,0,Credit card,0
105934,65,Male,West,11,Month-to-month,15.89,13.92,86.0,0,0.46,53.6,561.48,1,Mailed check,0
105935,34,Male,East,26,One year,13.47,14.42,151.4,0,3.18,70.16,1653.91,0,Credit card,1
105936,27,Male,West,52,Month-to-month,73.66,71.26,101.5,0,1.64,48.94,2343.16,1,Credit card,0
105937,50,Female,West,57,Two year,7.45,7.37,61.2,0,1.64,94.87,5163.1,0,Bank transfer,0
105938,74,Female,South,29,One year,19.76,5.95,26.8,1,3.57,55.73,,0,Credit card,0
105939,28,Female,East,69,Month-to-month,25.91,27.68,230.7,0,2.67,90.71,6089.54,0,Digital wallet,0
105940,32,Male,South,15,Two year,30.0,30.21,83.3,0,2.68,48.15,755.83,0,Bank transfer,0
105941,44,Male,South,53,One year,45.8,47.18,150.4,1,2.58,80.67,4360.78,0,Bank transfer,0
105942,29,Male,North,36,Two year,12.78,14.12,64.2,1,1.16,59.79,1954.23,0,Bank transfer,0
105943,55,Male,North,51,One year,12.02,7.41,135.4,1,0.98,94.19,4342.95,0,Bank transfer,0
105944,32,Female,North,43,Two year,20.01,19.72,30.9,1,2.08,112.88,5028.66,0,Bank transfer,0
105945,25,Female,East,31,Month-to-month,28.02,31.17,63.5,0,2.21,70.23,2131.72,0,Mailed check,1
105946,32,Male,North,58,Month-to-month,24.75,24.93,91.4,2,3.12,112.56,6841.44,2,Bank transfer,1
105947,71,Female,South,60,One year,38.16,37.04,68.9,1,3.83,61.21,3326.52,0,Bank transfer,0
105948,71,Male,South,59,Month-to-month,7.74,7.18,75.5,0,2.24,70.01,4286.87,0,Credit card,0
105949,46,Female,South,7,Month-to-month,20.74,22.18,171.6,0,2.77,62.36,436.71,0,Bank transfer,0
105950,40,Female,West,31,Two year,34.75,36.03,82.9,1,3.88,39.93,1202.79,1,Bank transfer,0
105951,64,Male,South,54,Two year,26.06,15.06,56.0,0,2.12,101.61,5159.15,0,Credit card,0
105952,29,Female,North,62,Two year,53.48,58.43,83.8,0,3.15,68.93,4173.44,0,Bank transfer,0
105953,55,Female,West,26,Month-to-month,24.34,24.68,26.0,1,2.83,262.9662512103971,1424.22,0,Digital wallet,0
105954,56,Male,,53,Month-to-month,3.6,3.99,93.7,1,2.02,47.14,2332.51,2,Digital wallet,0
105955,58,Male,East,41,Two year,54.63,29.13,89.2,0,0.59,112.35,4718.74,0,Digital wallet,1
105956,30,Female,West,16,Month-to-month,50.11,27.72,93.4,0,,61.43,,0,Bank transfer,0
105957,58,Male,North,64,Month-to-month,39.32,36.81,43.4,0,4.06,61.17,3899.07,0,Credit card,0
105958,52,Male,West,32,Month-to-month,75.25,80.45,124.0,0,0.1,397.372368808489,2835.15,0,Bank transfer,0
105959,67,Female,North,43,Two year,28.68,15.24,98.1,0,5.16,103.7,4618.88,1,Credit card,0
105960,27,Female,South,21,Month-to-month,25.1,24.3,226.8,1,1.49,52.14,1044.74,0,Bank transfer,0
105961,52,Female,North,2,Month-to-month,44.45,39.3,179.6,2,0.1,80.64,160.18,0,Digital wallet,1
105962,65,Male,West,33,Month-to-month,31.2,31.46,64.7,1,1.69,80.59,2571.32,0,Credit card,1
105963,33,Female,North,52,Month-to-month,25.68,23.61,63.2,0,0.1,60.64,2986.04,0,Digital wallet,0
105964,60,Male,North,24,One year,12.16,10.56,182.9,0,0.1,55.44,,0,Credit card,1
105965,23,Female,North,66,One year,11.31,10.84,57.5,1,2.65,49.81,3084.21,0,Digital wallet,0
105966,58,Female,East,54,One year,19.21,21.96,60.3,0,0.15,91.0,4892.02,0,Credit card,0
105967,52,Male,North,46,Month-to-month,23.62,26.41,129.7,1,0.23,71.32,3089.25,0,Credit card,0
105968,28,Female,South,58,Month-to-month,42.27,25.92,75.2,0,2.58,66.99,3848.77,1,Digital wallet,1
105969,21,Female,South,62,Month-to-month,58.56,66.99,130.3,1,2.61,47.16,2964.66,1,Bank transfer,0
105970,60,Female,West,52,Two year,64.4,55.29,32.8,0,3.25,91.02,4580.51,0,Mailed check,0
105971,31,Male,North,59,Month-to-month,55.83,50.01,83.4,0,2.85,72.94,4153.42,2,Credit card,0
105972,46,Female,West,51,Month-to-month,17.71,16.31,193.3,1,2.41,43.28,2149.56,0,Bank transfer,0
105973,21,Male,South,62,Month-to-month,28.28,30.29,62.1,0,3.35,56.34,3424.46,0,Bank transfer,0
105974,72,Male,North,8,Two year,21.16,24.19,77.2,0,3.86,84.04,656.64,0,Credit card,0
105975,49,Male,North,25,One year,26.18,25.45,92.3,0,2.59,20.99,484.84,1,Credit card,0
105976,71,Female,North,64,Month-to-month,28.72,29.44,79.7,1,3.26,64.13,4062.02,0,Digital wallet,0
105977,27,Female,South,34,One year,15.41,13.5,32.8,0,0.1,85.9,2961.53,0,Bank transfer,0
105978,29,Female,North,2,Month-to-month,36.11,37.51,184.7,0,1.84,71.21,143.82,2,Mailed check,0
105979,52,Male,West,61,One year,20.44,22.9,96.7,0,4.65,83.46,5087.31,0,Credit card,0
105980,52,Female,South,47,Two year,25.22,26.42,136.1,2,1.65,15.0,676.2,0,Credit card,0
105981,63,Male,North,65,One year,14.32,6.69,200.5,1,3.25,32.49,2069.54,0,Credit card,0
105982,70,Male,South,2,Two year,40.91,42.8,76.8,1,2.85,87.41,178.02,0,Mailed check,0
105983,64,Female,North,11,Month-to-month,31.57,31.46,125.3,1,1.55,75.09,760.58,0,Digital wallet,1
105984,25,Female,North,37,Month-to-month,29.12,6.08,11.7,0,3.18,58.37,2099.27,0,Mailed check,0
105985,35,Female,South,13,One year,56.96,56.11,19.2,1,1.81,71.93,907.04,1,Mailed check,0
105986,70,Male,North,37,One year,19.43,18.67,104.5,2,1.76,80.1,2948.41,0,Credit card,1
105987,49,Female,North,25,Month-to-month,40.93,44.86,39.2,3,1.74,52.87,1332.64,1,Digital wallet,1
105988,67,Female,West,15,Month-to-month,22.31,23.28,137.9,0,1.19,47.69,667.18,0,Digital wallet,0
105989,50,Female,East,55,Month-to-month,90.26,84.84,153.0,0,0.99,31.67,1616.05,0,Credit card,0
105990,20,Male,West,3,Month-to-month,47.85,48.11,68.0,1,1.76,101.38,280.66,1,Bank transfer,1
105991,44,Male,North,63,Two year,68.09,60.24,146.9,0,2.6,66.84,4192.89,0,Bank transfer,1
105992,65,Female,West,11,Month-to-month,30.57,26.4,87.5,0,1.93,103.06,1121.89,1,Credit card,0
105993,55,Female,South,42,Two year,49.64,31.35,,2,1.83,31.52,1226.98,1,Credit card,0
105994,25,Female,North,71,Month-to-month,19.48,17.35,45.9,1,6.35,68.26,4797.41,1,Digital wallet,1
105995,29,Female,West,9,One year,6.36,2.77,96.3,1,3.58,35.26,322.92,1,Credit card,0
105996,66,Male,North,66,Two year,24.02,26.67,120.7,0,0.1,108.98,6634.46,0,Credit card,0
105997,73,Female,South,22,One year,30.87,20.5,166.0,0,2.88,133.13,2727.01,2,Mailed check,0
105998,60,Male,West,53,Two year,54.17,50.22,158.6,0,2.93,96.35,4765.17,0,Digital wallet,0
105999,23,Female,East,61,Month-to-month,30.16,34.35,81.1,1,7.76,37.02,2257.15,0,Credit card,0
